report_date	app_id	media_source	campaign_id	campaign_name	cost_usd	impressions	clicks	installs_count	ad_revenue_usd	iap_revenue_usd	total_revenue_usd	roas	cpi_usd
2026-06-01	mock_app_id	googleadwords_int		Unattributed	0.0	0	0	564	1.7489373099999939	126.6943690704	128.4433063804
2026-06-01	mock_app_id	googleadwords_int	109075442	mc_df87094f	0.0	0	0	0	0.21672988090000003	0.0	0.21672988090000003
2026-06-01	mock_app_id	googleadwords_int	126634786	mc_fb57024c	0.0	0	0	0	0.78908932920000008	0.0	0.78908932920000008
2026-06-01	mock_app_id	googleadwords_int	132608256	mc_9772a6c4	0.0	0	0	0	0.0314436737	0.0	0.0314436737
2026-06-01	mock_app_id	googleadwords_int	140410898	mc_a2e93e84	81.123802859499918	12119	356	143	60.550567661099308	98.05208300000001	158.60265066109932	1.9550692283963402	0.56729932069580358
2026-06-01	mock_app_id	googleadwords_int	148918961	mc_993fe179	18.600248686099984	21344	739	280	3.2267530308000003	54.651572434900004	57.8783254657	3.1116963241976774	0.066429459593214224
2026-06-01	mock_app_id	googleadwords_int	161694703	mc_2c0c0430	119.49329745450007	200796	10156	3404	84.245678368297078	143.45894147860002	227.70461984689712	1.9055848712652783	0.03510378891142775
2026-06-01	mock_app_id	googleadwords_int	243641668	mc_1e8723bd	11.155768798894641	27426	846	333	11.528044672900005	0.0	11.528044672900005	1.0333707053916581	0.03350080720388781
2026-06-01	mock_app_id	googleadwords_int	261307969	mc_b4ba1e63	38.2522843648	9820	203	94	31.205818735400026	38.7689159011	69.974734636500031	1.8292955779888336	0.40693919537021273
2026-06-01	mock_app_id	googleadwords_int	262368493	mc_c13d8f45	13.659576204099997	10302	317	120	5.4066252328000157	30.592670283	35.999295515800014	2.6354621093584609	0.1138298017008333
2026-06-01	mock_app_id	googleadwords_int	265069104	mc_b8b1eac5	27.833864004214334	39608	967	155	4.063124432400036	19.700919551600002	23.76404398400004	0.85378170923023544	0.17957331615622152
2026-06-01	mock_app_id	googleadwords_int	300652860	mc_a0dc7a81	0.0	0	0	0	0.0	0.0	0.0
2026-06-01	mock_app_id	googleadwords_int	303460318	mc_483107f1	0.0	0	0	0	0.0002764363	0.0	0.0002764363
2026-06-01	mock_app_id	googleadwords_int	324659865	mc_cb530cbb	0.0	0	0	0	0.0018535244999999998	0.0	0.0018535244999999998
2026-06-01	mock_app_id	googleadwords_int	351751429	mc_b7e37028	7.1512796909657492	673	18	12	4.9903096172	46.6404484609	51.630758078099994	7.2197928635521578	0.59593997424714573
2026-06-01	mock_app_id	googleadwords_int	373680283	mc_541ebe5c	0.0	0	0	0	0.0009184819	0.0	0.0009184819
2026-06-01	mock_app_id	googleadwords_int	414724209	mc_5dcabbd9	0.0	0	0	0	0.5309156596	76.408522	76.9394376596
2026-06-01	mock_app_id	googleadwords_int	429833705	mc_a544a26e	0.0	0	0	0	0.018089380000000002	20.3291726363	20.3472620163
2026-06-01	mock_app_id	googleadwords_int	448176306	mc_d1c03fd5	0.0	0	0	0	0.0	58.500230706699995	58.500230706699995
2026-06-01	mock_app_id	googleadwords_int	491097897	mc_d7a6e79d	0.0	0	0	0	0.0029248744	0.0	0.0029248744
2026-06-01	mock_app_id	googleadwords_int	513913086	mc_2472b5d9	0.0	0	0	0	0.0021936558	0.0	0.0021936558
2026-06-01	mock_app_id	googleadwords_int	514288304	mc_c95b5395	0.0	0	0	1	0.0	0.0	0.0
2026-06-01	mock_app_id	googleadwords_int	544153460	mc_21ff68ff	0.0	0	0	0	2.42041e-05	47.1226527323	47.1226769364
2026-06-01	mock_app_id	googleadwords_int	555249599	mc_e731112f	0.0	0	0	0	0.0038560953000000005	0.0	0.0038560953000000005
2026-06-01	mock_app_id	googleadwords_int	557162896	mc_b0c8a1e0	53.278163767700015	19776	1072	514	20.180998957800085	0.0	20.180998957800085	0.37878555735877018	0.10365401511225684
2026-06-01	mock_app_id	googleadwords_int	574617314	mc_a3bfa925	0.0	0	0	0	0.129797671	0.0	0.129797671
2026-06-01	mock_app_id	googleadwords_int	585166272	mc_60587c25	3.6682047479499174	3166	69	19	3.6390354790000008	0.0	3.6390354790000008	0.9920480804769094	0.19306340778683775
2026-06-01	mock_app_id	googleadwords_int	612287821	mc_6b5afb99	0.0	0	0	0	0.11145478489999999	0.0	0.11145478489999999
2026-06-01	mock_app_id	googleadwords_int	624225880	mc_ae3dba5e	0.0028121471999999997	25	0	0	0.0	0.0	0.0	0.0
2026-06-01	mock_app_id	googleadwords_int	739276167	mc_1fbdf2e3	57.509559052722906	5608	151	74	50.245533230999747	0.0	50.245533230999747	0.873690114454473	0.77715620341517444
2026-06-01	mock_app_id	googleadwords_int	750609416	mc_09bed4a1	0.0	0	0	0	0.00048026030000000003	0.0	0.00048026030000000003
2026-06-01	mock_app_id	googleadwords_int	778527564	mc_fd1439b8	0.0	0	0	0	0.0092587052000000017	0.0	0.0092587052000000017
2026-06-01	mock_app_id	googleadwords_int	788967442	mc_475f8981	0.1451014251	174	5	0	0.04318521	0.0	0.04318521	0.29762085362178847
2026-06-01	mock_app_id	googleadwords_int	792104306	mc_6fcee95d	23.570595993399948	26149	1298	658	12.624858560000103	0.0	12.624858560000103	0.53561897898276378	0.035821574458054631
2026-06-01	mock_app_id	googleadwords_int	807898159	mc_ce3403c4	0.0	0	0	0	0.0	0.0	0.0
2026-06-01	mock_app_id	googleadwords_int	821866242	mc_e6535e2b	0.0	0	0	0	0.0057593019	0.0	0.0057593019
2026-06-01	mock_app_id	googleadwords_int	822177103	mc_96cf8fb0	0.0	0	0	0	0.0003363096	0.0	0.0003363096
2026-06-01	mock_app_id	googleadwords_int	833789410	mc_970b80f7	0.0	0	0	0	1.712663007499996	150.0115900816	151.7242530891
2026-06-01	mock_app_id	googleadwords_int	845844165	mc_bf176b95	0.0	0	0	0	0.0	0.0	0.0
2026-06-01	mock_app_id	googleadwords_int	914138760	mc_0365d47f	0.0	0	0	0	0.0181709096	0.0	0.0181709096
2026-06-01	mock_app_id	googleadwords_int	953724624	mc_6aedfff8	0.0	0	0	0	0.0556936341	0.0	0.0556936341
2026-06-01	mock_app_id	googleadwords_int	968884154	mc_90337527	0.0	0	0	0	0.12078482850000001	0.0	0.12078482850000001
2026-06-01	mock_app_id	googleadwords_int	998337322	mc_fe944d1c	83.824630203599725	81315	3730	1618	49.674755966499433	266.7890603956	316.46381636209946	3.7753082309274464	0.051807558840296496
2026-06-01	mock_app_id	other		Unattributed	0.0	0	0	4611	24.132520832900081	50.0662458189	74.198766651800085
2026-06-01	mock_app_id	unknown		Unattributed	0.0	0	0	22	0.83162612409999981	423.6817780169	424.513404141
2026-06-02	mock_app_id	googleadwords_int		Unattributed	0.0	0	0	683	14.102718867300005	97.230421321699993	111.333140189
2026-06-02	mock_app_id	googleadwords_int	109075442	mc_df87094f	0.0	0	0	0	0.7693031144000001	0.0	0.7693031144000001
2026-06-02	mock_app_id	googleadwords_int	132608256	mc_9772a6c4	0.0	0	0	0	0.039075608599999978	0.0	0.039075608599999978
2026-06-02	mock_app_id	googleadwords_int	140410898	mc_a2e93e84	84.315712800199918	12994	315	140	66.536089996999834	157.89990500000002	224.43599499699985	2.6618525485141569	0.60225509142999945
2026-06-02	mock_app_id	googleadwords_int	148918961	mc_993fe179	18.550698424600011	24728	813	290	3.7934920323000041	0.0	3.7934920323000041	0.20449321882509117	0.063967925602069
2026-06-02	mock_app_id	googleadwords_int	161694703	mc_2c0c0430	121.76028111479997	200878	10057	3315	81.44144484609788	78.769988647	160.2114334930979	1.3157938863663168	0.036730099883800896
2026-06-02	mock_app_id	googleadwords_int	243641668	mc_1e8723bd	12.602445468354233	29431	936	348	10.746666260400026	6.3196930578	17.066359318200028	1.3542101301731515	0.036213923759638604
2026-06-02	mock_app_id	googleadwords_int	261307969	mc_b4ba1e63	46.109684839299945	9979	248	102	38.454279161799967	38.644576891599996	77.09885605339997	1.672075103573198	0.4520557337186269
2026-06-02	mock_app_id	googleadwords_int	262368493	mc_c13d8f45	12.423088262199997	9843	291	97	6.3545609747	0.0	6.3545609747	0.51151218123718578	0.1280730748680412
2026-06-02	mock_app_id	googleadwords_int	265069104	mc_b8b1eac5	24.470346492178535	30363	780	145	5.1847386047000033	4.7146618613	9.899400466000003	0.40454680399250381	0.16876101029088644
2026-06-02	mock_app_id	googleadwords_int	303834193	mc_a82360d0	0.0	0	0	0	0.0487483313	0.0	0.0487483313
2026-06-02	mock_app_id	googleadwords_int	324659865	mc_cb530cbb	0.0	0	0	0	1.2739e-06	0.0	1.2739e-06
2026-06-02	mock_app_id	googleadwords_int	351751429	mc_b7e37028	7.7696545745596319	820	25	11	4.1435673957000008	0.0	4.1435673957000008	0.53330136570902187	0.70633223405087564
2026-06-02	mock_app_id	googleadwords_int	373680283	mc_541ebe5c	0.0	0	0	0	4.0764799999999993e-05	0.0	4.0764799999999993e-05
2026-06-02	mock_app_id	googleadwords_int	414724209	mc_5dcabbd9	0.0	0	0	0	0.6381793135	76.408522	77.046701313500009
2026-06-02	mock_app_id	googleadwords_int	417871389	mc_46e33ad3	0.0	0	0	0	0.0016930131	0.0	0.0016930131
2026-06-02	mock_app_id	googleadwords_int	429833705	mc_a544a26e	0.0	0	0	0	0.0443177071	0.0	0.0443177071
2026-06-02	mock_app_id	googleadwords_int	448176306	mc_d1c03fd5	0.0	0	0	0	0.060582862300000012	106.53340728570001	106.593990148
2026-06-02	mock_app_id	googleadwords_int	491097897	mc_d7a6e79d	0.0	0	0	0	0.00021528910000000003	0.0	0.00021528910000000003
2026-06-02	mock_app_id	googleadwords_int	513913086	mc_2472b5d9	0.0	0	0	0	0.0065695023	0.0	0.0065695023
2026-06-02	mock_app_id	googleadwords_int	532599141	mc_759b1811	0.0	0	0	0	0.0005210251	0.0	0.0005210251
2026-06-02	mock_app_id	googleadwords_int	544153460	mc_21ff68ff	0.0	0	0	0	0.14829597290000002	0.0	0.14829597290000002
2026-06-02	mock_app_id	googleadwords_int	557162896	mc_b0c8a1e0	46.368130605899985	20001	971	439	21.389578461400234	5.7788511694	27.168429630800233	0.58592894032573439	0.10562216538929381
2026-06-02	mock_app_id	googleadwords_int	562523633	mc_13ddbb14	0.0	0	0	0	2.5478e-06	0.0	2.5478e-06
2026-06-02	mock_app_id	googleadwords_int	574617314	mc_a3bfa925	0.0	0	0	0	8.9173e-05	0.0	8.9173e-05
2026-06-02	mock_app_id	googleadwords_int	585166272	mc_60587c25	3.4928158568548278	3163	76	17	3.1244346567000019	0.0	3.1244346567000019	0.89453174308291716	0.20545975628557811
2026-06-02	mock_app_id	googleadwords_int	612287821	mc_6b5afb99	0.0	0	0	3	0.17837784749999941	0.0	0.17837784749999941
2026-06-02	mock_app_id	googleadwords_int	624225880	mc_ae3dba5e	0.49443341320000006	71	5	2	0.34346891800000007	0.0	0.34346891800000007	0.69467173704351914	0.24721670660000003
2026-06-02	mock_app_id	googleadwords_int	739276167	mc_1fbdf2e3	57.468163266398939	7070	169	82	48.673818341199947	0.0	48.673818341199947	0.8469701409381748	0.70083125934632851
2026-06-02	mock_app_id	googleadwords_int	788967442	mc_475f8981	0.7352064295	168	5	3	0.0782989896	6.2564515662	6.3347505558	8.6162882989314227	0.24506880983333335
2026-06-02	mock_app_id	googleadwords_int	792104306	mc_6fcee95d	23.8209560231	27498	1309	561	13.377063388600014	62.640698703700004	76.017762092300018	3.1912137371221787	0.042461597189126558
2026-06-02	mock_app_id	googleadwords_int	800297891	mc_5acba08b	0.0	0	0	0	8.40774e-05	0.0	8.40774e-05
2026-06-02	mock_app_id	googleadwords_int	807898159	mc_ce3403c4	0.0	0	0	0	0.4659989894999999	21.643561	22.1095599895
2026-06-02	mock_app_id	googleadwords_int	821866242	mc_e6535e2b	0.0	0	0	0	0.0055491084	0.0	0.0055491084
2026-06-02	mock_app_id	googleadwords_int	833789410	mc_970b80f7	0.0	0	0	0	1.4248762585000005	27.933787476899997	29.358663735399997
2026-06-02	mock_app_id	googleadwords_int	866857087	mc_1be3ce39	0.0	0	0	0	6.3695000000000006e-06	0.0	6.3695000000000006e-06
2026-06-02	mock_app_id	googleadwords_int	889798464	mc_2254e49d	0.0	0	0	0	0.00015923750000000001	0.0	0.00015923750000000001
2026-06-02	mock_app_id	googleadwords_int	913642206	mc_6fdcae3c	0.0	0	0	0	0.0	43.3005463582	43.3005463582
2026-06-02	mock_app_id	googleadwords_int	914138760	mc_0365d47f	0.0	0	0	0	0.0034624602	0.0	0.0034624602
2026-06-02	mock_app_id	googleadwords_int	968884154	mc_90337527	0.0	0	0	0	0.0	0.0	0.0
2026-06-02	mock_app_id	googleadwords_int	998337322	mc_fe944d1c	82.013803508499919	74641	3462	1569	52.059183387099843	237.6658872664	289.72507065349987	3.5326379006854953	0.052271385282664062
2026-06-02	mock_app_id	other		Unattributed	0.0	0	0	4298	15.153065977999971	0.0	15.153065977999971
2026-06-02	mock_app_id	unknown		Unattributed	0.0	0	0	16	0.34903586099999973	227.20510327450003	227.55413913550004
2026-06-03	mock_app_id	googleadwords_int		Unattributed	0.0	0	0	2076	5.1552350806999971	40.552981003599996	45.708216084299991
2026-06-03	mock_app_id	googleadwords_int	109075442	mc_df87094f	0.0	0	0	0	0.3386866974	0.0	0.3386866974
2026-06-03	mock_app_id	googleadwords_int	117758408	mc_9cb1c00c	0.0	0	0	0	0.0035427159	0.0	0.0035427159
2026-06-03	mock_app_id	googleadwords_int	126634786	mc_fb57024c	0.0	0	0	1	0.30133977109999993	0.0	0.30133977109999993
2026-06-03	mock_app_id	googleadwords_int	132608256	mc_9772a6c4	0.0	0	0	0	0.0547331135	0.0	0.0547331135
2026-06-03	mock_app_id	googleadwords_int	140410898	mc_a2e93e84	102.67816823940009	12833	376	154	73.225656098099549	100.561666	173.78732209809954	1.6925440439578581	0.66674135220389674
2026-06-03	mock_app_id	googleadwords_int	148918961	mc_993fe179	20.775819661000003	27591	872	294	4.4452192722999984	35.4191690992	39.8643883715	1.9187877552832591	0.0706660532687075
2026-06-03	mock_app_id	googleadwords_int	161694703	mc_2c0c0430	106.28074036460021	201703	9706	3259	72.021735246798727	108.72384776210001	180.74558300889873	1.7006428670786824	0.032611457614176192
2026-06-03	mock_app_id	googleadwords_int	204426830	mc_3ca54bb1	0.0	0	0	0	0.0137390115	0.0	0.0137390115
2026-06-03	mock_app_id	googleadwords_int	243641668	mc_1e8723bd	11.626640529649352	29733	931	313	12.334099802300022	0.0	12.334099802300022	1.060848124688001	0.037145816388656078
2026-06-03	mock_app_id	googleadwords_int	261307969	mc_b4ba1e63	46.396981153100015	9208	246	99	32.196455605299995	0.0	32.196455605299995	0.69393427772937744	0.46865637528383852
2026-06-03	mock_app_id	googleadwords_int	262368493	mc_c13d8f45	10.308738447900001	10177	267	85	4.7961213967999976	0.0	4.7961213967999976	0.46524814079234089	0.12127927585764707
2026-06-03	mock_app_id	googleadwords_int	265069104	mc_b8b1eac5	22.961663328220379	35534	898	134	4.5853903110000225	0.0	4.5853903110000225	0.19969765454075267	0.17135569647925655
2026-06-03	mock_app_id	googleadwords_int	303460318	mc_483107f1	0.0	0	0	0	0.051553459100000004	0.0	0.051553459100000004
2026-06-03	mock_app_id	googleadwords_int	351751429	mc_b7e37028	5.7771721981311925	877	24	9	3.2917435870999996	0.0	3.2917435870999996	0.56978457179531838	0.641908022014577
2026-06-03	mock_app_id	googleadwords_int	373680283	mc_541ebe5c	0.0	0	0	0	0.003299401	0.0	0.003299401
2026-06-03	mock_app_id	googleadwords_int	414724209	mc_5dcabbd9	0.0	0	0	0	2.9108169134999997	191.021305	193.9321219135
2026-06-03	mock_app_id	googleadwords_int	429833705	mc_a544a26e	0.0	0	0	0	0.036540547600000008	0.0	0.036540547600000008
2026-06-03	mock_app_id	googleadwords_int	442262115	mc_1941c5ac	0.0	0	0	0	0.0121899491	0.0	0.0121899491
2026-06-03	mock_app_id	googleadwords_int	448176306	mc_d1c03fd5	0.0	0	0	0	0.06140198	0.0	0.06140198
2026-06-03	mock_app_id	googleadwords_int	458610769	mc_e6a4a79e	0.0	0	0	0	0.22603062480000002	0.0	0.22603062480000002
2026-06-03	mock_app_id	googleadwords_int	513913086	mc_2472b5d9	0.0	0	0	0	0.0056077078	0.0	0.0056077078
2026-06-03	mock_app_id	googleadwords_int	532599141	mc_759b1811	0.0	0	0	0	0.00021019350000000002	0.0	0.00021019350000000002
2026-06-03	mock_app_id	googleadwords_int	557162896	mc_b0c8a1e0	35.527865416599951	20709	919	387	15.960352968700132	41.2861766964	57.246529665100127	1.6113135138806398	0.091803269810335791
2026-06-03	mock_app_id	googleadwords_int	574617314	mc_a3bfa925	0.0	0	0	0	0.0069720547	0.0	0.0069720547
2026-06-03	mock_app_id	googleadwords_int	585166272	mc_60587c25	2.654330077744286	2773	50	14	3.1383303578999957	0.0	3.1383303578999957	1.1823436671323955	0.18959500555316328
2026-06-03	mock_app_id	googleadwords_int	612287821	mc_6b5afb99	0.0	0	0	4	0.18302758249999987	7.4701496	7.6531771825
2026-06-03	mock_app_id	googleadwords_int	622845378	mc_1700d8b1	0.0	0	0	0	0.0541432978	0.0	0.0541432978
2026-06-03	mock_app_id	googleadwords_int	624225880	mc_ae3dba5e	0.138239493	70	3	2	0.0	0.0	0.0	0.0	0.0691197465
2026-06-03	mock_app_id	googleadwords_int	695815022	mc_78e4321f	0.0	0	0	1	0.0	0.0	0.0
2026-06-03	mock_app_id	googleadwords_int	739276167	mc_1fbdf2e3	56.286671454645408	5713	155	82	57.603573261500017	0.0	57.603573261500017	1.0233963347418	0.68642282261762688
2026-06-03	mock_app_id	googleadwords_int	750609416	mc_09bed4a1	0.0	0	0	0	5.0956e-06	0.0	5.0956e-06
2026-06-03	mock_app_id	googleadwords_int	770142071	mc_13d78e8d	0.0	0	0	0	0.0083911793000000009	0.0	0.0083911793000000009
2026-06-03	mock_app_id	googleadwords_int	788967442	mc_475f8981	0.1535256612	152	7	1	0.20414757060000005	0.0	0.20414757060000005	1.3297293039113129	0.1535256612
2026-06-03	mock_app_id	googleadwords_int	792104306	mc_6fcee95d	21.748674498800039	29096	1353	561	12.652416838700075	0.0	12.652416838700075	0.58175576812270369	0.038767690728698824
2026-06-03	mock_app_id	googleadwords_int	807898159	mc_ce3403c4	0.0	0	0	0	0.00014012899999999996	-70.026282999999992	-70.02614287099999
2026-06-03	mock_app_id	googleadwords_int	821866242	mc_e6535e2b	0.0	0	0	0	0.045953394700000011	0.0	0.045953394700000011
2026-06-03	mock_app_id	googleadwords_int	822177103	mc_96cf8fb0	0.0	0	0	0	0.0029197788	0.0	0.0029197788
2026-06-03	mock_app_id	googleadwords_int	827748605	mc_cdc62e82	0.0	0	0	0	0.0	0.0	0.0
2026-06-03	mock_app_id	googleadwords_int	833789410	mc_970b80f7	0.0	0	0	0	1.7392123574000018	52.449303797	54.1885161544
2026-06-03	mock_app_id	googleadwords_int	889798464	mc_2254e49d	0.0	0	0	0	0.0639192064	0.0	0.0639192064
2026-06-03	mock_app_id	googleadwords_int	913642206	mc_6fdcae3c	0.0	0	0	0	0.0036611886	0.0	0.0036611886
2026-06-03	mock_app_id	googleadwords_int	914138760	mc_0365d47f	0.0	0	0	0	0.018421867900000003	0.0	0.018421867900000003
2026-06-03	mock_app_id	googleadwords_int	941990559	mc_7be9c95b	0.0	0	0	0	0.0	-44.158469600000004	-44.158469600000004
2026-06-03	mock_app_id	googleadwords_int	953724624	mc_6aedfff8	0.0	0	0	0	0.0	0.0	0.0
2026-06-03	mock_app_id	googleadwords_int	968884154	mc_90337527	0.0	0	0	0	0.36624752390000004	0.0	0.36624752390000004
2026-06-03	mock_app_id	googleadwords_int	998337322	mc_fe944d1c	70.119267100499854	72896	3223	1386	42.923089788199739	180.94292413179997	223.86601391999972	3.1926462322993086	0.05059110180411245
2026-06-03	mock_app_id	other		Unattributed	0.0	0	0	1470	12.709949984400026	6.1779270963	18.887877080700026
2026-06-03	mock_app_id	unknown		Unattributed	0.0	0	0	34	0.86709532180000026	232.86762189590004	233.73471721770005
2026-06-04	mock_app_id	googleadwords_int		Unattributed	0.0	0	0	1680	5.9497448544000013	29.484182376299998	35.4339272307
2026-06-04	mock_app_id	googleadwords_int	109075442	mc_df87094f	0.0	0	0	0	0.3331388629	0.0	0.3331388629
2026-06-04	mock_app_id	googleadwords_int	126634786	mc_fb57024c	0.0	0	0	0	0.82212792570000015	0.0	0.82212792570000015
2026-06-04	mock_app_id	googleadwords_int	132608256	mc_9772a6c4	0.0	0	0	1	0.010291838099999995	0.0	0.010291838099999995
2026-06-04	mock_app_id	googleadwords_int	140410898	mc_a2e93e84	81.9393580955	12121	315	141	59.1503604760999	157.89990500000002	217.05026547609992	2.6489134223278721	0.58113019925886522
2026-06-04	mock_app_id	googleadwords_int	148918961	mc_993fe179	20.549742066699984	35951	954	302	4.4917548393000049	31.2310152035	35.722770042800008	1.7383561276268908	0.068045503532119148
2026-06-04	mock_app_id	googleadwords_int	161694703	mc_2c0c0430	130.17949424470009	202831	9843	3330	83.809582907397129	64.6969325412	148.50651544859713	1.1407827039905953	0.03909294121462465
2026-06-04	mock_app_id	googleadwords_int	243641668	mc_1e8723bd	11.794043418188393	27820	977	330	12.47174342340006	40.1514579148	52.623201338200062	4.4618456514282681	0.035739525509661793
2026-06-04	mock_app_id	googleadwords_int	261307969	mc_b4ba1e63	35.387227136000021	8882	212	85	28.045032068300021	54.8496142028	82.894646271100015	2.3425018850027359	0.41632031924705909
2026-06-04	mock_app_id	googleadwords_int	262368493	mc_c13d8f45	10.090718110999997	9525	264	87	4.7106630891999979	0.0	4.7106630891999979	0.46683130351890961	0.11598526564367813
2026-06-04	mock_app_id	googleadwords_int	265069104	mc_b8b1eac5	22.880312815962476	31088	793	149	4.4265681024000072	0.0	4.4265681024000072	0.19346624051887118	0.15355914641585555
2026-06-04	mock_app_id	googleadwords_int	290285732	mc_9b51e95a	0.0	0	0	0	0.0002025501	0.0	0.0002025501
2026-06-04	mock_app_id	googleadwords_int	295094164	mc_15f5ae79	0.0	0	0	0	0.0042076917	0.0	0.0042076917
2026-06-04	mock_app_id	googleadwords_int	303834193	mc_a82360d0	0.0	0	0	0	0.11026114060000002	0.0	0.11026114060000002
2026-06-04	mock_app_id	googleadwords_int	324659865	mc_cb530cbb	0.0	0	0	0	0.0	0.0	0.0
2026-06-04	mock_app_id	googleadwords_int	351751429	mc_b7e37028	5.947452221216686	826	19	8	6.6357743996999989	0.0	6.6357743996999989	1.1157339568072226	0.74343152765208576
2026-06-04	mock_app_id	googleadwords_int	373680283	mc_541ebe5c	0.0	0	0	0	0.0038777516000000002	0.0	0.0038777516000000002
2026-06-04	mock_app_id	googleadwords_int	375451353	mc_055f8111	0.0	0	0	0	0.19290158140000002	0.0	0.19290158140000002
2026-06-04	mock_app_id	googleadwords_int	414724209	mc_5dcabbd9	0.0	0	0	0	2.8704228184000002	43.287122	46.1575448184
2026-06-04	mock_app_id	googleadwords_int	429833705	mc_a544a26e	0.0	0	0	0	0.010503305499999999	0.0	0.010503305499999999
2026-06-04	mock_app_id	googleadwords_int	442262115	mc_1941c5ac	0.0	0	0	0	0.0132434644	0.0	0.0132434644
2026-06-04	mock_app_id	googleadwords_int	444817371	mc_3016a669	0.0	0	0	0	0.0	0.0	0.0
2026-06-04	mock_app_id	googleadwords_int	448176306	mc_d1c03fd5	0.0	0	0	0	0.066892489	0.0	0.066892489
2026-06-04	mock_app_id	googleadwords_int	532599141	mc_759b1811	0.0	0	0	0	0.0013872771000000002	0.0	0.0013872771000000002
2026-06-04	mock_app_id	googleadwords_int	544153460	mc_21ff68ff	0.0	0	0	0	0.0	0.0	0.0
2026-06-04	mock_app_id	googleadwords_int	557162896	mc_b0c8a1e0	53.705502733699994	20811	1074	536	23.144292907900066	0.0	23.144292907900066	0.43094825911343926	0.10019683345839552
2026-06-04	mock_app_id	googleadwords_int	574617314	mc_a3bfa925	0.0	0	0	0	0.0047796728000000007	0.0	0.0047796728000000007
2026-06-04	mock_app_id	googleadwords_int	585166272	mc_60587c25	4.4853098430980456	2804	86	27	5.9327179070000016	0.0	5.9327179070000016	1.3226996828611994	0.16612258678140909
2026-06-04	mock_app_id	googleadwords_int	612287821	mc_6b5afb99	0.0	0	0	2	0.12308039629999996	0.0	0.12308039629999996
2026-06-04	mock_app_id	googleadwords_int	624225880	mc_ae3dba5e	0.4062421661	159	4	2	0.15982731569999997	0.0	0.15982731569999997	0.3934286714606014	0.20312108305
2026-06-04	mock_app_id	googleadwords_int	739276167	mc_1fbdf2e3	55.393007914648052	6088	156	61	31.516740782300008	21.643561	53.16030178230001	0.95969335812584333	0.90808209696144349
2026-06-04	mock_app_id	googleadwords_int	788967442	mc_475f8981	0.0005663352	125	0	0	0.0516209758	0.0	0.0516209758	91.14915654192076
2026-06-04	mock_app_id	googleadwords_int	792104306	mc_6fcee95d	22.577170005899994	28160	1302	627	11.989326410700007	0.0	11.989326410700007	0.5310376104519251	0.036008245623444964
2026-06-04	mock_app_id	googleadwords_int	807898159	mc_ce3403c4	0.0	0	0	0	0.0539229131	21.643561	21.697483913099997
2026-06-04	mock_app_id	googleadwords_int	821866242	mc_e6535e2b	0.0	0	0	0	0.12699636489999944	0.0	0.12699636489999944
2026-06-04	mock_app_id	googleadwords_int	822177103	mc_96cf8fb0	0.0	0	0	0	0.003796222000000001	0.0	0.003796222000000001
2026-06-04	mock_app_id	googleadwords_int	827748605	mc_cdc62e82	0.0	0	0	0	0.0002484105	0.0	0.0002484105
2026-06-04	mock_app_id	googleadwords_int	833789410	mc_970b80f7	0.0	0	0	0	1.4948719678999967	42.025961	43.5208329679
2026-06-04	mock_app_id	googleadwords_int	843921934	mc_8c6e455c	0.0	0	0	0	0.0	0.0	0.0
2026-06-04	mock_app_id	googleadwords_int	866857087	mc_1be3ce39	0.0	0	0	0	0.0	0.0	0.0
2026-06-04	mock_app_id	googleadwords_int	889798464	mc_2254e49d	0.0	0	0	0	0.0995858586	0.0	0.0995858586
2026-06-04	mock_app_id	googleadwords_int	914138760	mc_0365d47f	0.0	0	0	0	0.0023223197000000004	0.0	0.0023223197000000004
2026-06-04	mock_app_id	googleadwords_int	968884154	mc_90337527	0.0	0	0	0	0.0646096602	0.0	0.0646096602
2026-06-04	mock_app_id	googleadwords_int	998337322	mc_fe944d1c	72.432753715799691	73672	3246	1499	42.200156633799672	90.472177997700015	132.67233463149969	1.8316621669812341	0.0483207162880585
2026-06-04	mock_app_id	other		Unattributed	0.0	0	0	1085	19.299906022800133	0.0	19.299906022800133
2026-06-04	mock_app_id	unknown		Unattributed	0.0	0	0	37	0.52108115159999979	422.27884723369993	422.79992838529995
2026-06-05	mock_app_id	googleadwords_int		Unattributed	0.0	0	0	3245	4.0367801803999974	81.491383	85.5281631804
2026-06-05	mock_app_id	googleadwords_int	109075442	mc_df87094f	0.0	0	0	0	0.0	0.0	0.0
2026-06-05	mock_app_id	googleadwords_int	126634786	mc_fb57024c	0.0	0	0	0	2.1111656794	0.0	2.1111656794
2026-06-05	mock_app_id	googleadwords_int	132608256	mc_9772a6c4	0.0	0	0	0	0.0001350334	0.0	0.0001350334
2026-06-05	mock_app_id	googleadwords_int	140410898	mc_a2e93e84	73.8721003224999	11034	297	141	52.203779954400176	95.517022	147.72080195440017	1.9996832540228655	0.52391560512411284
2026-06-05	mock_app_id	googleadwords_int	148918961	mc_993fe179	26.105755644900004	42659	1166	325	5.159442772400002	0.0	5.159442772400002	0.19763621641834933	0.080325401984307709
2026-06-05	mock_app_id	googleadwords_int	149100913	mc_4d69402b	0.0	0	0	0	0.086302903300000011	0.0	0.086302903300000011
2026-06-05	mock_app_id	googleadwords_int	161694703	mc_2c0c0430	123.13756438140003	197757	10006	3508	86.252718009497244	140.7380312076	226.99074921709723	1.8433915788201529	0.035101928272919053
2026-06-05	mock_app_id	googleadwords_int	180761354	mc_07fb7039	0.0	0	0	1	0.0	0.0	0.0
2026-06-05	mock_app_id	googleadwords_int	232146533	mc_a35fcde2	0.0	0	0	0	0.0	42.5904987023	42.5904987023
2026-06-05	mock_app_id	googleadwords_int	243641668	mc_1e8723bd	10.366240596894517	24399	835	293	10.540709751800025	0.0	10.540709751800025	1.0168305137503537	0.035379660740254323
2026-06-05	mock_app_id	googleadwords_int	255029009	mc_ffe3d408	0.0	0	0	0	0.0009592467	0.0	0.0009592467
2026-06-05	mock_app_id	googleadwords_int	261307969	mc_b4ba1e63	32.360445404800025	8332	181	73	27.852654059800006	0.0	27.852654059800006	0.860700577862523	0.44329377266849351
2026-06-05	mock_app_id	googleadwords_int	262368493	mc_c13d8f45	13.839071914499995	10988	326	126	5.5315107454000021	0.0	5.5315107454000021	0.39970243521925186	0.10983390408333329
2026-06-05	mock_app_id	googleadwords_int	265069104	mc_b8b1eac5	22.168002245259967	30050	769	139	4.2792746888000055	0.0	4.2792746888000055	0.19303835507843353	0.15948203054143861
2026-06-05	mock_app_id	googleadwords_int	324659865	mc_cb530cbb	0.0	0	0	0	0.0016051140000000002	0.0	0.0016051140000000002
2026-06-05	mock_app_id	googleadwords_int	351751429	mc_b7e37028	7.9879527343806114	834	24	16	5.1059058509999993	0.0	5.1059058509999993	0.63920080911644417	0.49924704589878821
2026-06-05	mock_app_id	googleadwords_int	373680283	mc_541ebe5c	0.0	0	0	0	0.00027643629999999996	0.0	0.00027643629999999996
2026-06-05	mock_app_id	googleadwords_int	414724209	mc_5dcabbd9	0.0	0	0	0	0.65251833190000008	49.707578	50.360096331899996
2026-06-05	mock_app_id	googleadwords_int	429833705	mc_a544a26e	0.0	0	0	0	0.33876440530000007	0.0	0.33876440530000007
2026-06-05	mock_app_id	googleadwords_int	442262115	mc_1941c5ac	0.0	0	0	0	0.0003515964	0.0	0.0003515964
2026-06-05	mock_app_id	googleadwords_int	448176306	mc_d1c03fd5	0.0	0	0	0	0.0	0.0	0.0
2026-06-05	mock_app_id	googleadwords_int	458610769	mc_e6a4a79e	0.0	0	0	0	0.3547289201	0.0	0.3547289201
2026-06-05	mock_app_id	googleadwords_int	480708309	mc_4bf50c0c	0.0	0	0	0	0.0	0.0	0.0
2026-06-05	mock_app_id	googleadwords_int	557162896	mc_b0c8a1e0	54.050107124799929	21867	1073	559	26.779877391800035	0.0	26.779877391800035	0.4954639096267871	0.096690710420035658
2026-06-05	mock_app_id	googleadwords_int	574617314	mc_a3bfa925	0.0	0	0	0	0.0675689299	0.0	0.0675689299
2026-06-05	mock_app_id	googleadwords_int	585166272	mc_60587c25	1.9897794539738405	2713	46	12	2.6270276627000007	0.0	2.6270276627000007	1.3202607240985904	0.16581495449782005
2026-06-05	mock_app_id	googleadwords_int	586123444	mc_e23241e2	0.0	0	0	0	0.0037312531000000004	0.0	0.0037312531000000004
2026-06-05	mock_app_id	googleadwords_int	612287821	mc_6b5afb99	0.0	0	0	4	0.10830952579999999	0.0	0.10830952579999999
2026-06-05	mock_app_id	googleadwords_int	624225880	mc_ae3dba5e	1.6979518585	206	12	5	1.1932684995	0.0	1.1932684995	0.7027693356124679	0.3395903717
2026-06-05	mock_app_id	googleadwords_int	728115589	mc_337b8797	0.0	0	0	0	0.0	0.0	0.0
2026-06-05	mock_app_id	googleadwords_int	739276167	mc_1fbdf2e3	56.249725030366108	6180	149	64	43.236991487200008	38.204261	81.441252487200018	1.4478515662651577	0.87890195359947043
2026-06-05	mock_app_id	googleadwords_int	750609416	mc_09bed4a1	0.0	0	0	0	0.0056000644	0.0	0.0056000644
2026-06-05	mock_app_id	googleadwords_int	788967442	mc_475f8981	0.0837362396	132	1	1	0.11286499220000001	0.0	0.11286499220000001	1.3478631562528396	0.0837362396
2026-06-05	mock_app_id	googleadwords_int	792104306	mc_6fcee95d	22.58606374690002	29553	1360	587	12.030771473300035	43.9642087673	55.994980240600036	2.479182776958444	0.038477110301362895
2026-06-05	mock_app_id	googleadwords_int	807898159	mc_ce3403c4	0.0	0	0	0	0.5380201999	89.147522000000009	89.685542199900013
2026-06-05	mock_app_id	googleadwords_int	821866242	mc_e6535e2b	0.0	0	0	0	0.0	0.0	0.0
2026-06-05	mock_app_id	googleadwords_int	822177103	mc_96cf8fb0	0.0	0	0	0	0.11629050929999998	0.0	0.11629050929999998
2026-06-05	mock_app_id	googleadwords_int	833789410	mc_970b80f7	0.0	0	0	0	1.4929725830000009	76.7865989593	78.27957154229999
2026-06-05	mock_app_id	googleadwords_int	876522969	mc_db4f67c3	0.0	0	0	0	0.00047389079999999993	0.0	0.00047389079999999993
2026-06-05	mock_app_id	googleadwords_int	878110867	mc_95d22b0c	0.0	0	0	1	0.0	0.0	0.0
2026-06-05	mock_app_id	googleadwords_int	889798464	mc_2254e49d	0.0	0	0	0	0.0	0.0	0.0
2026-06-05	mock_app_id	googleadwords_int	914138760	mc_0365d47f	0.0	0	0	0	0.0	0.0	0.0
2026-06-05	mock_app_id	googleadwords_int	998337322	mc_fe944d1c	71.568946883499777	73173	3163	1539	44.978428073999829	115.6670651878	160.64549326179983	2.2446256408285454	0.046503539235542415
2026-06-05	mock_app_id	other		Unattributed	0.0	0	0	1154	11.807277183399991	38.7399066503	50.547183833699989
2026-06-05	mock_app_id	unknown		Unattributed	0.0	0	0	24	0.27522227330000004	206.825168271	207.10039054429998
2026-06-06	mock_app_id	googleadwords_int		Unattributed	0.0	0	0	1131	2.069273477900003	145.7072055499	147.7764790278
2026-06-06	mock_app_id	googleadwords_int	109075442	mc_df87094f	0.0	0	0	0	1.9690595865999996	75.121883	77.0909425866
2026-06-06	mock_app_id	googleadwords_int	117758408	mc_9cb1c00c	0.0	0	0	0	0.0011426883	0.0	0.0011426883
2026-06-06	mock_app_id	googleadwords_int	126634786	mc_fb57024c	0.0	0	0	0	0.15010491090000003	0.0	0.15010491090000003
2026-06-06	mock_app_id	googleadwords_int	128040379	mc_a3dbd347	0.0	0	0	0	0.039971160299999996	0.0	0.039971160299999996
2026-06-06	mock_app_id	googleadwords_int	140410898	mc_a2e93e84	78.535477677399939	11260	295	130	60.219483598899842	81.491383	141.71086659889983	1.8044184716238099	0.60411905905692265
2026-06-06	mock_app_id	googleadwords_int	148918961	mc_993fe179	30.758283123999991	59283	1457	404	5.9512735343999719	34.9753741867	40.926647721099975	1.330589472634311	0.076134364168316815
2026-06-06	mock_app_id	googleadwords_int	161694703	mc_2c0c0430	124.55632112329995	218100	10843	3643	78.003254988898163	184.5663237622	262.56957875109816	2.1080389689028873	0.034190590481279155
2026-06-06	mock_app_id	googleadwords_int	170783281	mc_79db2905	0.0	0	0	0	0.0	0.0	0.0
2026-06-06	mock_app_id	googleadwords_int	189207818	mc_9eb39c3f	0.0	0	0	0	0.0077223818	0.0	0.0077223818
2026-06-06	mock_app_id	googleadwords_int	232146533	mc_a35fcde2	0.0	0	0	0	0.097513223299999979	0.0	0.097513223299999979
2026-06-06	mock_app_id	googleadwords_int	243641668	mc_1e8723bd	10.932309772495026	24813	842	316	10.681167418000038	40.2455265125	50.926693930500036	4.6583654314871552	0.034595917001566535
2026-06-06	mock_app_id	googleadwords_int	261307969	mc_b4ba1e63	34.6403058676	8980	191	73	18.7681177417	0.0	18.7681177417	0.54180000065340994	0.47452473791232874
2026-06-06	mock_app_id	googleadwords_int	262368493	mc_c13d8f45	15.225995898699999	12731	346	118	5.3223809519000032	44.158469600000004	49.480850551900005	3.249761190079179	0.12903386354830507
2026-06-06	mock_app_id	googleadwords_int	265069104	mc_b8b1eac5	22.019418994012518	39152	1007	130	3.9587155884000089	0.0	3.9587155884000089	0.17978292658296097	0.16938014610778859
2026-06-06	mock_app_id	googleadwords_int	324659865	mc_cb530cbb	0.0	0	0	0	2.5478e-06	0.0	2.5478e-06
2026-06-06	mock_app_id	googleadwords_int	351751429	mc_b7e37028	10.289197602969773	1033	31	16	8.7984043652000121	0.0	8.7984043652000121	0.855110836112286	0.64307485018561084
2026-06-06	mock_app_id	googleadwords_int	373680283	mc_541ebe5c	0.0	0	0	0	2.16563e-05	0.0	2.16563e-05
2026-06-06	mock_app_id	googleadwords_int	401002100	mc_d1e62852	0.0	0	0	0	0.0	0.0	0.0
2026-06-06	mock_app_id	googleadwords_int	414724209	mc_5dcabbd9	0.0	0	0	0	1.6637057565999998	0.0	1.6637057565999998
2026-06-06	mock_app_id	googleadwords_int	429833705	mc_a544a26e	0.0	0	0	0	0.048434951900000016	33.751432723	33.7998676749
2026-06-06	mock_app_id	googleadwords_int	442262115	mc_1941c5ac	0.0	0	0	1	0.0041452706000000006	0.0	0.0041452706000000006
2026-06-06	mock_app_id	googleadwords_int	448176306	mc_d1c03fd5	0.0	0	0	0	0.1457443512	67.9614108466	68.1071551978
2026-06-06	mock_app_id	googleadwords_int	458610769	mc_e6a4a79e	0.0	0	0	0	0.1484717711	43.287122	43.435593771099995
2026-06-06	mock_app_id	googleadwords_int	513499437	mc_c9d56aa3	0.0	0	0	0	0.0009031951	0.0	0.0009031951
2026-06-06	mock_app_id	googleadwords_int	544153460	mc_21ff68ff	0.0	0	0	0	0.1803918834	0.0	0.1803918834
2026-06-06	mock_app_id	googleadwords_int	557162896	mc_b0c8a1e0	64.942371812599959	24382	1246	619	25.506783770500068	5.7783365138	31.285120284300067	0.48173664452196996	0.10491497869563805
2026-06-06	mock_app_id	googleadwords_int	574617314	mc_a3bfa925	0.0	0	0	0	0.0615013442	21.643561	21.705062344199998
2026-06-06	mock_app_id	googleadwords_int	585166272	mc_60587c25	3.2971501806380612	2797	63	27	4.8234299910999976	0.0	4.8234299910999976	1.4629087930009219	0.12211667335696523
2026-06-06	mock_app_id	googleadwords_int	612287821	mc_6b5afb99	0.0	0	0	0	0.20209276989999944	0.0	0.20209276989999944
2026-06-06	mock_app_id	googleadwords_int	624225880	mc_ae3dba5e	0.2692085765	180	4	0	0.0	0.0	0.0	0.0
2026-06-06	mock_app_id	googleadwords_int	739276167	mc_1fbdf2e3	52.780935358854443	5471	137	57	32.685163136199975	0.0	32.685163136199975	0.61926077880157848	0.9259813220851657
2026-06-06	mock_app_id	googleadwords_int	750609416	mc_09bed4a1	0.0	0	0	0	0.0306028997	0.0	0.0306028997
2026-06-06	mock_app_id	googleadwords_int	770142071	mc_13d78e8d	0.0	0	0	0	0.0001006381	0.0	0.0001006381
2026-06-06	mock_app_id	googleadwords_int	788967442	mc_475f8981	0.11113921450000001	93	3	2	0.15832156590000004	0.0	0.15832156590000004	1.4245337850574789	0.055569607250000007
2026-06-06	mock_app_id	googleadwords_int	792104306	mc_6fcee95d	28.856239845199987	34420	1675	709	13.013447742100201	0.0	13.013447742100201	0.45097517250726926	0.040699915155430165
2026-06-06	mock_app_id	googleadwords_int	807898159	mc_ce3403c4	0.0	0	0	0	0.0109275142	0.0	0.0109275142
2026-06-06	mock_app_id	googleadwords_int	822177103	mc_96cf8fb0	0.0	0	0	0	0.023233388200000021	0.0	0.023233388200000021
2026-06-06	mock_app_id	googleadwords_int	833789410	mc_970b80f7	0.0	0	0	0	1.2071603789999992	143.2320102065	144.4391705855
2026-06-06	mock_app_id	googleadwords_int	839748211	mc_708ecf59	0.0	0	0	0	0.0	24.3592380898	24.3592380898
2026-06-06	mock_app_id	googleadwords_int	866857087	mc_1be3ce39	0.0	0	0	0	0.0003172011	0.0	0.0003172011
2026-06-06	mock_app_id	googleadwords_int	889798464	mc_2254e49d	0.0	0	0	0	0.0088102924	0.0	0.0088102924
2026-06-06	mock_app_id	googleadwords_int	914138760	mc_0365d47f	0.0	0	0	0	0.002828058	0.0	0.002828058
2026-06-06	mock_app_id	googleadwords_int	938117082	mc_048d3b97	0.0	0	0	0	0.0063847868	0.0	0.0063847868
2026-06-06	mock_app_id	googleadwords_int	998337322	mc_fe944d1c	82.330471137499757	83130	3748	1706	42.889835902600105	40.6361908777	83.5260267803001	1.0145214235541498	0.048259361745310522
2026-06-06	mock_app_id	other		Unattributed	0.0	0	0	1720	15.224068068399998	6.3567610000000005	21.5808290684
2026-06-06	mock_app_id	unknown		Unattributed	0.0	0	0	35	3.4581442267999978	361.75544294229996	365.2135871691
2026-06-07	mock_app_id	googleadwords_int		Unattributed	0.0	0	0	1893	2.6706014122000026	150.8708356316	153.5414370438
2026-06-07	mock_app_id	googleadwords_int	109075442	mc_df87094f	0.0	0	0	0	0.267353393	0.0	0.267353393
2026-06-07	mock_app_id	googleadwords_int	126634786	mc_fb57024c	0.0	0	0	1	0.12667788990000003	0.0	0.12667788990000003
2026-06-07	mock_app_id	googleadwords_int	132608256	mc_9772a6c4	0.0	0	0	0	0.00032739229999999991	0.0	0.00032739229999999991
2026-06-07	mock_app_id	googleadwords_int	140410898	mc_a2e93e84	83.895350498000056	11860	319	137	64.930021845899475	159.161066	224.09108784589949	2.6710787488901606	0.61237482115328512
2026-06-07	mock_app_id	googleadwords_int	148918961	mc_993fe179	35.391106857599965	61817	1611	436	4.9436033475999945	34.9856698465	39.9292731941	1.1282290026915476	0.081172263434862307
2026-06-07	mock_app_id	googleadwords_int	161694703	mc_2c0c0430	142.66843280679984	236415	11504	3752	82.558377435896418	35.3445491328	117.90292656869642	0.82641215193244166	0.038024635609488232
2026-06-07	mock_app_id	googleadwords_int	189207818	mc_9eb39c3f	0.0	0	0	0	0.0034484473000000004	0.0	0.0034484473000000004
2026-06-07	mock_app_id	googleadwords_int	243641668	mc_1e8723bd	12.703580393602207	26309	882	342	13.719334840600002	0.0	13.719334840600002	1.0799581232633715	0.037144971911117562
2026-06-07	mock_app_id	googleadwords_int	261307969	mc_b4ba1e63	35.657756347600014	9639	220	79	24.59754019330002	0.0	24.59754019330002	0.68982299260552282	0.45136400440000018
2026-06-07	mock_app_id	googleadwords_int	262368493	mc_c13d8f45	13.9316319169	12667	340	119	7.6093715831999917	5.7893060667	13.398677649899991	0.9617450223937154	0.11707253711680674
2026-06-07	mock_app_id	googleadwords_int	265069104	mc_b8b1eac5	20.637878889655685	35333	874	125	3.362874341400218	0.0	3.362874341400218	0.16294670394086816	0.16510303111724547
2026-06-07	mock_app_id	googleadwords_int	303460318	mc_483107f1	0.0	0	0	0	0.014305897	0.0	0.014305897
2026-06-07	mock_app_id	googleadwords_int	324659865	mc_cb530cbb	0.0	0	0	0	0.0028216885000000003	0.0	0.0028216885000000003
2026-06-07	mock_app_id	googleadwords_int	351751429	mc_b7e37028	6.02737182178119	989	20	9	7.0080245403999992	0.0	7.0080245403999992	1.1626998877147436	0.66970798019791
2026-06-07	mock_app_id	googleadwords_int	373680283	mc_541ebe5c	0.0	0	0	0	1.01912e-05	0.0	1.01912e-05
2026-06-07	mock_app_id	googleadwords_int	414724209	mc_5dcabbd9	0.0	0	0	0	1.5961100748	38.204261	39.800371074800005
2026-06-07	mock_app_id	googleadwords_int	429833705	mc_a544a26e	0.0	0	0	0	0.05329488039999998	0.0	0.05329488039999998
2026-06-07	mock_app_id	googleadwords_int	448176306	mc_d1c03fd5	0.0	0	0	0	0.097300482000000008	0.0	0.097300482000000008
2026-06-07	mock_app_id	googleadwords_int	532599141	mc_759b1811	0.0	0	0	0	0.0015694448000000002	0.0	0.0015694448000000002
2026-06-07	mock_app_id	googleadwords_int	557162896	mc_b0c8a1e0	71.080163803099822	30788	1530	740	23.880412201200137	0.0	23.880412201200137	0.33596450716337134	0.096054275409594353
2026-06-07	mock_app_id	googleadwords_int	574617314	mc_a3bfa925	0.0	0	0	0	0.0016254964	0.0	0.0016254964
2026-06-07	mock_app_id	googleadwords_int	585166272	mc_60587c25	3.9623208166733885	3260	87	24	3.1593344211000014	0.0	3.1593344211000014	0.79734442698470254	0.16509670069472451
2026-06-07	mock_app_id	googleadwords_int	612287821	mc_6b5afb99	0.0	0	0	6	0.084792057899999926	0.0	0.084792057899999926
2026-06-07	mock_app_id	googleadwords_int	624225880	mc_ae3dba5e	0.12053419469999999	145	2	1	0.36129842240000004	0.0	0.36129842240000004	2.9974765526018823	0.12053419469999999
2026-06-07	mock_app_id	googleadwords_int	693949602	mc_cc915a95	0.0	0	0	0	0.0002012762	0.0	0.0002012762
2026-06-07	mock_app_id	googleadwords_int	739276167	mc_1fbdf2e3	46.706735371047792	6507	144	65	46.578480869299987	0.0	46.578480869299987	0.99725404696498432	0.71856515955458145
2026-06-07	mock_app_id	googleadwords_int	770142071	mc_13d78e8d	0.0	0	0	0	0.0039108730000000005	0.0	0.0039108730000000005
2026-06-07	mock_app_id	googleadwords_int	788967442	mc_475f8981	0.183155733	85	6	3	0.0738314223	0.0	0.0738314223	0.403107350726499	0.061051910999999993
2026-06-07	mock_app_id	googleadwords_int	792104306	mc_6fcee95d	34.283648138400011	38106	1832	755	16.880952090499978	0.0	16.880952090499978	0.49239077540269605	0.045408805481324518
2026-06-07	mock_app_id	googleadwords_int	807898159	mc_ce3403c4	0.0	0	0	0	0.2364969872	21.643561	21.880057987199997
2026-06-07	mock_app_id	googleadwords_int	821866242	mc_e6535e2b	0.0	0	0	0	0.0017465169000000001	0.0	0.0017465169000000001
2026-06-07	mock_app_id	googleadwords_int	822177103	mc_96cf8fb0	0.0	0	0	0	0.0005235729	0.0	0.0005235729
2026-06-07	mock_app_id	googleadwords_int	827748605	mc_cdc62e82	0.0	0	0	0	0.0004433172	0.0	0.0004433172
2026-06-07	mock_app_id	googleadwords_int	833789410	mc_970b80f7	0.0	0	0	0	2.1466883809000006	49.7250622775	51.8717506584
2026-06-07	mock_app_id	googleadwords_int	889798464	mc_2254e49d	0.0	0	0	0	0.0012293135	43.942276031	43.9435053445
2026-06-07	mock_app_id	googleadwords_int	914138760	mc_0365d47f	0.0	0	0	0	0.0054382791	0.0	0.0054382791
2026-06-07	mock_app_id	googleadwords_int	998337322	mc_fe944d1c	115.7809726595997	98620	4469	2005	55.979645032398146	90.2718737834	146.25151881579814	1.2631740384992529	0.05774612102723177
2026-06-07	mock_app_id	other		Unattributed	0.0	0	0	2081	16.104959727200065	66.204583	82.309542727200068
2026-06-07	mock_app_id	unknown		Unattributed	0.0	0	0	40	0.42494374030000032	180.83542735419994	181.26037109449993
2026-06-08	mock_app_id	googleadwords_int		Unattributed	0.0	0	0	3316	6.866785973500007	21.643561	28.510346973500006
2026-06-08	mock_app_id	googleadwords_int	126634786	mc_fb57024c	0.0	0	0	0	0.0828506343	0.0	0.0828506343
2026-06-08	mock_app_id	googleadwords_int	132608256	mc_9772a6c4	0.0	0	0	0	0.029559575600000002	0.0	0.029559575600000002
2026-06-08	mock_app_id	googleadwords_int	140410898	mc_a2e93e84	98.44431463500004	12627	356	162	73.367804229599528	98.05208300000001	171.41988722959954	1.741287832265068	0.6076809545370373
2026-06-08	mock_app_id	googleadwords_int	148918961	mc_993fe179	22.011794971900027	39888	940	272	3.870574447400009	0.0	3.870574447400009	0.17584092766360646	0.080925716808455977
2026-06-08	mock_app_id	googleadwords_int	161694703	mc_2c0c0430	138.79859440699997	222032	10650	3456	80.099681645299214	91.3481918934	171.44787353869921	1.2352277360674242	0.040161630326099526
2026-06-08	mock_app_id	googleadwords_int	170783281	mc_79db2905	0.0	0	0	0	0.031116281399999994	0.0	0.031116281399999994
2026-06-08	mock_app_id	googleadwords_int	232146533	mc_a35fcde2	0.0	0	0	0	0.0	24.6559969165	24.6559969165
2026-06-08	mock_app_id	googleadwords_int	240191289	mc_149c320f	0.0	0	0	0	7.6434e-06	0.0	7.6434e-06
2026-06-08	mock_app_id	googleadwords_int	243641668	mc_1e8723bd	11.638878269233674	25457	806	321	11.242836297499981	0.0	11.242836297499981	0.96597249644060679	0.036258187754622036
2026-06-08	mock_app_id	googleadwords_int	261157412	mc_ca357750	0.0	0	0	0	0.022153120999999998	0.0	0.022153120999999998
2026-06-08	mock_app_id	googleadwords_int	261307969	mc_b4ba1e63	32.230256659600016	9306	181	78	21.716113426700019	46.7011408786	68.41725430530002	2.1227647991726881	0.41320841871282071
2026-06-08	mock_app_id	googleadwords_int	262368493	mc_c13d8f45	11.675306912900004	10412	281	102	5.1310042287999895	47.0500149543	52.181019183099991	4.4693488207530869	0.11446379326372552
2026-06-08	mock_app_id	googleadwords_int	265069104	mc_b8b1eac5	20.765824194677457	33251	820	135	3.8421257126000223	0.0	3.8421257126000223	0.18502158530191196	0.15382091996057376
2026-06-08	mock_app_id	googleadwords_int	324659865	mc_cb530cbb	0.0	0	0	0	0.0090408683	0.0	0.0090408683
2026-06-08	mock_app_id	googleadwords_int	351751429	mc_b7e37028	7.50243471434313	982	26	16	8.2722964041999987	0.0	8.2722964041999987	1.1026149135806607	0.4689021696464456
2026-06-08	mock_app_id	googleadwords_int	373680283	mc_541ebe5c	0.0	0	0	0	8.02557e-05	0.0	8.02557e-05
2026-06-08	mock_app_id	googleadwords_int	414724209	mc_5dcabbd9	0.0	0	0	0	0.12887154569999998	76.408522	76.5373935457
2026-06-08	mock_app_id	googleadwords_int	429833705	mc_a544a26e	0.0	0	0	0	6.11472e-05	0.0	6.11472e-05
2026-06-08	mock_app_id	googleadwords_int	448176306	mc_d1c03fd5	0.0	0	0	0	0.2515481157	22.444261927699998	22.695810043399998
2026-06-08	mock_app_id	googleadwords_int	458610769	mc_e6a4a79e	0.0	0	0	0	0.28448097850000004	0.0	0.28448097850000004
2026-06-08	mock_app_id	googleadwords_int	513913086	mc_2472b5d9	0.0	0	0	0	0.0	5.4639851281	5.4639851281
2026-06-08	mock_app_id	googleadwords_int	532599141	mc_759b1811	0.0	0	0	0	0.005875226800000001	0.0	0.005875226800000001
2026-06-08	mock_app_id	googleadwords_int	544153460	mc_21ff68ff	0.0	0	0	0	0.0	46.7221385723	46.7221385723
2026-06-08	mock_app_id	googleadwords_int	557162896	mc_b0c8a1e0	65.595026749700011	25693	1236	624	26.411815834300171	20.3264324774	46.738248311700175	0.71252731537172409	0.1051202351758013
2026-06-08	mock_app_id	googleadwords_int	574617314	mc_a3bfa925	0.0	0	0	0	0.0055631213	0.0	0.0055631213
2026-06-08	mock_app_id	googleadwords_int	585166272	mc_60587c25	3.8353333153972793	3112	83	16	3.468323961699999	0.0	3.468323961699999	0.90430835509813734	0.23970833221232996
2026-06-08	mock_app_id	googleadwords_int	612287821	mc_6b5afb99	0.0	0	0	3	0.11496565329999998	42.0916139843	42.206579637599994
2026-06-08	mock_app_id	googleadwords_int	622845378	mc_1700d8b1	0.0	0	0	0	0.006789887	0.0	0.006789887
2026-06-08	mock_app_id	googleadwords_int	624225880	mc_ae3dba5e	0.32210070389999995	190	6	0	0.2095909453	0.0	0.2095909453	0.65070005362381955
2026-06-08	mock_app_id	googleadwords_int	739276167	mc_1fbdf2e3	47.495494906015217	5954	143	63	41.812399308399996	0.0	41.812399308399996	0.88034453354237041	0.75389674453992406
2026-06-08	mock_app_id	googleadwords_int	750609416	mc_09bed4a1	0.0	0	0	0	0.014056212600000003	0.0	0.014056212600000003
2026-06-08	mock_app_id	googleadwords_int	788967442	mc_475f8981	0.053278634899999996	110	2	0	0.0502719157	53.617977109200005	53.668249024900007	1007.3127647814417
2026-06-08	mock_app_id	googleadwords_int	792104306	mc_6fcee95d	31.9599186675	33788	1576	779	15.02249887140022	0.0	15.02249887140022	0.47004183670456523	0.041026853231707315
2026-06-08	mock_app_id	googleadwords_int	807692205	mc_e4bf86e4	0.0	0	0	0	0.0024000276	0.0	0.0024000276
2026-06-08	mock_app_id	googleadwords_int	821866242	mc_e6535e2b	0.0	0	0	0	0.14931509289999989	0.0	0.14931509289999989
2026-06-08	mock_app_id	googleadwords_int	833789410	mc_970b80f7	0.0	0	0	0	2.3015232825000096	200.88535474100004	203.18687802350004
2026-06-08	mock_app_id	googleadwords_int	834117318	mc_ae804aae	0.0	0	0	1	0.0	0.0	0.0
2026-06-08	mock_app_id	googleadwords_int	876522969	mc_db4f67c3	0.0	0	0	0	0.0063886085000000011	0.0	0.0063886085000000011
2026-06-08	mock_app_id	googleadwords_int	889798464	mc_2254e49d	0.0	0	0	0	0.0055108914	0.0	0.0055108914
2026-06-08	mock_app_id	googleadwords_int	913642206	mc_6fdcae3c	0.0	0	0	0	0.0126931396	0.0	0.0126931396
2026-06-08	mock_app_id	googleadwords_int	914138760	mc_0365d47f	0.0	0	0	0	0.0013324994000000001	0.0	0.0013324994000000001
2026-06-08	mock_app_id	googleadwords_int	968884154	mc_90337527	0.0	0	0	0	0.070918013	45.5254330906	45.5963511036
2026-06-08	mock_app_id	googleadwords_int	998337322	mc_fe944d1c	94.18342584809966	89029	3933	1862	51.36086325459916	97.4031417793	148.76400503389917	1.5795136319826359	0.050581861357733439
2026-06-08	mock_app_id	other		Unattributed	0.0	0	0	1258	13.382571732199986	0.0	13.382571732199986
2026-06-08	mock_app_id	unknown		Unattributed	0.0	0	0	39	0.3250763497999995	432.14835691010006	432.47343325990005
2026-06-09	mock_app_id	googleadwords_int		Unattributed	0.0	0	0	3813	5.2893538205000024	43.287122	48.5764758205
2026-06-09	mock_app_id	googleadwords_int	109075442	mc_df87094f	0.0	0	0	0	0.13339134290000004	25.465260999999998	25.5986523429
2026-06-09	mock_app_id	googleadwords_int	126634786	mc_fb57024c	0.0	0	0	0	0.78044209600000014	0.0	0.78044209600000014
2026-06-09	mock_app_id	googleadwords_int	130583643	mc_4d36fd16	0.0	0	0	0	0.0024522575	0.0	0.0024522575
2026-06-09	mock_app_id	googleadwords_int	132608256	mc_9772a6c4	0.0	0	0	1	0.0314716995	0.0	0.0314716995
2026-06-09	mock_app_id	googleadwords_int	140410898	mc_a2e93e84	84.662499534699975	11035	328	121	56.277249728698209	103.13494399999999	159.41219372869818	1.8829138592035204	0.69969007879917333
2026-06-09	mock_app_id	googleadwords_int	148918961	mc_993fe179	19.557849089999998	36741	851	221	3.2050674311000038	69.7976408802	73.002708311300012	3.7326552615965616	0.088497054705882344
2026-06-09	mock_app_id	googleadwords_int	161694703	mc_2c0c0430	114.98269064719996	204043	9900	3150	70.487678114896354	94.2137012795	164.70137939439635	1.4324015072820626	0.036502441475301572
2026-06-09	mock_app_id	googleadwords_int	243641668	mc_1e8723bd	12.474204115527712	22519	823	325	10.6024251112	0.0	10.6024251112	0.849948021774171	0.038382166509316036
2026-06-09	mock_app_id	googleadwords_int	261307969	mc_b4ba1e63	41.931201892500034	10456	221	91	24.196302458100018	26.0164686127	50.212771070800017	1.1975037395668178	0.46078243837912125
2026-06-09	mock_app_id	googleadwords_int	262368493	mc_c13d8f45	9.6355050378000051	9442	236	105	4.3633559104999975	62.6290425187	66.9923984292	6.9526608274697983	0.091766714645714328
2026-06-09	mock_app_id	googleadwords_int	265069104	mc_b8b1eac5	12.29733429004264	16799	428	66	2.3560831456000022	0.0	2.3560831456000022	0.1915929981270626	0.18632324681882786
2026-06-09	mock_app_id	googleadwords_int	303460318	mc_483107f1	0.0	0	0	0	0.068537093900000012	0.0	0.068537093900000012
2026-06-09	mock_app_id	googleadwords_int	324659865	mc_cb530cbb	0.0	0	0	0	0.0034115042	0.0	0.0034115042
2026-06-09	mock_app_id	googleadwords_int	351751429	mc_b7e37028	6.1908725638462361	847	18	7	4.9925924459999953	0.0	4.9925924459999953	0.80644406656922385	0.884410366263748
2026-06-09	mock_app_id	googleadwords_int	375451353	mc_055f8111	0.0	0	0	0	0.1261632343	0.0	0.1261632343
2026-06-09	mock_app_id	googleadwords_int	414724209	mc_5dcabbd9	0.0	0	0	0	2.3570092709	0.0	2.3570092709
2026-06-09	mock_app_id	googleadwords_int	429833705	mc_a544a26e	0.0	0	0	0	0.020409151900000002	0.0	0.020409151900000002
2026-06-09	mock_app_id	googleadwords_int	442262115	mc_1941c5ac	0.0	0	0	0	0.0014993803000000001	0.0	0.0014993803000000001
2026-06-09	mock_app_id	googleadwords_int	444817371	mc_3016a669	0.0	0	0	0	0.0	0.0	0.0
2026-06-09	mock_app_id	googleadwords_int	458610769	mc_e6a4a79e	0.0	0	0	0	6.11472e-05	0.0	6.11472e-05
2026-06-09	mock_app_id	googleadwords_int	489467143	mc_7822c4d6	0.0	0	0	0	0.0022522552	0.0	0.0022522552
2026-06-09	mock_app_id	googleadwords_int	514288304	mc_c95b5395	2.5175593205	3141	151	73	2.1110204547999945	0.0	2.1110204547999945	0.83851865479806642	0.034487113979452061
2026-06-09	mock_app_id	googleadwords_int	532599141	mc_759b1811	0.0	0	0	0	2.42041e-05	0.0	2.42041e-05
2026-06-09	mock_app_id	googleadwords_int	544153460	mc_21ff68ff	0.0	0	0	0	0.078956321999999926	0.0	0.078956321999999926
2026-06-09	mock_app_id	googleadwords_int	557162896	mc_b0c8a1e0	32.217575145100007	12333	638	254	12.288895460799996	108.817633554	121.10652901479999	3.7590206112460689	0.12684084702795279
2026-06-09	mock_app_id	googleadwords_int	558817371	mc_b669eb6d	0.0	0	0	0	1.2739e-06	0.0	1.2739e-06
2026-06-09	mock_app_id	googleadwords_int	562523633	mc_13ddbb14	0.0	0	0	0	0.0098077561000000021	0.0	0.0098077561000000021
2026-06-09	mock_app_id	googleadwords_int	574617314	mc_a3bfa925	0.0	0	0	0	0.049426046099999787	0.0	0.049426046099999787
2026-06-09	mock_app_id	googleadwords_int	585166272	mc_60587c25	4.1074522402063733	3321	78	26	5.6754245023000029	0.0	5.6754245023000029	1.3817384038566078	0.15797893231562973
2026-06-09	mock_app_id	googleadwords_int	612287821	mc_6b5afb99	0.0	0	0	2	0.064354880199999992	0.0	0.064354880199999992
2026-06-09	mock_app_id	googleadwords_int	614391176	mc_c7abcb25	0.0	0	0	0	0.0	0.0	0.0
2026-06-09	mock_app_id	googleadwords_int	622845378	mc_1700d8b1	0.0	0	0	0	9.55425e-05	0.0	9.55425e-05
2026-06-09	mock_app_id	googleadwords_int	624225880	mc_ae3dba5e	0.40116711920000003	129	3	0	0.0	0.0	0.0	0.0
2026-06-09	mock_app_id	googleadwords_int	672267645	mc_caa37664	0.0	0	0	0	1.2739e-06	0.0	1.2739e-06
2026-06-09	mock_app_id	googleadwords_int	739276167	mc_1fbdf2e3	45.955968434845367	6121	138	61	56.122012274699969	6.3567610000000005	62.478773274699968	1.359535559853994	0.7533765317187765
2026-06-09	mock_app_id	googleadwords_int	770142071	mc_13d78e8d	0.0	0	0	0	0.00011337710000000002	0.0	0.00011337710000000002
2026-06-09	mock_app_id	googleadwords_int	788967442	mc_475f8981	0.0803520613	109	5	2	0.44311210209999996	0.0	0.44311210209999996	5.5146326669282342	0.04017603065
2026-06-09	mock_app_id	googleadwords_int	792104306	mc_6fcee95d	19.807792505299972	21952	1125	513	9.6518957088999571	90.1493755594	99.801271268299956	5.038485295198651	0.038611681296881036
2026-06-09	mock_app_id	googleadwords_int	807898159	mc_ce3403c4	0.0	0	0	0	0.36336086650000005	0.0	0.36336086650000005
2026-06-09	mock_app_id	googleadwords_int	821866242	mc_e6535e2b	0.0	0	0	0	0.049769999100000073	0.0	0.049769999100000073
2026-06-09	mock_app_id	googleadwords_int	822177103	mc_96cf8fb0	0.0	0	0	0	0.0004305782	0.0	0.0004305782
2026-06-09	mock_app_id	googleadwords_int	827748605	mc_cdc62e82	0.0	0	0	0	0.0612147167	0.0	0.0612147167
2026-06-09	mock_app_id	googleadwords_int	833789410	mc_970b80f7	0.0	0	0	0	1.0334246230999979	76.049186657499988	77.082611280599991
2026-06-09	mock_app_id	googleadwords_int	889798464	mc_2254e49d	0.0	0	0	0	0.0833665638	0.0	0.0833665638
2026-06-09	mock_app_id	googleadwords_int	914138760	mc_0365d47f	0.0	0	0	0	0.0066968923	0.0	0.0066968923
2026-06-09	mock_app_id	googleadwords_int	998337322	mc_fe944d1c	92.16337735419971	87199	3757	1593	46.338509956799896	133.8941193825	180.2326293392999	1.9555775245370501	0.057855227466540933
2026-06-09	mock_app_id	other		Unattributed	0.0	0	0	1126	15.435404256702906	38.204261	53.639665256702912
2026-06-09	mock_app_id	unknown		Unattributed	0.0	0	0	47	0.19988382729999904	245.66329388520003	245.86317771250003
2026-06-10	mock_app_id	googleadwords_int		Unattributed	0.0	0	0	885	2.1511521265000009	8.3991195187	10.5502716452
2026-06-10	mock_app_id	googleadwords_int	117758408	mc_9cb1c00c	0.0	0	0	0	0.0040064155000000008	0.0	0.0040064155000000008
2026-06-10	mock_app_id	googleadwords_int	126634786	mc_fb57024c	0.0	0	0	0	0.4813775103	0.0	0.4813775103
2026-06-10	mock_app_id	googleadwords_int	132608256	mc_9772a6c4	0.0	0	0	0	0.0	0.0	0.0
2026-06-10	mock_app_id	googleadwords_int	140410898	mc_a2e93e84	65.233700823599975	9896	275	108	49.389272428700643	182.065788	231.45506042870065	3.5480902893212187	0.60401574836666638
2026-06-10	mock_app_id	googleadwords_int	148918961	mc_993fe179	15.389917391099997	28847	696	191	2.2070903493999978	34.8715895537	37.078679903099996	2.4092838811820152	0.080575483723036634
2026-06-10	mock_app_id	googleadwords_int	161694703	mc_2c0c0430	113.95600548590012	201207	9796	3331	79.096912151794726	163.1193930489	242.21630520069473	2.1255247072578758	0.034210749170189167
2026-06-10	mock_app_id	googleadwords_int	189207818	mc_9eb39c3f	0.0	0	0	0	5.0956e-06	0.0	5.0956e-06
2026-06-10	mock_app_id	googleadwords_int	206117838	mc_451e8488	0.0	0	0	0	0.0	0.0	0.0
2026-06-10	mock_app_id	googleadwords_int	240191289	mc_149c320f	0.0	0	0	0	0.014764501	0.0	0.014764501
2026-06-10	mock_app_id	googleadwords_int	243641668	mc_1e8723bd	11.876461503377396	20546	783	323	10.622244447400002	39.1608898355	49.7831342829	4.1917480445453226	0.036769230660611135
2026-06-10	mock_app_id	googleadwords_int	261307969	mc_b4ba1e63	44.324980355299985	10958	218	97	28.575748999500018	0.0	28.575748999500018	0.64468723438662923	0.45695856036391735
2026-06-10	mock_app_id	googleadwords_int	262368493	mc_c13d8f45	10.454936740599996	10078	280	108	4.5499172916000017	0.0	4.5499172916000017	0.43519319193306644	0.096804969820370332
2026-06-10	mock_app_id	googleadwords_int	265069104	mc_b8b1eac5	0.0	0	0	2	0.06499437799999995	0.0	0.06499437799999995
2026-06-10	mock_app_id	googleadwords_int	303460318	mc_483107f1	0.0	0	0	0	1.2739e-06	0.0	1.2739e-06
2026-06-10	mock_app_id	googleadwords_int	324659865	mc_cb530cbb	0.0	0	0	0	0.0001490463	0.0	0.0001490463
2026-06-10	mock_app_id	googleadwords_int	351751429	mc_b7e37028	12.156185672623984	922	32	27	11.336704892899997	0.0	11.336704892899997	0.93258734262594578	0.45022909898607349
2026-06-10	mock_app_id	googleadwords_int	373680283	mc_541ebe5c	0.0	0	0	0	2.5478e-06	0.0	2.5478e-06
2026-06-10	mock_app_id	googleadwords_int	414724209	mc_5dcabbd9	0.0	0	0	0	1.7641514977000001	21.643561	23.407712497699997
2026-06-10	mock_app_id	googleadwords_int	417871389	mc_46e33ad3	0.0	0	0	0	0.0019732711	0.0	0.0019732711
2026-06-10	mock_app_id	googleadwords_int	429833705	mc_a544a26e	0.0	0	0	0	0.0010051071000000001	0.0	0.0010051071000000001
2026-06-10	mock_app_id	googleadwords_int	442262115	mc_1941c5ac	0.0	0	0	0	1.2739e-06	0.0	1.2739e-06
2026-06-10	mock_app_id	googleadwords_int	514288304	mc_c95b5395	3.6667746825999989	5373	229	102	2.7221956360999977	0.0	2.7221956360999977	0.74239512152673948	0.0359487713980392
2026-06-10	mock_app_id	googleadwords_int	532599141	mc_759b1811	0.0	0	0	0	0.0025439783000000002	0.0	0.0025439783000000002
2026-06-10	mock_app_id	googleadwords_int	557162896	mc_b0c8a1e0	0.0	0	0	9	0.78390965179999983	20.4151430517	21.199052703499998
2026-06-10	mock_app_id	googleadwords_int	574617314	mc_a3bfa925	0.0	0	0	0	0.0031083160000000003	0.0	0.0031083160000000003
2026-06-10	mock_app_id	googleadwords_int	585166272	mc_60587c25	4.2390767775964822	3447	76	20	3.7748434101999995	0.0	3.7748434101999995	0.89048715280413049	0.21195383887982411
2026-06-10	mock_app_id	googleadwords_int	612287821	mc_6b5afb99	0.0	0	0	1	0.11713383110000003	7.4314179444000033	7.5485517755000036
2026-06-10	mock_app_id	googleadwords_int	624225880	mc_ae3dba5e	0.7253435718	194	6	1	0.0887946517	0.0	0.0887946517	0.12241736902644459	0.7253435718
2026-06-10	mock_app_id	googleadwords_int	672267645	mc_caa37664	0.0	0	0	0	1.1465100000000001e-05	0.0	1.1465100000000001e-05
2026-06-10	mock_app_id	googleadwords_int	693949602	mc_cc915a95	0.0	0	0	0	7.51601e-05	0.0	7.51601e-05
2026-06-10	mock_app_id	googleadwords_int	739276167	mc_1fbdf2e3	47.135691769989045	4709	123	52	50.138628816899931	0.0	50.138628816899931	1.0637083478389264	0.90645561096132776
2026-06-10	mock_app_id	googleadwords_int	788967442	mc_475f8981	0.0455777781	95	2	1	0.06678165970000001	35.1019947511	35.1687764108	771.6211249622105	0.0455777781
2026-06-10	mock_app_id	googleadwords_int	792104306	mc_6fcee95d	12.839639193599998	20036	954	404	7.3131337815998787	68.5032565682	75.816390349799875	5.9048692261999891	0.031781285132673261
2026-06-10	mock_app_id	googleadwords_int	807898159	mc_ce3403c4	0.0	0	0	0	0.1375226006	0.0	0.1375226006
2026-06-10	mock_app_id	googleadwords_int	821866242	mc_e6535e2b	0.0	0	0	0	0.0014178506999999998	0.0	0.0014178506999999998
2026-06-10	mock_app_id	googleadwords_int	822177103	mc_96cf8fb0	0.0	0	0	0	0.0011401405	0.0	0.0011401405
2026-06-10	mock_app_id	googleadwords_int	833789410	mc_970b80f7	0.0	0	0	0	1.0917526824000074	115.9419524254	117.03370510780002
2026-06-10	mock_app_id	googleadwords_int	889798464	mc_2254e49d	0.0	0	0	0	0.030271685700000002	0.0	0.030271685700000002
2026-06-10	mock_app_id	googleadwords_int	953724624	mc_6aedfff8	0.0	0	0	0	0.0113440795	0.0	0.0113440795
2026-06-10	mock_app_id	googleadwords_int	969393970	mc_d64553bd	0.0	0	0	0	0.0	0.0	0.0
2026-06-10	mock_app_id	googleadwords_int	998337322	mc_fe944d1c	82.506562327099715	90088	3711	1651	44.467843858400116	101.1243960382	145.59223989660012	1.7646140596598288	0.049973690083040409
2026-06-10	mock_app_id	other		Unattributed	0.0	0	0	1098	12.866313566000002	82.120762212300008	94.98707577830001
2026-06-10	mock_app_id	unknown		Unattributed	0.0	0	0	21	0.15201703480000003	304.1259649243	304.2779819591
2026-06-11	mock_app_id	googleadwords_int		Unattributed	0.0	0	0	1193	1.9930866145000004	25.935891889900002	27.928978504400003
2026-06-11	mock_app_id	googleadwords_int	109075442	mc_df87094f	0.0	0	0	0	0.2500487354	19.095761	19.3458097354
2026-06-11	mock_app_id	googleadwords_int	126634786	mc_fb57024c	0.0	0	0	0	0.27008718240000007	0.0	0.27008718240000007
2026-06-11	mock_app_id	googleadwords_int	132608256	mc_9772a6c4	0.0	0	0	0	0.010611586999999995	0.0	0.010611586999999995
2026-06-11	mock_app_id	googleadwords_int	140410898	mc_a2e93e84	58.1077792189	8894	270	118	43.641687860899765	98.05208300000001	141.69377086089978	2.4384647419946965	0.4924388069398305
2026-06-11	mock_app_id	googleadwords_int	148918961	mc_993fe179	17.799764801499997	25310	762	238	3.4890796144000049	31.3286035869	34.817683201300007	1.9560754644559066	0.074788927737394942
2026-06-11	mock_app_id	googleadwords_int	161694703	mc_2c0c0430	116.90475257339999	189171	9572	3245	63.392620726497562	6.8222720858000017	70.214892812297563	0.60061623900373373	0.036026117896271186
2026-06-11	mock_app_id	googleadwords_int	232146533	mc_a35fcde2	0.0	0	0	0	0.0016891914	0.0	0.0016891914
2026-06-11	mock_app_id	googleadwords_int	243641668	mc_1e8723bd	11.623881755026657	21345	833	321	11.985088145399999	0.0	11.985088145399999	1.0310745066050884	0.036211469641827594
2026-06-11	mock_app_id	googleadwords_int	260632737	mc_a999e2ed	0.0	0	0	0	0.0	0.0	0.0
2026-06-11	mock_app_id	googleadwords_int	261307969	mc_b4ba1e63	45.912054196999989	10732	237	93	29.454582035900021	7.5764323509	37.031014386800024	0.80656409377604643	0.49367800211827945
2026-06-11	mock_app_id	googleadwords_int	262368493	mc_c13d8f45	14.781172147099998	10980	320	134	4.7255817320999975	0.0	4.7255817320999975	0.31970277357382215	0.11030725482910446
2026-06-11	mock_app_id	googleadwords_int	265069104	mc_b8b1eac5	0.0	0	0	8	0.056282175899999995	4.6921112835	4.7483934594
2026-06-11	mock_app_id	googleadwords_int	303460318	mc_483107f1	0.0	0	0	0	0.014471503999999998	0.0	0.014471503999999998
2026-06-11	mock_app_id	googleadwords_int	324659865	mc_cb530cbb	0.0	0	0	0	0.0045465491	0.0	0.0045465491
2026-06-11	mock_app_id	googleadwords_int	351751429	mc_b7e37028	21.307624703617307	1205	44	15	12.4418933986	0.0	12.4418933986	0.58391742729013763	1.4205083135744871
2026-06-11	mock_app_id	googleadwords_int	414724209	mc_5dcabbd9	0.0	0	0	0	1.3364497639	59.847822	61.1842717639
2026-06-11	mock_app_id	googleadwords_int	429833705	mc_a544a26e	0.0	0	0	0	0.059017239199999988	0.0	0.059017239199999988
2026-06-11	mock_app_id	googleadwords_int	442262115	mc_1941c5ac	0.0	0	0	0	0.0033987652000000007	0.0	0.0033987652000000007
2026-06-11	mock_app_id	googleadwords_int	448176306	mc_d1c03fd5	0.0	0	0	0	0.033684463800000009	0.0	0.033684463800000009
2026-06-11	mock_app_id	googleadwords_int	458610769	mc_e6a4a79e	0.0	0	0	0	0.2773114693	0.0	0.2773114693
2026-06-11	mock_app_id	googleadwords_int	513913086	mc_2472b5d9	0.0	0	0	1	2.5478e-06	0.0	2.5478e-06
2026-06-11	mock_app_id	googleadwords_int	514288304	mc_c95b5395	5.6928998881	7972	292	136	4.0279253015000078	0.0	4.0279253015000078	0.70753489094717315	0.0418595580007353
2026-06-11	mock_app_id	googleadwords_int	525989111	mc_c82cc8f4	0.0	0	0	2	0.0	0.0	0.0
2026-06-11	mock_app_id	googleadwords_int	532599141	mc_759b1811	0.0	0	0	0	0.0082217506	0.0	0.0082217506
2026-06-11	mock_app_id	googleadwords_int	544153460	mc_21ff68ff	0.0	0	0	0	0.0	0.0	0.0
2026-06-11	mock_app_id	googleadwords_int	557162896	mc_b0c8a1e0	0.0	0	0	8	0.25065511179999994	41.6097804178	41.860435529600004
2026-06-11	mock_app_id	googleadwords_int	574617314	mc_a3bfa925	0.0	0	0	0	0.0696160872	29.806159327400003	29.875775414600003
2026-06-11	mock_app_id	googleadwords_int	585166272	mc_60587c25	3.037209932825494	3019	51	18	5.336736531	0.0	5.336736531	1.7571180949073457	0.16873388515697188
2026-06-11	mock_app_id	googleadwords_int	612287821	mc_6b5afb99	0.0	0	0	6	0.11961666220000003	0.0	0.11961666220000003
2026-06-11	mock_app_id	googleadwords_int	614391176	mc_c7abcb25	0.0	0	0	0	0.0199136048	0.0	0.0199136048
2026-06-11	mock_app_id	googleadwords_int	624225880	mc_ae3dba5e	0.0671847679	97	6	1	0.2225961904	0.0	0.2225961904	3.3131943051633286	0.0671847679
2026-06-11	mock_app_id	googleadwords_int	728115589	mc_337b8797	0.0	0	0	0	0.0002012762	0.0	0.0002012762
2026-06-11	mock_app_id	googleadwords_int	739276167	mc_1fbdf2e3	45.618264330241317	5333	123	56	31.631097511400007	0.0	31.631097511400007	0.69338669446989631	0.81461186304002353
2026-06-11	mock_app_id	googleadwords_int	788967442	mc_475f8981	0.0197037455	118	1	1	0.19158564269999998	6.2273977289	6.4189833715999995	325.7747808202252	0.0197037455
2026-06-11	mock_app_id	googleadwords_int	792104306	mc_6fcee95d	16.959465762200004	20768	977	445	7.953690192499975	76.661352933	84.61504312549998	4.989251684690073	0.038111159016179785
2026-06-11	mock_app_id	googleadwords_int	807898159	mc_ce3403c4	0.0	0	0	0	0.39344019329999996	0.0	0.39344019329999996
2026-06-11	mock_app_id	googleadwords_int	821866242	mc_e6535e2b	0.0	0	0	0	0.036641185700000051	0.0	0.036641185700000051
2026-06-11	mock_app_id	googleadwords_int	833789410	mc_970b80f7	0.0	0	0	0	0.62164281759999762	106.2042952207	106.8259380383
2026-06-11	mock_app_id	googleadwords_int	889798464	mc_2254e49d	0.0	0	0	0	0.0013108431000000008	-43.942276031	-43.9409651879
2026-06-11	mock_app_id	googleadwords_int	914138760	mc_0365d47f	0.0	0	0	0	0.0030165952	0.0	0.0030165952
2026-06-11	mock_app_id	googleadwords_int	998337322	mc_fe944d1c	102.89606326649961	89369	4002	1896	47.677832365196835	169.4045634167	217.08239578189682	2.1097249874337365	0.054270075562499791
2026-06-11	mock_app_id	other		Unattributed	0.0	0	0	2103	15.85357976630003	94.920748900900008	110.77432866720004
2026-06-11	mock_app_id	unknown		Unattributed	0.0	0	0	19	0.29173201729999987	174.5058908711	174.7976228884
2026-06-12	mock_app_id	googleadwords_int		Unattributed	0.0	0	0	1710	3.5173500031999962	140.3998629875	143.9172129907
2026-06-12	mock_app_id	googleadwords_int	109075442	mc_df87094f	0.0	0	0	0	0.4779621844	0.0	0.4779621844
2026-06-12	mock_app_id	googleadwords_int	126634786	mc_fb57024c	0.0	0	0	0	2.3754757253000003	0.0	2.3754757253000003
2026-06-12	mock_app_id	googleadwords_int	132608256	mc_9772a6c4	0.0	0	0	0	0.0322233005	0.0	0.0322233005
2026-06-12	mock_app_id	googleadwords_int	140410898	mc_a2e93e84	48.723383628500017	8528	207	98	32.74867469459987	164.25666600000002	197.00534069459991	4.0433427652870266	0.4971773839642859
2026-06-12	mock_app_id	googleadwords_int	148918961	mc_993fe179	20.470381091999986	28986	870	250	3.3545825263	0.0	3.3545825263	0.16387494259259305	0.081881524367999947
2026-06-12	mock_app_id	googleadwords_int	161694703	mc_2c0c0430	104.47047593620015	193853	9914	3248	68.5057890813984	127.78729883640001	196.2930879177984	1.8789336045302798	0.0321645553990764
2026-06-12	mock_app_id	googleadwords_int	189207818	mc_9eb39c3f	0.0	0	0	0	0.0046446394000000009	0.0	0.0046446394000000009
2026-06-12	mock_app_id	googleadwords_int	243641668	mc_1e8723bd	10.393302219763889	21929	843	316	9.3207759775000163	0.0	9.3207759775000163	0.89680601799259152	0.032890196897986994
2026-06-12	mock_app_id	googleadwords_int	261307969	mc_b4ba1e63	50.91141235040002	10207	250	112	33.080935840400038	45.5032137268	78.584149567200029	1.543546838306924	0.45456618170000018
2026-06-12	mock_app_id	googleadwords_int	262368493	mc_c13d8f45	11.3013670094	10174	280	92	4.8412098133999928	44.158469600000004	48.999679413399996	4.3357303034795818	0.12284094575434783
2026-06-12	mock_app_id	googleadwords_int	265069104	mc_b8b1eac5	0.0	0	0	0	0.039420835499999994	19.5632109616	19.6026317971
2026-06-12	mock_app_id	googleadwords_int	303460318	mc_483107f1	0.0	0	0	0	0.029551932200000002	0.0	0.029551932200000002
2026-06-12	mock_app_id	googleadwords_int	324659865	mc_cb530cbb	0.0	0	0	0	1.52868e-05	0.0	1.52868e-05
2026-06-12	mock_app_id	googleadwords_int	351751429	mc_b7e37028	6.8799499350487459	1221	24	13	6.4996734715000013	0.0	6.4996734715000013	0.94472685598895279	0.52922691808067279
2026-06-12	mock_app_id	googleadwords_int	373680283	mc_541ebe5c	0.0	0	0	0	0.00020255009999999994	0.0	0.00020255009999999994
2026-06-12	mock_app_id	googleadwords_int	414724209	mc_5dcabbd9	0.0	0	0	0	0.2525443055	38.204261	38.456805305500005
2026-06-12	mock_app_id	googleadwords_int	417871389	mc_46e33ad3	0.0	0	0	0	0.0001515941	0.0	0.0001515941
2026-06-12	mock_app_id	googleadwords_int	429833705	mc_a544a26e	0.0	0	0	0	0.052401876500000007	0.0	0.052401876500000007
2026-06-12	mock_app_id	googleadwords_int	442262115	mc_1941c5ac	0.0	0	0	0	0.0168855445	0.0	0.0168855445
2026-06-12	mock_app_id	googleadwords_int	448176306	mc_d1c03fd5	0.0	0	0	0	0.0	26.0103946575	26.0103946575
2026-06-12	mock_app_id	googleadwords_int	513499437	mc_c9d56aa3	0.0	0	0	0	0.0045771227	0.0	0.0045771227
2026-06-12	mock_app_id	googleadwords_int	514288304	mc_c95b5395	5.3760866067999986	7429	284	200	3.6743467131000234	0.0	3.6743467131000234	0.6834612203703132	0.026880433033999993
2026-06-12	mock_app_id	googleadwords_int	557162896	mc_b0c8a1e0	0.0	0	0	7	0.32472730120000021	47.4716491024	47.7963764036
2026-06-12	mock_app_id	googleadwords_int	574617314	mc_a3bfa925	0.0	0	0	0	0.0220792348	0.0	0.0220792348
2026-06-12	mock_app_id	googleadwords_int	585166272	mc_60587c25	3.2834997928947494	2897	64	24	5.5391630627	0.0	5.5391630627	1.6869692133638441	0.13681249137061455
2026-06-12	mock_app_id	googleadwords_int	612287821	mc_6b5afb99	0.0	0	0	2	0.0539280087	0.0	0.0539280087
2026-06-12	mock_app_id	googleadwords_int	622845378	mc_1700d8b1	0.0	0	0	0	0.044361019700000004	0.0	0.044361019700000004
2026-06-12	mock_app_id	googleadwords_int	624225880	mc_ae3dba5e	1.1063366269	159	7	1	0.0950265705	0.0	0.0950265705	0.0858929987396949	1.1063366269
2026-06-12	mock_app_id	googleadwords_int	728115589	mc_337b8797	0.0	0	0	0	0.010402667400000001	0.0	0.010402667400000001
2026-06-12	mock_app_id	googleadwords_int	739276167	mc_1fbdf2e3	47.026447969181739	5386	131	55	29.17645909229995	0.0	29.17645909229995	0.62042659720803106	0.8550263267123952
2026-06-12	mock_app_id	googleadwords_int	770142071	mc_13d78e8d	0.0	0	0	0	3.69431e-05	0.0	3.69431e-05
2026-06-12	mock_app_id	googleadwords_int	788967442	mc_475f8981	0.10144235160000001	124	5	1	0.059038895499999994	0.0	0.059038895499999994	0.58199454733460643	0.10144235160000001
2026-06-12	mock_app_id	googleadwords_int	792104306	mc_6fcee95d	16.891874144299997	21673	1024	444	6.9895631815999888	44.013818255	51.003381436599987	3.0194033534053175	0.038044761586261258
2026-06-12	mock_app_id	googleadwords_int	821866242	mc_e6535e2b	0.0	0	0	0	3.31214e-05	0.0	3.31214e-05
2026-06-12	mock_app_id	googleadwords_int	822177103	mc_96cf8fb0	0.0	0	0	0	0.0026102211	0.0	0.0026102211
2026-06-12	mock_app_id	googleadwords_int	833789410	mc_970b80f7	0.0	0	0	0	1.9278056090000018	130.29521557520002	132.2230211842
2026-06-12	mock_app_id	googleadwords_int	839748211	mc_708ecf59	0.0	0	0	0	0.0	0.0	0.0
2026-06-12	mock_app_id	googleadwords_int	913642206	mc_6fdcae3c	0.0	0	0	0	0.0019006587999999998	0.0	0.0019006587999999998
2026-06-12	mock_app_id	googleadwords_int	998337322	mc_fe944d1c	95.589614993499879	87537	3943	1775	48.612745027398532	117.19045340720001	165.80319843459853	1.7345315016267531	0.053853304221690074
2026-06-12	mock_app_id	other		Unattributed	0.0	0	0	1204	15.247789360299995	27.996580555700003	43.244369916
2026-06-12	mock_app_id	unknown		Unattributed	0.0	0	0	33	0.3901178621000001	247.3491705974	247.7392884595
2026-06-13	mock_app_id	googleadwords_int		Unattributed	0.0	0	0	636	3.2489723946000066	28.209590648600013	31.458563043200019
2026-06-13	mock_app_id	googleadwords_int	109075442	mc_df87094f	0.0	0	0	0	0.6903034798	91.695322	92.3856254798
2026-06-13	mock_app_id	googleadwords_int	126634786	mc_fb57024c	0.0	0	0	0	0.1129554391	0.0	0.1129554391
2026-06-13	mock_app_id	googleadwords_int	130583643	mc_4d36fd16	0.0	0	0	0	0.0108166849	0.0	0.0108166849
2026-06-13	mock_app_id	googleadwords_int	140410898	mc_a2e93e84	77.722123499900007	9618	286	137	51.532377328897759	38.204261	89.736638328897754	1.1545829461158921	0.56731477007226283
2026-06-13	mock_app_id	googleadwords_int	148918961	mc_993fe179	28.535815363300014	38717	1230	377	5.0619868745999872	35.2528308806	40.314817755199989	1.4127795979171136	0.075691817939787839
2026-06-13	mock_app_id	googleadwords_int	161694703	mc_2c0c0430	120.36344707830007	209261	10339	3440	78.442075321896183	217.2902771534	295.73235247529618	2.4569947077281138	0.034989374150668627
2026-06-13	mock_app_id	googleadwords_int	243641668	mc_1e8723bd	11.195960093251582	22747	809	308	14.103020781599945	0.0	14.103020781599945	1.2596526482887884	0.036350519783284359
2026-06-13	mock_app_id	googleadwords_int	261307969	mc_b4ba1e63	49.005660227000021	10585	252	81	23.090910128400033	0.0	23.090910128400033	0.47118863456670523	0.60500815095061755
2026-06-13	mock_app_id	googleadwords_int	262368493	mc_c13d8f45	10.3820918755	10814	288	103	4.7049063350999933	25.4246286856	30.12953502069999	2.9020678474056516	0.10079700850000001
2026-06-13	mock_app_id	googleadwords_int	265069104	mc_b8b1eac5	0.0	0	0	5	0.19747997799999964	42.1576606037	42.3551405817
2026-06-13	mock_app_id	googleadwords_int	292908581	mc_f42ebe24	0.0	0	0	0	0.0687893261	0.0	0.0687893261
2026-06-13	mock_app_id	googleadwords_int	303460318	mc_483107f1	0.0	0	0	0	0.0042599216	0.0	0.0042599216
2026-06-13	mock_app_id	googleadwords_int	324659865	mc_cb530cbb	0.0	0	0	0	6.3695000000000006e-06	0.0	6.3695000000000006e-06
2026-06-13	mock_app_id	googleadwords_int	351751429	mc_b7e37028	20.065534615079244	1373	48	23	15.056909458200003	0.0	15.056909458200003	0.75038665787079206	0.8724145484817063
2026-06-13	mock_app_id	googleadwords_int	373680283	mc_541ebe5c	0.0	0	0	0	0.0	0.0	0.0
2026-06-13	mock_app_id	googleadwords_int	404887833	mc_859c6e7e	0.0	0	0	0	0.0	45.756806452000006	45.756806452000006
2026-06-13	mock_app_id	googleadwords_int	414724209	mc_5dcabbd9	0.0	0	0	0	2.5847813169999938	38.204261	40.789042316999996
2026-06-13	mock_app_id	googleadwords_int	429833705	mc_a544a26e	0.0	0	0	0	0.0220333744	0.0	0.0220333744
2026-06-13	mock_app_id	googleadwords_int	448176306	mc_d1c03fd5	0.0	0	0	0	0.0	0.0	0.0
2026-06-13	mock_app_id	googleadwords_int	458610769	mc_e6a4a79e	0.0	0	0	0	0.201862194	0.0	0.201862194
2026-06-13	mock_app_id	googleadwords_int	514288304	mc_c95b5395	6.8485434802000009	8189	340	157	3.3523226276999996	0.0	3.3523226276999996	0.48949424609655839	0.043621296052229308
2026-06-13	mock_app_id	googleadwords_int	557162896	mc_b0c8a1e0	0.0	0	0	6	0.12476449209999996	83.176408747000011	83.301173239100009
2026-06-13	mock_app_id	googleadwords_int	574617314	mc_a3bfa925	0.0	0	0	0	0.0057159893	0.0	0.0057159893
2026-06-13	mock_app_id	googleadwords_int	585166272	mc_60587c25	2.8716330426726344	3195	65	14	3.3377186381	0.0	3.3377186381	1.1623068088788875	0.20511664590518816
2026-06-13	mock_app_id	googleadwords_int	590094865	mc_23f341fc	0.0	0	0	1	0.0	0.0	0.0
2026-06-13	mock_app_id	googleadwords_int	612287821	mc_6b5afb99	0.0	0	0	3	0.030822010500000007	0.0	0.030822010500000007
2026-06-13	mock_app_id	googleadwords_int	624225880	mc_ae3dba5e	1.2147816807	185	13	2	0.1313594724	0.0	0.1313594724	0.10813422237673691	0.60739084035
2026-06-13	mock_app_id	googleadwords_int	654635500	mc_67ff1f36	0.0	0	0	1	0.0	0.0	0.0
2026-06-13	mock_app_id	googleadwords_int	728115589	mc_337b8797	0.0	0	0	0	3.8217000000000004e-05	0.0	3.8217000000000004e-05
2026-06-13	mock_app_id	googleadwords_int	739276167	mc_1fbdf2e3	45.974933559596714	5070	119	56	32.62474205920001	38.204261	70.8290030592	1.5406004440960264	0.82098095642136992
2026-06-13	mock_app_id	googleadwords_int	770142071	mc_13d78e8d	0.0	0	0	0	0.0	0.0	0.0
2026-06-13	mock_app_id	googleadwords_int	788967442	mc_475f8981	0.1842680609	91	6	4	1.9753411875	0.0	1.9753411875	10.719932569171569	0.046067015225
2026-06-13	mock_app_id	googleadwords_int	792104306	mc_6fcee95d	21.645075842200004	23904	1196	523	10.244995523100068	0.0	10.244995523100068	0.47331760802270151	0.041386378283365208
2026-06-13	mock_app_id	googleadwords_int	807898159	mc_ce3403c4	0.0	0	0	0	0.2099094203	86.574244	86.784153420299987
2026-06-13	mock_app_id	googleadwords_int	821866242	mc_e6535e2b	0.0	0	0	0	0.054720374500000037	0.0	0.054720374500000037
2026-06-13	mock_app_id	googleadwords_int	827748605	mc_cdc62e82	0.0	0	0	0	0.0025248697999999997	0.0	0.0025248697999999997
2026-06-13	mock_app_id	googleadwords_int	833789410	mc_970b80f7	0.0	0	0	0	1.1251377797000006	41.0281227734	42.1532605531
2026-06-13	mock_app_id	googleadwords_int	889798464	mc_2254e49d	0.0	0	0	0	0.0039885809	0.0	0.0039885809
2026-06-13	mock_app_id	googleadwords_int	914138760	mc_0365d47f	0.0	0	0	0	0.0026051255	0.0	0.0026051255
2026-06-13	mock_app_id	googleadwords_int	976430758	mc_989b490b	0.0	0	0	0	0.009829412400000001	0.0	0.009829412400000001
2026-06-13	mock_app_id	googleadwords_int	998337322	mc_fe944d1c	91.537116403999732	92383	3887	1752	48.658244913702958	345.02377027550006	393.682015189203	4.3007910960586146	0.05224721255936058
2026-06-13	mock_app_id	other		Unattributed	0.0	0	0	1216	14.890183974000109	0.0	14.890183974000109
2026-06-13	mock_app_id	unknown		Unattributed	0.0	0	0	22	0.84889383860000078	369.31890571729997	370.1677995559
2026-06-14	mock_app_id	googleadwords_int		Unattributed	0.0	0	0	1809	1.527520751	124.778505	126.30602575099999
2026-06-14	mock_app_id	googleadwords_int	109075442	mc_df87094f	0.0	0	0	0	0.2908721348	0.0	0.2908721348
2026-06-14	mock_app_id	googleadwords_int	117758408	mc_9cb1c00c	0.0	0	0	0	0.0039070513000000005	0.0	0.0039070513000000005
2026-06-14	mock_app_id	googleadwords_int	126634786	mc_fb57024c	0.0	0	0	0	0.022474143800000002	0.0	0.022474143800000002
2026-06-14	mock_app_id	googleadwords_int	132608256	mc_9772a6c4	0.0	0	0	0	0.0035006772	0.0	0.0035006772
2026-06-14	mock_app_id	googleadwords_int	140410898	mc_a2e93e84	67.897194798000058	10014	271	122	54.78036499879974	126.052405	180.83276999879973	2.6633319761853587	0.55653438359016438
2026-06-14	mock_app_id	googleadwords_int	148918961	mc_993fe179	27.419964956000033	38565	1193	345	4.8347180189999976	70.0301454648	74.8648634838	2.7303048564771442	0.079478159292753717
2026-06-14	mock_app_id	googleadwords_int	161694703	mc_2c0c0430	121.87775091530006	200330	9977	3372	83.048983077796123	46.865914747999987	129.91489782579612	1.0659443323341398	0.036144054245344025
2026-06-14	mock_app_id	googleadwords_int	189207818	mc_9eb39c3f	0.0	0	0	0	7.6434e-06	0.0	7.6434e-06
2026-06-14	mock_app_id	googleadwords_int	232146533	mc_a35fcde2	0.0	0	0	0	0.0326513309	0.0	0.0326513309
2026-06-14	mock_app_id	googleadwords_int	243641668	mc_1e8723bd	10.425912168729051	21844	800	308	10.578657958899994	0.0	10.578657958899994	1.0146505924564646	0.03385036418418523
2026-06-14	mock_app_id	googleadwords_int	261307969	mc_b4ba1e63	48.951954399599977	11475	256	94	27.240166761499971	0.0	27.240166761499971	0.55646739942466061	0.52076547233617
2026-06-14	mock_app_id	googleadwords_int	262368493	mc_c13d8f45	10.803417598500001	11330	305	116	6.7229422810999884	0.0	6.7229422810999884	0.62229773308341185	0.093132910331896565
2026-06-14	mock_app_id	googleadwords_int	265069104	mc_b8b1eac5	0.0	0	0	2	0.47000285720000079	42.1288870244	42.5988898816
2026-06-14	mock_app_id	googleadwords_int	292908581	mc_f42ebe24	0.0	0	0	0	0.0538872439	0.0	0.0538872439
2026-06-14	mock_app_id	googleadwords_int	303460318	mc_483107f1	0.0	0	0	0	0.039822114	0.0	0.039822114
2026-06-14	mock_app_id	googleadwords_int	324659865	mc_cb530cbb	0.0	0	0	0	0.0085504168	0.0	0.0085504168
2026-06-14	mock_app_id	googleadwords_int	351751429	mc_b7e37028	13.962579726054466	1507	33	22	12.059468618600002	0.0	12.059468618600002	0.86369917702935517	0.6346627148206575
2026-06-14	mock_app_id	googleadwords_int	373680283	mc_541ebe5c	0.0	0	0	0	3.5669200000000007e-05	0.0	3.5669200000000007e-05
2026-06-14	mock_app_id	googleadwords_int	404887833	mc_859c6e7e	0.0	0	0	0	0.0	0.0	0.0
2026-06-14	mock_app_id	googleadwords_int	414724209	mc_5dcabbd9	0.0	0	0	0	0.9316973386	6.3567610000000005	7.2884583386000008
2026-06-14	mock_app_id	googleadwords_int	429833705	mc_a544a26e	0.0	0	0	0	0.083058279999999846	0.0	0.083058279999999846
2026-06-14	mock_app_id	googleadwords_int	448176306	mc_d1c03fd5	0.0	0	0	0	0.56883966260000007	0.0	0.56883966260000007
2026-06-14	mock_app_id	googleadwords_int	458610769	mc_e6a4a79e	0.0	0	0	0	0.2130444882	0.0	0.2130444882
2026-06-14	mock_app_id	googleadwords_int	489467143	mc_7822c4d6	0.0	0	0	0	0.0020904699	0.0	0.0020904699
2026-06-14	mock_app_id	googleadwords_int	513913086	mc_2472b5d9	0.0	0	0	0	0.0024407924	0.0	0.0024407924
2026-06-14	mock_app_id	googleadwords_int	514288304	mc_c95b5395	5.4859686548000006	7515	314	113	3.1097707937999992	0.0	3.1097707937999992	0.56685901606074174	0.048548395175221241
2026-06-14	mock_app_id	googleadwords_int	525989111	mc_c82cc8f4	0.0	0	0	1	0.0	0.0	0.0
2026-06-14	mock_app_id	googleadwords_int	557162896	mc_b0c8a1e0	0.0	0	0	6	0.47340034849999918	20.6529559776	21.1263563261
2026-06-14	mock_app_id	googleadwords_int	574617314	mc_a3bfa925	0.0	0	0	0	0.022802809999999996	0.0	0.022802809999999996
2026-06-14	mock_app_id	googleadwords_int	585166272	mc_60587c25	3.8898564749306836	3041	63	21	3.1284703719000042	0.0	3.1284703719000042	0.80426370280300707	0.18523126071098495
2026-06-14	mock_app_id	googleadwords_int	612287821	mc_6b5afb99	0.0	0	0	2	0.076416165400000041	22.746960950100004	22.823377115500005
2026-06-14	mock_app_id	googleadwords_int	614391176	mc_c7abcb25	0.0	0	0	0	0.046276965300000007	0.0	0.046276965300000007
2026-06-14	mock_app_id	googleadwords_int	624225880	mc_ae3dba5e	0.38200692529999997	186	5	0	0.0	0.0	0.0	0.0
2026-06-14	mock_app_id	googleadwords_int	728115589	mc_337b8797	0.0	0	0	0	0.00012738999999999998	0.0	0.00012738999999999998
2026-06-14	mock_app_id	googleadwords_int	739276167	mc_1fbdf2e3	46.38338465661402	5370	119	46	35.7192158618	0.0	35.7192158618	0.77008644639102752	1.0083344490568265
2026-06-14	mock_app_id	googleadwords_int	750609416	mc_09bed4a1	0.0	0	0	0	0.011281658399999998	0.0	0.011281658399999998
2026-06-14	mock_app_id	googleadwords_int	788967442	mc_475f8981	0.0899878967	86	3	1	0.27031521049999996	35.054772551999996	35.3250877625	392.55376620553903	0.0899878967
2026-06-14	mock_app_id	googleadwords_int	792104306	mc_6fcee95d	18.368899129500008	24043	1132	465	8.7653886988999563	0.0	8.7653886988999563	0.47718639190646728	0.039503008880645181
2026-06-14	mock_app_id	googleadwords_int	807898159	mc_ce3403c4	0.0	0	0	0	0.0010420502000000002	0.0	0.0010420502000000002
2026-06-14	mock_app_id	googleadwords_int	821866242	mc_e6535e2b	0.0	0	0	0	0.10997069139999971	0.0	0.10997069139999971
2026-06-14	mock_app_id	googleadwords_int	833789410	mc_970b80f7	0.0	0	0	0	1.7431206825999972	93.6883563846	95.431477067199992
2026-06-14	mock_app_id	googleadwords_int	889798464	mc_2254e49d	0.0	0	0	0	0.087518203900000008	0.0	0.087518203900000008
2026-06-14	mock_app_id	googleadwords_int	968884154	mc_90337527	0.0	0	0	0	0.062268232	0.0	0.062268232
2026-06-14	mock_app_id	googleadwords_int	998337322	mc_fe944d1c	90.605260654399856	95112	3934	1720	52.168436872798182	130.5108677367	182.67930460949816	2.0162107949371824	0.052677477124651081
2026-06-14	mock_app_id	other		Unattributed	0.0	0	0	1525	20.487538788699954	49.5103833756	69.997922164299951
2026-06-14	mock_app_id	unknown		Unattributed	0.0	0	0	27	0.59602086690000011	131.7531304302	132.3491512971
2026-06-15	mock_app_id	googleadwords_int		Unattributed	0.0	0	0	1322	1.7619476506999974	21.643561	23.405508650699996
2026-06-15	mock_app_id	googleadwords_int	109075442	mc_df87094f	0.0	0	0	0	0.2153999293	59.847822	60.0632219293
2026-06-15	mock_app_id	googleadwords_int	117758408	mc_9cb1c00c	0.0	0	0	0	0.0049083367000000017	0.0	0.0049083367000000017
2026-06-15	mock_app_id	googleadwords_int	126634786	mc_fb57024c	0.0	0	0	0	0.062494986200000005	0.0	0.062494986200000005
2026-06-15	mock_app_id	googleadwords_int	140410898	mc_a2e93e84	57.845641695399991	8991	229	94	38.253540547599947	21.643561	59.897101547599945	1.0354643805838029	0.6153791669723403
2026-06-15	mock_app_id	googleadwords_int	148918961	mc_993fe179	20.493552826900014	26135	791	248	2.8821159465000004	18.8170456929	21.6991616394	1.0588286873771098	0.0826352936568549
2026-06-15	mock_app_id	googleadwords_int	161694703	mc_2c0c0430	101.84353499320009	180034	9016	3025	76.040203114697434	106.0910939189	182.13129703359743	1.7883442188623755	0.033667284295272756
2026-06-15	mock_app_id	googleadwords_int	243641668	mc_1e8723bd	8.2678533311383866	21351	734	279	8.8310289442000229	0.0	8.8310289442000229	1.0681163042576729	0.029633882907306047
2026-06-15	mock_app_id	googleadwords_int	261307969	mc_b4ba1e63	50.014184418000006	10532	243	97	30.083702646500047	27.401655242800004	57.485357889300047	1.1493810917490674	0.51561014863917531
2026-06-15	mock_app_id	googleadwords_int	262368493	mc_c13d8f45	9.5215089225999989	10674	277	96	6.15148857570001	28.775732191000003	34.92722076670001	3.6682442930655341	0.09918238461041666
2026-06-15	mock_app_id	googleadwords_int	265069104	mc_b8b1eac5	0.0	0	0	0	0.019665194300000004	4.6797799315000006	4.6994451258000005
2026-06-15	mock_app_id	googleadwords_int	300652860	mc_a0dc7a81	0.0	0	0	0	0.0	0.0	0.0
2026-06-15	mock_app_id	googleadwords_int	303460318	mc_483107f1	0.0	0	0	0	0.0013872771000000002	0.0	0.0013872771000000002
2026-06-15	mock_app_id	googleadwords_int	324659865	mc_cb530cbb	0.0	0	0	0	0.0017567081	0.0	0.0017567081
2026-06-15	mock_app_id	googleadwords_int	351751429	mc_b7e37028	12.100644200109185	1798	41	24	9.1018562625	0.0	9.1018562625	0.75217948003279633	0.50419350833788268
2026-06-15	mock_app_id	googleadwords_int	373680283	mc_541ebe5c	0.0	0	0	0	3.18475e-05	0.0	3.18475e-05
2026-06-15	mock_app_id	googleadwords_int	414724209	mc_5dcabbd9	0.0	0	0	0	2.391356162699998	0.0	2.391356162699998
2026-06-15	mock_app_id	googleadwords_int	429833705	mc_a544a26e	0.0	0	0	0	0.013770859	7.866668809600001	7.8804396686000011
2026-06-15	mock_app_id	googleadwords_int	448176306	mc_d1c03fd5	0.0	0	0	0	0.113479012	21.891886148700003	22.005365160700002
2026-06-15	mock_app_id	googleadwords_int	514288304	mc_c95b5395	6.3751767599999969	8139	327	214	3.8458913610000005	0.0	3.8458913610000005	0.60326034960009522	0.029790545607476623
2026-06-15	mock_app_id	googleadwords_int	525989111	mc_c82cc8f4	0.0	0	0	1	0.0	0.0	0.0
2026-06-15	mock_app_id	googleadwords_int	544153460	mc_21ff68ff	0.0	0	0	0	0.082172919500000011	0.0	0.082172919500000011
2026-06-15	mock_app_id	googleadwords_int	557162896	mc_b0c8a1e0	0.0	0	0	4	0.12392881369999997	0.0	0.12392881369999997
2026-06-15	mock_app_id	googleadwords_int	574617314	mc_a3bfa925	0.0	0	0	0	0.039352044899999994	0.0	0.039352044899999994
2026-06-15	mock_app_id	googleadwords_int	585166272	mc_60587c25	3.1830834180571075	2313	50	18	5.7313474384	0.0	5.7313474384	1.800564636756615	0.17683796766983931
2026-06-15	mock_app_id	googleadwords_int	612287821	mc_6b5afb99	0.0	0	0	2	0.026883111699999997	0.0	0.026883111699999997
2026-06-15	mock_app_id	googleadwords_int	624225880	mc_ae3dba5e	0.3909909869999999	102	3	0	0.0	0.0	0.0	0.0
2026-06-15	mock_app_id	googleadwords_int	728115589	mc_337b8797	0.0	0	0	0	2.80258e-05	0.0	2.80258e-05
2026-06-15	mock_app_id	googleadwords_int	739276167	mc_1fbdf2e3	47.218971666634296	5884	126	71	34.631968963699983	44.561022	79.192990963699984	1.677143490603779	0.66505593896668025
2026-06-15	mock_app_id	googleadwords_int	770142071	mc_13d78e8d	0.0	0	0	0	0.0001363073	0.0	0.0001363073
2026-06-15	mock_app_id	googleadwords_int	788967442	mc_475f8981	0.2173164864	119	6	3	0.4301629086	0.0	0.4301629086	1.9794306254714047	0.072438828800000007
2026-06-15	mock_app_id	googleadwords_int	792104306	mc_6fcee95d	21.6358248869	20880	1030	468	9.3559165090000249	0.0	9.3559165090000249	0.43242707675383429	0.046230395057478633
2026-06-15	mock_app_id	googleadwords_int	807898159	mc_ce3403c4	0.0	0	0	0	0.0	0.0	0.0
2026-06-15	mock_app_id	googleadwords_int	821866242	mc_e6535e2b	0.0	0	0	0	0.00026114949999999997	0.0	0.00026114949999999997
2026-06-15	mock_app_id	googleadwords_int	833789410	mc_970b80f7	0.0	0	0	0	1.8518862645999976	18.929669918000002	20.7815561826
2026-06-15	mock_app_id	googleadwords_int	834117318	mc_ae804aae	0.0	0	0	1	0.0	0.0	0.0
2026-06-15	mock_app_id	googleadwords_int	839748211	mc_708ecf59	0.0	0	0	0	0.09981516059999998	0.0	0.09981516059999998
2026-06-15	mock_app_id	googleadwords_int	843921934	mc_8c6e455c	0.0	0	0	0	0.031504820899999994	0.0	0.031504820899999994
2026-06-15	mock_app_id	googleadwords_int	889798464	mc_2254e49d	0.0	0	0	0	0.0292563874	0.0	0.0292563874
2026-06-15	mock_app_id	googleadwords_int	914138760	mc_0365d47f	0.0	0	0	0	0.0040968624	0.0	0.0040968624
2026-06-15	mock_app_id	googleadwords_int	998337322	mc_fe944d1c	83.124710688299842	85102	3589	1547	45.730244363100873	84.7817533229	130.51199768600088	1.5700746096475859	0.053732844659534484
2026-06-15	mock_app_id	other		Unattributed	0.0	0	0	2030	16.102564795199996	21.643561	37.746125795199994
2026-06-15	mock_app_id	unknown		Unattributed	0.0	0	0	21	0.42503418720000019	116.14620190800002	116.57123609520002
2026-06-16	mock_app_id	googleadwords_int		Unattributed	0.0	0	0	2785	2.8570863592999984	86.574244	89.431330359299992
2026-06-16	mock_app_id	googleadwords_int	109075442	mc_df87094f	0.0	0	0	0	0.0	50.943261000000007	50.943261000000007
2026-06-16	mock_app_id	googleadwords_int	117758408	mc_9cb1c00c	0.0	0	0	0	0.00042548259999999991	0.0	0.00042548259999999991
2026-06-16	mock_app_id	googleadwords_int	126099795	mc_47fdd201	0.0	0	0	0	0.0066306495	0.0	0.0066306495
2026-06-16	mock_app_id	googleadwords_int	126634786	mc_fb57024c	0.0	0	0	0	0.34928681929999994	38.204261	38.5535478193
2026-06-16	mock_app_id	googleadwords_int	140410898	mc_a2e93e84	47.290140585499984	9150	210	102	33.924465286099924	103.13494399999999	137.05940928609991	2.8982660569236036	0.46362882926960769
2026-06-16	mock_app_id	googleadwords_int	148918961	mc_993fe179	18.544618458199984	25218	744	214	2.7449576813000065	37.647539948100004	40.392497629400012	2.1781250296653809	0.086657095599065342
2026-06-16	mock_app_id	googleadwords_int	161694703	mc_2c0c0430	84.8311388597001	104871	5267	1594	42.821200718399247	115.46087555550001	158.28207627389926	1.8658487720609016	0.053219033161668823
2026-06-16	mock_app_id	googleadwords_int	243641668	mc_1e8723bd	6.81315848256313	17778	576	186	6.9082641575000086	0.0	6.9082641575000086	1.0139591167855968	0.036629884314855539
2026-06-16	mock_app_id	googleadwords_int	261307969	mc_b4ba1e63	48.820045492599974	10108	247	93	24.000063258699978	0.0	24.000063258699978	0.49160264019700373	0.52494672572688139
2026-06-16	mock_app_id	googleadwords_int	262368493	mc_c13d8f45	57.438723344600007	32466	1447	895	23.597230600700119	42.4938657439	66.091096344600118	1.1506365827125151	0.064177344519106158
2026-06-16	mock_app_id	googleadwords_int	265069104	mc_b8b1eac5	0.0	0	0	0	0.060878407100000038	0.0	0.060878407100000038
2026-06-16	mock_app_id	googleadwords_int	295094164	mc_15f5ae79	0.0	0	0	0	1.2739e-06	0.0	1.2739e-06
2026-06-16	mock_app_id	googleadwords_int	303460318	mc_483107f1	0.0	0	0	0	0.0045758488000000007	0.0	0.0045758488000000007
2026-06-16	mock_app_id	googleadwords_int	351751429	mc_b7e37028	21.171394181883471	1765	58	25	12.276080026799997	0.0	12.276080026799997	0.5798427784838438	0.84685576727533884
2026-06-16	mock_app_id	googleadwords_int	373680283	mc_541ebe5c	0.0	0	0	0	2.92997e-05	0.0	2.92997e-05
2026-06-16	mock_app_id	googleadwords_int	375451353	mc_055f8111	0.0	0	0	0	0.45492625070000003	0.0	0.45492625070000003
2026-06-16	mock_app_id	googleadwords_int	404887833	mc_859c6e7e	0.0	0	0	0	0.0002509583	0.0	0.0002509583
2026-06-16	mock_app_id	googleadwords_int	414724209	mc_5dcabbd9	0.0	0	0	0	6.1258628033000049	0.0	6.1258628033000049
2026-06-16	mock_app_id	googleadwords_int	429833705	mc_a544a26e	0.0	0	0	0	0.0224473919	0.0	0.0224473919
2026-06-16	mock_app_id	googleadwords_int	448176306	mc_d1c03fd5	0.0	0	0	0	0.1132229581	0.0	0.1132229581
2026-06-16	mock_app_id	googleadwords_int	458610769	mc_e6a4a79e	0.0	0	0	0	0.8985886776	0.0	0.8985886776
2026-06-16	mock_app_id	googleadwords_int	489467143	mc_7822c4d6	0.0	0	0	0	0.0	0.0	0.0
2026-06-16	mock_app_id	googleadwords_int	513913086	mc_2472b5d9	0.0	0	0	0	0.0	0.0	0.0
2026-06-16	mock_app_id	googleadwords_int	514288304	mc_c95b5395	11.774533559400005	10515	443	318	4.953420020999987	0.0	4.953420020999987	0.42068927792434763	0.037026835092452845
2026-06-16	mock_app_id	googleadwords_int	532599141	mc_759b1811	0.0	0	0	0	0.0158549594	0.0	0.0158549594
2026-06-16	mock_app_id	googleadwords_int	544153460	mc_21ff68ff	0.0	0	0	0	0.0	0.0	0.0
2026-06-16	mock_app_id	googleadwords_int	557162896	mc_b0c8a1e0	0.0	0	0	6	0.087184442099999981	84.3642262284	84.4514106705
2026-06-16	mock_app_id	googleadwords_int	574617314	mc_a3bfa925	0.0	0	0	0	0.030153213000000005	0.0	0.030153213000000005
2026-06-16	mock_app_id	googleadwords_int	585166272	mc_60587c25	2.6405053370121458	3043	50	10	1.1074229263	0.0	1.1074229263	0.41939810186223686	0.26405053370121456
2026-06-16	mock_app_id	googleadwords_int	612287821	mc_6b5afb99	0.0	0	0	3	0.049032411000000005	0.0	0.049032411000000005
2026-06-16	mock_app_id	googleadwords_int	614391176	mc_c7abcb25	0.0	0	0	0	0.0	0.0	0.0
2026-06-16	mock_app_id	googleadwords_int	624225880	mc_ae3dba5e	0.0024126205	69	0	0	0.0	0.0	0.0	0.0
2026-06-16	mock_app_id	googleadwords_int	668699069	mc_631a1654	0.0	0	0	0	0.0026140428000000003	0.0	0.0026140428000000003
2026-06-16	mock_app_id	googleadwords_int	728115589	mc_337b8797	0.0	0	0	0	7.3886199999999991e-05	0.0	7.3886199999999991e-05
2026-06-16	mock_app_id	googleadwords_int	739276167	mc_1fbdf2e3	45.809863530528034	5776	137	55	30.069794206300013	0.0	30.069794206300013	0.65640436117565115	0.8329066096459643
2026-06-16	mock_app_id	googleadwords_int	788967442	mc_475f8981	0.0855589276	116	3	2	0.046873150499999995	41.4136686084	41.4605417589	484.58463566460131	0.0427794638
2026-06-16	mock_app_id	googleadwords_int	792104306	mc_6fcee95d	13.701005739600003	14181	750	297	5.681419475700018	0.0	5.681419475700018	0.41467170977667844	0.046131332456565664
2026-06-16	mock_app_id	googleadwords_int	800297891	mc_5acba08b	0.0	0	0	0	0.0	0.0	0.0
2026-06-16	mock_app_id	googleadwords_int	807692205	mc_e4bf86e4	0.0	0	0	0	0.0044790324	0.0	0.0044790324
2026-06-16	mock_app_id	googleadwords_int	807898159	mc_ce3403c4	0.0	0	0	0	0.3995982259	0.0	0.3995982259
2026-06-16	mock_app_id	googleadwords_int	821866242	mc_e6535e2b	0.0	0	0	0	0.0013133908999999999	0.0	0.0013133908999999999
2026-06-16	mock_app_id	googleadwords_int	833789410	mc_970b80f7	0.0	0	0	0	1.523095222399989	46.818333309100005	48.341428531499993
2026-06-16	mock_app_id	googleadwords_int	839748211	mc_708ecf59	0.0	0	0	0	0.0145046254	0.0	0.0145046254
2026-06-16	mock_app_id	googleadwords_int	906353123	mc_27d7bb3b	0.0	0	0	0	0.0	0.0	0.0
2026-06-16	mock_app_id	googleadwords_int	914138760	mc_0365d47f	0.0	0	0	0	0.0079134668	0.0	0.0079134668
2026-06-16	mock_app_id	googleadwords_int	998337322	mc_fe944d1c	57.818162232699883	71695	2816	1182	42.227163313799672	-35.213073735500011	7.0140895782996608	0.12131291115878365	0.048915534883840851
2026-06-16	mock_app_id	other		Unattributed	0.0	0	0	1107	19.980079449800044	0.0	19.980079449800044
2026-06-16	mock_app_id	unknown		Unattributed	0.0	0	0	17	0.106459823	-10.448151999499995	-10.341692176499995
2026-06-17	mock_app_id	googleadwords_int		Unattributed	0.0	0	0	954	5.5566282317000013	91.0086669698	96.5652952015
2026-06-17	mock_app_id	googleadwords_int	109075442	mc_df87094f	0.0	0	0	0	0.0	47.096083	47.096083
2026-06-17	mock_app_id	googleadwords_int	126634786	mc_fb57024c	0.0	0	0	0	0.0	38.204261	38.204261
2026-06-17	mock_app_id	googleadwords_int	140410898	mc_a2e93e84	62.525941569199993	9266	266	118	41.30632979440005	34.357082999999996	75.663412794400045	1.2101123293067131	0.5298808607559321
2026-06-17	mock_app_id	googleadwords_int	148918961	mc_993fe179	19.161636590100009	26702	769	229	2.5486178438000024	0.0	2.5486178438000024	0.1330062717668262	0.0836752689524018
2026-06-17	mock_app_id	googleadwords_int	161694703	mc_2c0c0430	50.819750672800062	55638	3021	986	23.867837534300509	90.8071168813	114.67495441560051	2.2565036801130405	0.051541329282758681
2026-06-17	mock_app_id	googleadwords_int	243641668	mc_1e8723bd	8.1155447682936863	10250	393	205	11.954444480900017	39.9579690655	51.912413546400018	6.3966640599673177	0.0395880232599692
2026-06-17	mock_app_id	googleadwords_int	260632737	mc_a999e2ed	0.0	0	0	0	0.022897078600000002	0.0	0.022897078600000002
2026-06-17	mock_app_id	googleadwords_int	261307969	mc_b4ba1e63	47.527024929500016	11047	233	103	38.455939053499918	45.868107095000006	84.324046148499917	1.7742336338868963	0.46142742650000013
2026-06-17	mock_app_id	googleadwords_int	262368493	mc_c13d8f45	101.06091670579988	50905	2435	1126	30.072620990399603	0.0	30.072620990399603	0.29756924804021428	0.089752146275133116
2026-06-17	mock_app_id	googleadwords_int	265069104	mc_b8b1eac5	0.0	0	0	0	0.16479170399999984	0.0	0.16479170399999984
2026-06-17	mock_app_id	googleadwords_int	324659865	mc_cb530cbb	0.0	0	0	0	6.3695000000000006e-06	0.0	6.3695000000000006e-06
2026-06-17	mock_app_id	googleadwords_int	351751429	mc_b7e37028	20.61087843744636	1542	55	21	8.4381390756999952	45.868107095000006	54.3062461707	2.6348341404039846	0.98147040178316
2026-06-17	mock_app_id	googleadwords_int	401002100	mc_d1e62852	0.0	0	0	0	0.0089733516	0.0	0.0089733516
2026-06-17	mock_app_id	googleadwords_int	404887833	mc_859c6e7e	0.0	0	0	0	0.00084332180000000056	0.0	0.00084332180000000056
2026-06-17	mock_app_id	googleadwords_int	414724209	mc_5dcabbd9	0.0	0	0	0	0.63950799120000013	81.491383	82.1308909912
2026-06-17	mock_app_id	googleadwords_int	429833705	mc_a544a26e	0.0	0	0	0	0.0259697254	0.0	0.0259697254
2026-06-17	mock_app_id	googleadwords_int	442262115	mc_1941c5ac	0.0	0	0	0	0.019558186700000004	0.0	0.019558186700000004
2026-06-17	mock_app_id	googleadwords_int	448176306	mc_d1c03fd5	0.0	0	0	0	0.0	26.0448574742	26.0448574742
2026-06-17	mock_app_id	googleadwords_int	502057685	mc_befecb98	0.0	0	0	1	0.0	0.0	0.0
2026-06-17	mock_app_id	googleadwords_int	514288304	mc_c95b5395	8.888011738299987	8613	341	147	3.5600511312000087	0.0	3.5600511312000087	0.40054527784421456	0.060462664886394471
2026-06-17	mock_app_id	googleadwords_int	532599141	mc_759b1811	0.0	0	0	0	0.0048051508000000005	0.0	0.0048051508000000005
2026-06-17	mock_app_id	googleadwords_int	542533692	mc_796ef0d2	0.0	0	0	1	0.0	0.0	0.0
2026-06-17	mock_app_id	googleadwords_int	544153460	mc_21ff68ff	0.0	0	0	0	0.2198687705	0.0	0.2198687705
2026-06-17	mock_app_id	googleadwords_int	555249599	mc_e731112f	0.0	0	0	0	0.0084879957	0.0	0.0084879957
2026-06-17	mock_app_id	googleadwords_int	557162896	mc_b0c8a1e0	0.0	0	0	9	0.21250308069999993	0.0	0.21250308069999993
2026-06-17	mock_app_id	googleadwords_int	574617314	mc_a3bfa925	0.0	0	0	0	0.094989627400000026	0.0	0.094989627400000026
2026-06-17	mock_app_id	googleadwords_int	585166272	mc_60587c25	2.4785472487609	1577	39	9	2.7333193308999997	0.0	2.7333193308999997	1.1027908918284564	0.2753941387512111
2026-06-17	mock_app_id	googleadwords_int	612287821	mc_6b5afb99	0.0	0	0	3	0.046219639799999983	0.0	0.046219639799999983
2026-06-17	mock_app_id	googleadwords_int	614391176	mc_c7abcb25	0.0	0	0	0	0.0	0.0	0.0
2026-06-17	mock_app_id	googleadwords_int	668699069	mc_631a1654	0.0	0	0	0	0.0	0.0	0.0
2026-06-17	mock_app_id	googleadwords_int	672267645	mc_caa37664	0.0	0	0	0	0.0	0.0	0.0
2026-06-17	mock_app_id	googleadwords_int	728115589	mc_337b8797	0.0	0	0	0	2.80258e-05	0.0	2.80258e-05
2026-06-17	mock_app_id	googleadwords_int	739276167	mc_1fbdf2e3	46.145756891504085	4644	120	59	34.053875691500039	38.204261	72.258136691500042	1.5658674070812244	0.78213147273735739
2026-06-17	mock_app_id	googleadwords_int	770142071	mc_13d78e8d	0.0	0	0	0	0.0	0.0	0.0
2026-06-17	mock_app_id	googleadwords_int	788967442	mc_475f8981	0.0057650644999999992	114	1	1	0.0187811077	0.0	0.0187811077	3.2577445924499204	0.0057650644999999992
2026-06-17	mock_app_id	googleadwords_int	792104306	mc_6fcee95d	14.320455207099991	14060	704	282	4.759922254400033	38.204261	42.964183254400034	3.0001967558334783	0.050781756053546068
2026-06-17	mock_app_id	googleadwords_int	807898159	mc_ce3403c4	0.0	0	0	0	0.2309211269	44.573761000000005	44.804682126900005
2026-06-17	mock_app_id	googleadwords_int	814867945	mc_0c4816a3	0.0	0	0	0	0.0	0.0	0.0
2026-06-17	mock_app_id	googleadwords_int	821866242	mc_e6535e2b	0.0	0	0	0	0.12623075099999981	0.0	0.12623075099999981
2026-06-17	mock_app_id	googleadwords_int	833789410	mc_970b80f7	0.0	0	0	0	1.7251395841000077	127.35536520680002	129.08050479090002
2026-06-17	mock_app_id	googleadwords_int	839748211	mc_708ecf59	0.0	0	0	0	0.0083937271	0.0	0.0083937271
2026-06-17	mock_app_id	googleadwords_int	889798464	mc_2254e49d	0.0	0	0	0	3.05736e-05	0.0	3.05736e-05
2026-06-17	mock_app_id	googleadwords_int	968884154	mc_90337527	0.0	0	0	0	0.085064672500000008	0.0	0.085064672500000008
2026-06-17	mock_app_id	googleadwords_int	996181911	mc_25502999	0.0	0	0	0	0.0056930591	0.0	0.0056930591
2026-06-17	mock_app_id	googleadwords_int	998337322	mc_fe944d1c	29.9772214447	54731	2050	806	34.391370018500041	248.1646143698	282.55598438830003	9.4256895993359713	0.037192582437593054
2026-06-17	mock_app_id	other		Unattributed	0.0	0	0	1119	17.784097508400066	6.1074180051999996	23.891515513600066
2026-06-17	mock_app_id	unknown		Unattributed	0.0	0	0	18	0.20645332960000007	329.8819541084	330.088407438
2026-06-18	mock_app_id	googleadwords_int		Unattributed	0.0	0	0	1005	1.9383394881000009	83.082657350400012	85.020996838500011
2026-06-18	mock_app_id	googleadwords_int	109075442	mc_df87094f	0.0	0	0	0	0.0	53.478322	53.478322
2026-06-18	mock_app_id	googleadwords_int	126634786	mc_fb57024c	0.0	0	0	0	0.70928458980000009	21.643561	22.352845589799998
2026-06-18	mock_app_id	googleadwords_int	140410898	mc_a2e93e84	58.406260652899995	9537	248	127	50.7344738855999	11.439621999999993	62.17409588559989	1.0645108108374135	0.45989181616456687
2026-06-18	mock_app_id	googleadwords_int	148918961	mc_993fe179	19.191280494799994	28030	801	233	3.3461251042000071	12.3886469264	15.734772030600007	0.81989172295529988	0.082366010707296114
2026-06-18	mock_app_id	googleadwords_int	161332031	mc_12520749	0.0	0	0	6	0.010845984599999999	0.0	0.010845984599999999
2026-06-18	mock_app_id	googleadwords_int	161694703	mc_2c0c0430	27.364872583799997	43605	2315	754	17.354646709900159	161.12301849850002	178.47766520840017	6.5221449382541232	0.036292934461273206
2026-06-18	mock_app_id	googleadwords_int	180761354	mc_07fb7039	1.2564480029000005	3686	178	54	0.90457855540000265	0.0	0.90457855540000265	0.71994905743186355	0.023267555609259267
2026-06-18	mock_app_id	googleadwords_int	206117838	mc_451e8488	0.0	0	0	0	0.0	0.0	0.0
2026-06-18	mock_app_id	googleadwords_int	243641668	mc_1e8723bd	5.1469693307508795	5702	213	78	4.463163427700005	26.0999804011	30.563143828800008	5.93808547608758	0.065986786291677937
2026-06-18	mock_app_id	googleadwords_int	261307969	mc_b4ba1e63	69.234090065099977	13167	299	111	34.649837959000045	7.6093830483	42.259221007300042	0.6103816915563447	0.62373054112702686
2026-06-18	mock_app_id	googleadwords_int	262368493	mc_c13d8f45	82.410843541300011	54213	2247	956	26.049023127201206	0.0	26.049023127201206	0.31608732550039725	0.086203811235669461
2026-06-18	mock_app_id	googleadwords_int	265069104	mc_b8b1eac5	0.0	0	0	0	0.025053791299999989	0.0	0.025053791299999989
2026-06-18	mock_app_id	googleadwords_int	351751429	mc_b7e37028	23.029431928581864	2246	73	29	15.864995184200012	25.9830427506	41.848037934800011	1.8171545900297412	0.79411834236489187
2026-06-18	mock_app_id	googleadwords_int	373680283	mc_541ebe5c	0.0	0	0	0	7.0064499999999993e-05	0.0	7.0064499999999993e-05
2026-06-18	mock_app_id	googleadwords_int	414724209	mc_5dcabbd9	0.0	0	0	0	0.50317776100000045	57.312761	57.815938761000005
2026-06-18	mock_app_id	googleadwords_int	429833705	mc_a544a26e	0.0	0	0	0	0.0301939778	0.0	0.0301939778
2026-06-18	mock_app_id	googleadwords_int	448176306	mc_d1c03fd5	0.0	0	0	0	0.0	21.672900190900002	21.672900190900002
2026-06-18	mock_app_id	googleadwords_int	458610769	mc_e6a4a79e	0.0	0	0	0	0.42261632499999996	0.0	0.42261632499999996
2026-06-18	mock_app_id	googleadwords_int	514288304	mc_c95b5395	8.5353028951999974	8781	388	214	4.1655166927000256	0.0	4.1655166927000256	0.48803384529476856	0.039884592968224289
2026-06-18	mock_app_id	googleadwords_int	525989111	mc_c82cc8f4	0.0	0	0	1	0.0	0.0	0.0
2026-06-18	mock_app_id	googleadwords_int	532599141	mc_759b1811	0.0	0	0	0	0.0009273992	0.0	0.0009273992
2026-06-18	mock_app_id	googleadwords_int	542533692	mc_796ef0d2	8.8383272162999944	92318	3971	1303	3.6557414036000115	0.0	3.6557414036000115	0.41362367721099397	0.0067830600278587835
2026-06-18	mock_app_id	googleadwords_int	544153460	mc_21ff68ff	0.0	0	0	0	0.092581956400000012	0.0	0.092581956400000012
2026-06-18	mock_app_id	googleadwords_int	557162896	mc_b0c8a1e0	0.0	0	0	7	0.4338750532	20.714329931800002	21.148204985000003
2026-06-18	mock_app_id	googleadwords_int	574617314	mc_a3bfa925	0.0	0	0	0	0.035056454099999995	0.0	0.035056454099999995
2026-06-18	mock_app_id	googleadwords_int	585166272	mc_60587c25	0.24867935470924202	339	5	0	0.69723349579999994	0.0	0.69723349579999994	2.8037449936896097
2026-06-18	mock_app_id	googleadwords_int	586754697	mc_b39f3cef	0.0	0	0	0	0.0	0.0	0.0
2026-06-18	mock_app_id	googleadwords_int	611748075	mc_628993e1	0.5197793544999999	629	15	7	0.8585665613	0.0	0.8585665613	1.6517904258161531	0.074254193499999982
2026-06-18	mock_app_id	googleadwords_int	612287821	mc_6b5afb99	0.0	0	0	0	0.023886898900000002	0.0	0.023886898900000002
2026-06-18	mock_app_id	googleadwords_int	614391176	mc_c7abcb25	0.0	0	0	0	0.0156778873	0.0	0.0156778873
2026-06-18	mock_app_id	googleadwords_int	654635500	mc_67ff1f36	0.00079823969999999987	3	0	3	0.009429407800000001	0.0	0.009429407800000001	11.812752234698428	0.00026607989999999994
2026-06-18	mock_app_id	googleadwords_int	660741874	mc_7e7497dd	0.3413504048	763	20	6	0.16420443610000007	0.0	0.16420443610000007	0.48104362494079594	0.056891734133333337
2026-06-18	mock_app_id	googleadwords_int	739276167	mc_1fbdf2e3	46.176015282242261	5497	151	70	44.035158627800293	0.0	44.035158627800293	0.95363704205838506	0.65965736117488949
2026-06-18	mock_app_id	googleadwords_int	788967442	mc_475f8981	0.26496675840000006	132	4	2	0.3936134437	0.0	0.3936134437	1.4855200934518431	0.13248337920000003
2026-06-18	mock_app_id	googleadwords_int	792104306	mc_6fcee95d	14.639388176900004	16687	779	285	4.506386854700005	71.7104463167	76.216833171400012	5.2062854164674164	0.051366274304912293
2026-06-18	mock_app_id	googleadwords_int	807898159	mc_ce3403c4	0.0	0	0	0	0.0	21.643561	21.643561
2026-06-18	mock_app_id	googleadwords_int	827748605	mc_cdc62e82	0.0	0	0	0	0.0064242777	0.0	0.0064242777
2026-06-18	mock_app_id	googleadwords_int	833789410	mc_970b80f7	0.0	0	0	0	0.76190048149999856	102.10877551129998	102.87067599279997
2026-06-18	mock_app_id	googleadwords_int	834117318	mc_ae804aae	0.36902596919999997	1121	49	25	0.1270103778	0.0	0.1270103778	0.34417734360360025	0.014761038768
2026-06-18	mock_app_id	googleadwords_int	839748211	mc_708ecf59	0.0	0	0	0	0.0	0.0	0.0
2026-06-18	mock_app_id	googleadwords_int	957172571	mc_458d9417	0.0	0	0	0	0.0	0.0	0.0
2026-06-18	mock_app_id	googleadwords_int	996181911	mc_25502999	0.0	0	0	0	0.0057108937000000005	0.0	0.0057108937000000005
2026-06-18	mock_app_id	googleadwords_int	998337322	mc_fe944d1c	30.6879778166	58267	2104	830	37.535054578100365	226.92668096440002	264.46173554250038	8.6177635138749835	0.036973467248915662
2026-06-18	mock_app_id	other		Unattributed	0.0	0	0	1923	21.044569398300016	304.36094214879995	325.4055115471
2026-06-18	mock_app_id	unknown		Unattributed	0.0	0	0	25	0.4896081781999998	144.76014497730003	145.24975315550003
2026-06-19	mock_app_id	googleadwords_int		Unattributed	0.0	0	0	1496	2.768521009600001	50.9934182647	53.7619392743
2026-06-19	mock_app_id	googleadwords_int	109075442	mc_df87094f	0.0	0	0	0	0.25863736919999997	38.204261	38.462898369200005
2026-06-19	mock_app_id	googleadwords_int	126634786	mc_fb57024c	0.0	0	0	0	0.19177290600000002	0.0	0.19177290600000002
2026-06-19	mock_app_id	googleadwords_int	140410898	mc_a2e93e84	93.693586585099879	10750	320	160	61.010265941198988	59.847822	120.85808794119899	1.2899291439913678	0.58558491615687425
2026-06-19	mock_app_id	googleadwords_int	148918961	mc_993fe179	23.354504939200019	37831	992	268	3.5407961326999939	-12.6005678348	-9.0597717021000062	-0.38792394553794973	0.087143675146268723
2026-06-19	mock_app_id	googleadwords_int	161332031	mc_12520749	11.293993260000024	71571	2986	803	2.862669863	0.0	2.862669863	0.25346835234431458	0.014064748767123316
2026-06-19	mock_app_id	googleadwords_int	161694703	mc_2c0c0430	29.681677467700034	42898	2387	714	19.902577921600283	41.1892367281	61.091814649700282	2.0582332220333956	0.041570976845518255
2026-06-19	mock_app_id	googleadwords_int	180761354	mc_07fb7039	0.20739911080000004	538	29	10	0.15623109600000007	0.0	0.15623109600000007	0.75328720261803572	0.020739911080000003
2026-06-19	mock_app_id	googleadwords_int	243641668	mc_1e8723bd	4.1876461877194613	8441	281	177	5.7553438927000089	39.3300777684	45.085421661100014	10.766292002728377	0.023659018009714469
2026-06-19	mock_app_id	googleadwords_int	258346999	mc_8ba2a925	0.27955802679999991	244	9	3	0.0	0.0	0.0	0.0	0.0931860089333333
2026-06-19	mock_app_id	googleadwords_int	261307969	mc_b4ba1e63	79.494761626599924	15454	323	122	36.458582326200123	0.0	36.458582326200123	0.45862873955710604	0.6515964067754092
2026-06-19	mock_app_id	googleadwords_int	262368493	mc_c13d8f45	146.85940279379994	62049	3108	1642	54.15224567359094	44.0303343685	98.182580042090933	0.66854813634197874	0.089439343966991436
2026-06-19	mock_app_id	googleadwords_int	265069104	mc_b8b1eac5	0.0	0	0	1	0.068152376099999967	0.0	0.068152376099999967
2026-06-19	mock_app_id	googleadwords_int	351751429	mc_b7e37028	17.295339550859111	1613	53	18	12.538149282600006	0.0	12.538149282600006	0.72494380614673726	0.96085219726995064
2026-06-19	mock_app_id	googleadwords_int	369626124	mc_617ec63b	0.28800097799999996	330	11	7	0.26223741059999994	0.0	0.26223741059999994	0.91054347252945778	0.041142996857142851
2026-06-19	mock_app_id	googleadwords_int	369804654	mc_92e554bf	0.2081029613	1175	17	8	0.41313213949999988	0.0	0.41313213949999988	1.9852295081204108	0.0260128701625
2026-06-19	mock_app_id	googleadwords_int	373680283	mc_541ebe5c	0.0	0	0	0	0.001694287	0.0	0.001694287
2026-06-19	mock_app_id	googleadwords_int	414724209	mc_5dcabbd9	0.0	0	0	0	1.0572694833000003	38.204261	39.2615304833
2026-06-19	mock_app_id	googleadwords_int	429833705	mc_a544a26e	0.0	0	0	0	0.10042790650000002	24.0958337868	24.1962616933
2026-06-19	mock_app_id	googleadwords_int	432166127	mc_f8b84857	2.9076235032000004	2629	103	43	3.3285822272999979	0.0	3.3285822272999979	1.1447775902336423	0.06761915123720931
2026-06-19	mock_app_id	googleadwords_int	448176306	mc_d1c03fd5	0.0	0	0	0	0.0	70.2000518773	70.2000518773
2026-06-19	mock_app_id	googleadwords_int	458610769	mc_e6a4a79e	0.0	0	0	0	0.94228089980000007	0.0	0.94228089980000007
2026-06-19	mock_app_id	googleadwords_int	502057685	mc_befecb98	0.0009821359	1	0	7	0.2011908487	0.0	0.2011908487	204.85031521605109	0.00014030512857142856
2026-06-19	mock_app_id	googleadwords_int	513913086	mc_2472b5d9	0.0	0	0	0	0.0030446210000000004	0.0	0.0030446210000000004
2026-06-19	mock_app_id	googleadwords_int	514288304	mc_c95b5395	8.7244482738999913	8501	378	228	4.43119872889999	0.0	4.43119872889999	0.50790589728823754	0.0382651240083333
2026-06-19	mock_app_id	googleadwords_int	532599141	mc_759b1811	0.0	0	0	0	0.0048306288	0.0	0.0048306288
2026-06-19	mock_app_id	googleadwords_int	542533692	mc_796ef0d2	14.349753289300068	116733	4970	1578	4.4285286345000126	0.0	4.4285286345000126	0.30861357301537418	0.0090936332631812861
2026-06-19	mock_app_id	googleadwords_int	544153460	mc_21ff68ff	0.0	0	0	0	0.0010726238000000003	0.0	0.0010726238000000003
2026-06-19	mock_app_id	googleadwords_int	557162896	mc_b0c8a1e0	0.0	0	0	2	0.049840063600000005	5.8731146738	5.9229547374
2026-06-19	mock_app_id	googleadwords_int	574617314	mc_a3bfa925	0.0	0	0	0	0.0258436093	0.0	0.0258436093
2026-06-19	mock_app_id	googleadwords_int	585166272	mc_60587c25	0.48007096530125487	366	9	3	0.2774668851	0.0	0.2774668851	0.57797056092714039	0.1600236551004183
2026-06-19	mock_app_id	googleadwords_int	590094865	mc_23f341fc	0.50449806850000023	2254	90	39	0.38043622210000022	0.0	0.38043622210000022	0.75408856020228754	0.012935847910256416
2026-06-19	mock_app_id	googleadwords_int	611748075	mc_628993e1	1.1144435199999996	664	21	7	1.0768391351000002	0.0	1.0768391351000002	0.96625725375477134	0.15920621714285707
2026-06-19	mock_app_id	googleadwords_int	612287821	mc_6b5afb99	0.0	0	0	2	0.050485930900000024	7.4701496	7.5206355309
2026-06-19	mock_app_id	googleadwords_int	614391176	mc_c7abcb25	0.0	0	0	0	0.0	0.0	0.0
2026-06-19	mock_app_id	googleadwords_int	654635500	mc_67ff1f36	1.1362230142000003	1466	79	39	0.47842970569999987	0.0	0.47842970569999987	0.42107024740812521	0.029133923441025649
2026-06-19	mock_app_id	googleadwords_int	660741874	mc_7e7497dd	0.5217127057	1138	27	11	0.74602513970000017	0.0	0.74602513970000017	1.4299539412194926	0.047428427790909083
2026-06-19	mock_app_id	googleadwords_int	739276167	mc_1fbdf2e3	44.523145761243541	5046	126	62	47.456973774399778	0.0	47.456973774399778	1.0658944457538773	0.71811525421360545
2026-06-19	mock_app_id	googleadwords_int	770142071	mc_13d78e8d	0.0	0	0	0	0.009577180200000002	0.0	0.009577180200000002
2026-06-19	mock_app_id	googleadwords_int	788967442	mc_475f8981	0.11613777360000001	200	7	1	0.23836962020000002	0.0	0.23836962020000002	2.0524727899553947	0.11613777360000001
2026-06-19	mock_app_id	googleadwords_int	792104306	mc_6fcee95d	11.905550651199993	18714	762	261	4.3510869795999989	0.0	4.3510869795999989	0.36546709237354263	0.045615136594635987
2026-06-19	mock_app_id	googleadwords_int	807898159	mc_ce3403c4	0.0	0	0	0	0.0024662704	21.643561	21.646027270399998
2026-06-19	mock_app_id	googleadwords_int	821866242	mc_e6535e2b	0.0	0	0	0	0.000178346	0.0	0.000178346
2026-06-19	mock_app_id	googleadwords_int	822177103	mc_96cf8fb0	0.0	0	0	0	0.020330170100000003	0.0	0.020330170100000003
2026-06-19	mock_app_id	googleadwords_int	833789410	mc_970b80f7	0.0	0	0	0	2.1324742046999932	8.8796600767	11.012134281399995
2026-06-19	mock_app_id	googleadwords_int	834117318	mc_ae804aae	3.0234878736000019	4070	217	99	1.7072221806	0.0	1.7072221806	0.564653225669216	0.030540281551515169
2026-06-19	mock_app_id	googleadwords_int	848321939	mc_c41abc99	0.0	20	0	0	0.0	0.0	0.0
2026-06-19	mock_app_id	googleadwords_int	889798464	mc_2254e49d	0.0	0	0	0	0.0093529737999999991	0.0	0.0093529737999999991
2026-06-19	mock_app_id	googleadwords_int	900383572	mc_45368c6d	0.0005085625	1	0	11	0.27673566650000092	0.0	0.27673566650000092	544.1527177092313	4.6232954545454547e-05
2026-06-19	mock_app_id	googleadwords_int	914138760	mc_0365d47f	0.0	0	0	0	0.0057223588	0.0	0.0057223588
2026-06-19	mock_app_id	googleadwords_int	957172571	mc_458d9417	0.0	0	0	0	2.80258e-05	0.0	2.80258e-05
2026-06-19	mock_app_id	googleadwords_int	989105150	mc_58ab9c06	0.0	0	0	2	0.045904986499999995	0.0	0.045904986499999995
2026-06-19	mock_app_id	googleadwords_int	998337322	mc_fe944d1c	37.489374705100005	57237	2009	680	32.019327453700214	21.643561	53.662888453700212	1.4314159378710571	0.055131433389852949
2026-06-19	mock_app_id	other		Unattributed	0.0	0	0	2262	10.986722524200077	20.642250122000004	31.628972646200083
2026-06-19	mock_app_id	unknown		Unattributed	0.0	0	0	21	0.14521313489999993	155.863384765	156.0085978999
2026-06-20	mock_app_id	googleadwords_int		Unattributed	0.0	0	0	741	3.7767376995000062	70.23966125	74.0163989495
2026-06-20	mock_app_id	googleadwords_int	109075442	mc_df87094f	0.0	0	0	0	0.19894878470000002	59.847822	60.0467707847
2026-06-20	mock_app_id	googleadwords_int	126634786	mc_fb57024c	0.0	0	0	0	0.19470542380000005	0.0	0.19470542380000005
2026-06-20	mock_app_id	googleadwords_int	140410898	mc_a2e93e84	75.567416606699936	10952	283	94	36.345896953899953	0.0	36.345896953899953	0.48097313082788995	0.8039086873053185
2026-06-20	mock_app_id	googleadwords_int	148918961	mc_993fe179	30.988386092200013	47520	1288	309	3.6172339544000107	35.2153489209	38.832582875300012	1.2531334403721799	0.10028603913333338
2026-06-20	mock_app_id	googleadwords_int	161332031	mc_12520749	0.99160980910000129	9654	438	129	0.43000112329999962	0.0	0.43000112329999962	0.43363944099168861	0.0076868977449612505
2026-06-20	mock_app_id	googleadwords_int	161694703	mc_2c0c0430	25.937488180800024	46230	2420	741	17.77849617010013	168.73458628530003	186.51308245540017	7.1908691063410171	0.035003357868825941
2026-06-20	mock_app_id	googleadwords_int	180761354	mc_07fb7039	0.05279611079999999	212	10	2	0.053291058699999977	0.0	0.053291058699999977	1.0093747037897343	0.026398055399999995
2026-06-20	mock_app_id	googleadwords_int	206117838	mc_451e8488	0.0	0	0	0	6.3695000000000006e-06	0.0	6.3695000000000006e-06
2026-06-20	mock_app_id	googleadwords_int	232552584	mc_a5da28b5	1.0260315462624705	214	5	2	0.52484043050000007	0.0	0.52484043050000007	0.51152465283532322	0.51301577313123525
2026-06-20	mock_app_id	googleadwords_int	243641668	mc_1e8723bd	12.792933870746332	29915	997	337	12.676364884800059	0.86313858840000013	13.539503473200059	1.0583579662020228	0.037961228103104844
2026-06-20	mock_app_id	googleadwords_int	258346999	mc_8ba2a925	0.11678629249999997	144	3	0	0.0	0.0	0.0	0.0
2026-06-20	mock_app_id	googleadwords_int	261307969	mc_b4ba1e63	82.850311519499925	17844	347	115	30.709825770399952	45.551295808400006	76.261121578799958	0.92046873669088	0.72043749147391234
2026-06-20	mock_app_id	googleadwords_int	262368493	mc_c13d8f45	162.76082746519978	71815	3518	1509	52.177672647798708	84.128254088	136.30592673579872	0.83746150015698684	0.10786005796235903
2026-06-20	mock_app_id	googleadwords_int	265069104	mc_b8b1eac5	0.0	0	0	0	0.0231034504	0.0	0.0231034504
2026-06-20	mock_app_id	googleadwords_int	351751429	mc_b7e37028	11.096478109504138	980	32	14	5.3365250635999972	0.0	5.3365250635999972	0.48092061381432916	0.79260557925029562
2026-06-20	mock_app_id	googleadwords_int	369626124	mc_617ec63b	0.28639229310000003	295	16	4	0.15612154060000002	0.0	0.15612154060000002	0.54513178029370657	0.071598073275000007
2026-06-20	mock_app_id	googleadwords_int	369804654	mc_92e554bf	0.4478059620999999	1680	36	15	1.0551127706000003	0.0	1.0551127706000003	2.3561829450684764	0.029853730806666659
2026-06-20	mock_app_id	googleadwords_int	404887833	mc_859c6e7e	0.0	0	0	0	0.0	0.0	0.0
2026-06-20	mock_app_id	googleadwords_int	414724209	mc_5dcabbd9	0.0	0	0	0	1.3266305427	38.204261	39.530891542700004
2026-06-20	mock_app_id	googleadwords_int	429833705	mc_a544a26e	0.0	0	0	0	0.0790442211	21.643561	21.722605221099997
2026-06-20	mock_app_id	googleadwords_int	432166127	mc_f8b84857	3.4188492433000013	3490	130	46	5.314290413000001	0.0	5.314290413000001	1.554409111023114	0.074322809636956547
2026-06-20	mock_app_id	googleadwords_int	442262115	mc_1941c5ac	0.0	0	0	0	0.0023656323	0.0	0.0023656323
2026-06-20	mock_app_id	googleadwords_int	448176306	mc_d1c03fd5	0.0	0	0	0	0.0372093451	0.0	0.0372093451
2026-06-20	mock_app_id	googleadwords_int	458610769	mc_e6a4a79e	0.0	0	0	0	1.1680070625	0.0	1.1680070625
2026-06-20	mock_app_id	googleadwords_int	464541057	mc_d8ff83e7	1.7403529518	2376	41	9	1.4578753640999993	0.0	1.4578753640999993	0.83768948280988531	0.1933725502
2026-06-20	mock_app_id	googleadwords_int	502057685	mc_befecb98	1.7158727872999993	7097	181	85	2.6607821909999978	0.0	2.6607821909999978	1.5506873299079793	0.020186738674117639
2026-06-20	mock_app_id	googleadwords_int	513913086	mc_2472b5d9	0.0	0	0	0	0.0036140543000000003	0.0	0.0036140543000000003
2026-06-20	mock_app_id	googleadwords_int	514288304	mc_c95b5395	9.6863075836	11277	456	164	4.7281269843000118	0.0	4.7281269843000118	0.48812480333633618	0.059062851119512191
2026-06-20	mock_app_id	googleadwords_int	529859974	mc_d2ea5396	2.2743305576000008	11341	387	154	3.982314585900026	0.0	3.982314585900026	1.7509831948537791	0.014768380244155849
2026-06-20	mock_app_id	googleadwords_int	532599141	mc_759b1811	0.0	0	0	0	0.0003490486	0.0	0.0003490486
2026-06-20	mock_app_id	googleadwords_int	542533692	mc_796ef0d2	21.40280724530016	165935	6581	2027	7.1332234323999719	0.0	7.1332234323999719	0.3332844776222687	0.010558859025801757
2026-06-20	mock_app_id	googleadwords_int	557162896	mc_b0c8a1e0	0.0	0	0	3	0.0946673307	0.0	0.0946673307
2026-06-20	mock_app_id	googleadwords_int	574617314	mc_a3bfa925	0.0	0	0	0	0.0050166182	0.0	0.0050166182
2026-06-20	mock_app_id	googleadwords_int	585166272	mc_60587c25	0.40361256187182087	383	4	3	1.5385960375999999	0.0	1.5385960375999999	3.8120618210307997	0.13453752062394028
2026-06-20	mock_app_id	googleadwords_int	590094865	mc_23f341fc	0.69295912549999983	3109	110	51	0.70706290820000062	0.0	0.70706290820000062	1.0203529792465382	0.013587433833333331
2026-06-20	mock_app_id	googleadwords_int	611748075	mc_628993e1	0.4107736614	409	6	2	0.15987445	0.0	0.15987445	0.38920326453043613	0.2053868307
2026-06-20	mock_app_id	googleadwords_int	612287821	mc_6b5afb99	0.0	0	0	1	0.017792561300000002	0.0	0.017792561300000002
2026-06-20	mock_app_id	googleadwords_int	615544794	mc_8c2380d2	0.0	0	0	0	0.0065083551	0.0	0.0065083551
2026-06-20	mock_app_id	googleadwords_int	654635500	mc_67ff1f36	0.3153177007	335	27	15	0.19927108139999994	0.0	0.19927108139999994	0.63196922011552636	0.021021180046666664
2026-06-20	mock_app_id	googleadwords_int	660741874	mc_7e7497dd	0.53096040619999985	1004	28	9	0.2545940106	0.0	0.2545940106	0.47949716707143814	0.058995600688888872
2026-06-20	mock_app_id	googleadwords_int	739276167	mc_1fbdf2e3	45.202966315425911	5152	135	57	35.418290108200011	0.0	35.418290108200011	0.78353906823396247	0.79303449676185811
2026-06-20	mock_app_id	googleadwords_int	770142071	mc_13d78e8d	0.0	0	0	0	7.6434e-06	0.0	7.6434e-06
2026-06-20	mock_app_id	googleadwords_int	788967442	mc_475f8981	0.21817819470000002	181	4	0	0.060693691599999995	0.0	0.060693691599999995	0.27818403980954742
2026-06-20	mock_app_id	googleadwords_int	792104306	mc_6fcee95d	21.892155033500021	23032	1056	404	7.4828911477999913	0.0	7.4828911477999913	0.34180696858529691	0.054188502558168372
2026-06-20	mock_app_id	googleadwords_int	807898159	mc_ce3403c4	0.0	0	0	0	0.6850945027	0.0	0.6850945027
2026-06-20	mock_app_id	googleadwords_int	822177103	mc_96cf8fb0	0.0	0	0	0	0.0101453396	0.0	0.0101453396
2026-06-20	mock_app_id	googleadwords_int	833789410	mc_970b80f7	0.0	0	0	0	1.4048288941999987	113.40840227080001	114.813231165
2026-06-20	mock_app_id	googleadwords_int	834117318	mc_ae804aae	2.617827503	4355	189	97	1.0937361446999994	0.0	1.0937361446999994	0.41780298489743517	0.026987912402061855
2026-06-20	mock_app_id	googleadwords_int	848321939	mc_c41abc99	0.0	8	0	0	0.0	0.0	0.0
2026-06-20	mock_app_id	googleadwords_int	889798464	mc_2254e49d	0.0	0	0	0	0.046777608	0.0	0.046777608
2026-06-20	mock_app_id	googleadwords_int	900383572	mc_45368c6d	2.933436508299998	11108	363	172	6.30340879410011	0.0	6.30340879410011	2.148813780787469	0.017054863420348825
2026-06-20	mock_app_id	googleadwords_int	914138760	mc_0365d47f	0.0	0	0	0	0.0112370719	0.0	0.0112370719
2026-06-20	mock_app_id	googleadwords_int	976430758	mc_989b490b	0.0	0	0	0	2.6751899999999997e-05	0.0	2.6751899999999997e-05
2026-06-20	mock_app_id	googleadwords_int	989105150	mc_58ab9c06	0.080845163500000011	143	12	3	0.044991600200000009	0.0	0.044991600200000009	0.55651566837390343	0.026948387833333337
2026-06-20	mock_app_id	googleadwords_int	998337322	mc_fe944d1c	22.266859815000004	29172	1063	418	20.540614558300085	306.2529639068	326.7935784651001	14.676231007883588	0.053269999557416278
2026-06-20	mock_app_id	other		Unattributed	0.0	0	0	1444	15.713852044799985	0.0	15.713852044799985
2026-06-20	mock_app_id	unknown		Unattributed	0.0	0	0	19	0.340679077	367.70622984690004	368.04690892390005
2026-06-21	mock_app_id	googleadwords_int		Unattributed	0.0	0	0	1762	3.9092589686999966	29.388121399	33.297380367699994
2026-06-21	mock_app_id	googleadwords_int	109075442	mc_df87094f	0.0	0	0	0	0.3104710863	25.465260999999998	25.7757320863
2026-06-21	mock_app_id	googleadwords_int	140410898	mc_a2e93e84	76.086800503000063	11496	301	119	52.52349955469991	82.765283000000011	135.28878255469994	1.7780847881672401	0.63938487817647116
2026-06-21	mock_app_id	googleadwords_int	148918961	mc_993fe179	27.135894149	36458	1079	310	4.4085487868999991	35.1848084423	39.5933572292	1.4590769337394058	0.08753514241612903
2026-06-21	mock_app_id	googleadwords_int	152806841	mc_2dd27461	0.0	0	0	0	0.00064968900000000006	0.0	0.00064968900000000006
2026-06-21	mock_app_id	googleadwords_int	161332031	mc_12520749	2.5811239370999988	37468	1292	405	0.85393975649999931	0.0	0.85393975649999931	0.33084027629430168	0.0063731455237037
2026-06-21	mock_app_id	googleadwords_int	161694703	mc_2c0c0430	27.961059995700055	46496	2494	714	17.25251177740013	47.7211920995	64.973703876900132	2.323721056601288	0.039161148453361418
2026-06-21	mock_app_id	googleadwords_int	180761354	mc_07fb7039	0.058439120300000008	251	9	4	0.2161948429	0.0	0.2161948429	3.6994883186152268	0.014609780075000002
2026-06-21	mock_app_id	googleadwords_int	232552584	mc_a5da28b5	4.0954920003597346	307	11	3	1.5828525975000003	0.0	1.5828525975000003	0.38648655579377711	1.3651640001199115
2026-06-21	mock_app_id	googleadwords_int	243641668	mc_1e8723bd	14.35176388165681	32239	1056	389	15.812546173400024	0.0	15.812546173400024	1.1017841642176305	0.036893994554387688
2026-06-21	mock_app_id	googleadwords_int	258346999	mc_8ba2a925	0.1100643168	180	3	1	0.0	0.0	0.0	0.0	0.1100643168
2026-06-21	mock_app_id	googleadwords_int	261307969	mc_b4ba1e63	78.776309280099923	19046	350	125	39.37114575660005	0.0	39.37114575660005	0.49978408631217497	0.63021047424079935
2026-06-21	mock_app_id	googleadwords_int	262368493	mc_c13d8f45	165.30720885339997	70211	3396	1726	55.243980521398967	41.7102936756	96.954274196998966	0.586509655988332	0.0957747444110081
2026-06-21	mock_app_id	googleadwords_int	265069104	mc_b8b1eac5	0.0	0	0	0	0.14222456550000004	0.0	0.14222456550000004
2026-06-21	mock_app_id	googleadwords_int	292908581	mc_f42ebe24	0.0	0	0	0	0.095853331600000008	0.0	0.095853331600000008
2026-06-21	mock_app_id	googleadwords_int	303460318	mc_483107f1	0.0	0	0	0	0.0107440726	0.0	0.0107440726
2026-06-21	mock_app_id	googleadwords_int	351751429	mc_b7e37028	14.74093008299516	1487	42	17	5.5269578268	37.776256078	43.3032139048	2.9376174814609373	0.867113534293833
2026-06-21	mock_app_id	googleadwords_int	369626124	mc_617ec63b	0.1621907525	241	7	1	0.0088497833	0.0	0.0088497833	0.054564043655941481	0.1621907525
2026-06-21	mock_app_id	googleadwords_int	369804654	mc_92e554bf	0.46925428039999995	1724	35	14	0.77622166530000014	0.0	0.77622166530000014	1.6541600103004628	0.033518162885714284
2026-06-21	mock_app_id	googleadwords_int	414724209	mc_5dcabbd9	0.0	0	0	0	1.2369059439999999	6.3567610000000005	7.5936669440000006
2026-06-21	mock_app_id	googleadwords_int	429833705	mc_a544a26e	0.0	0	0	0	0.079388174099999875	0.0	0.079388174099999875
2026-06-21	mock_app_id	googleadwords_int	432166127	mc_f8b84857	3.400911226799999	4200	125	54	7.2378845086000005	0.0	7.2378845086000005	2.128219181836835	0.062979837533333319
2026-06-21	mock_app_id	googleadwords_int	448176306	mc_d1c03fd5	0.0	0	0	0	0.045954668600000005	0.0	0.045954668600000005
2026-06-21	mock_app_id	googleadwords_int	458610769	mc_e6a4a79e	0.0	0	0	0	0.0	82.778022	82.778022
2026-06-21	mock_app_id	googleadwords_int	464541057	mc_d8ff83e7	2.8213208537999996	2624	51	15	2.0900100221	0.0	2.0900100221	0.74079132803523329	0.18808805691999997
2026-06-21	mock_app_id	googleadwords_int	502057685	mc_befecb98	3.7129928426000034	14767	319	120	3.5879597324000012	0.0	3.5879597324000012	0.96632551811965028	0.030941607021666696
2026-06-21	mock_app_id	googleadwords_int	513913086	mc_2472b5d9	0.0	0	0	0	0.0	5.5755443728	5.5755443728
2026-06-21	mock_app_id	googleadwords_int	514288304	mc_c95b5395	7.3642632854000061	9830	349	144	3.4602958439000195	0.0	3.4602958439000195	0.46987671540209824	0.051140717259722267
2026-06-21	mock_app_id	googleadwords_int	529859974	mc_d2ea5396	3.3794498893000009	14244	478	149	4.1181135997999991	0.0	4.1181135997999991	1.2185751334377681	0.022680871740268463
2026-06-21	mock_app_id	googleadwords_int	532599141	mc_759b1811	0.0	0	0	0	7.38862e-05	0.0	7.38862e-05
2026-06-21	mock_app_id	googleadwords_int	542533692	mc_796ef0d2	16.479057282200138	141872	5483	1650	4.8648088108999863	22.9280700392	27.792878850099989	1.6865575726907922	0.00998730744375766
2026-06-21	mock_app_id	googleadwords_int	557162896	mc_b0c8a1e0	0.0	0	0	10	0.098718332699999772	0.0	0.098718332699999772
2026-06-21	mock_app_id	googleadwords_int	571438578	mc_756e1c81	0.0	0	0	1	0.0	0.0	0.0
2026-06-21	mock_app_id	googleadwords_int	574617314	mc_a3bfa925	0.0	0	0	0	0.0348437128	0.0	0.0348437128
2026-06-21	mock_app_id	googleadwords_int	585166272	mc_60587c25	0.71887553498376844	402	11	5	1.1613063485000001	0.0	1.1613063485000001	1.6154484218554208	0.14377510699675369
2026-06-21	mock_app_id	googleadwords_int	590094865	mc_23f341fc	0.47724155959999986	2805	90	31	0.29944293399999972	0.0	0.29944293399999972	0.62744521715790613	0.015394889019354834
2026-06-21	mock_app_id	googleadwords_int	611748075	mc_628993e1	0.7010163828999999	546	15	2	0.503751016	0.0	0.503751016	0.71860091759347688	0.35050819144999995
2026-06-21	mock_app_id	googleadwords_int	612287821	mc_6b5afb99	0.0	0	0	1	0.067549821400000015	0.0	0.067549821400000015
2026-06-21	mock_app_id	googleadwords_int	624225880	mc_ae3dba5e	0.0	0	0	0	0.2564768348	0.0	0.2564768348
2026-06-21	mock_app_id	googleadwords_int	654635500	mc_67ff1f36	0.4443819125	465	24	14	0.22605992450000012	0.0	0.22605992450000012	0.508706403526269	0.031741565178571428
2026-06-21	mock_app_id	googleadwords_int	660741874	mc_7e7497dd	0.32429362540000006	829	19	5	0.33677584740000005	0.0	0.33677584740000005	1.0384904944850637	0.064858725080000013
2026-06-21	mock_app_id	googleadwords_int	693949602	mc_cc915a95	0.0	0	0	0	9.42686e-05	0.0	9.42686e-05
2026-06-21	mock_app_id	googleadwords_int	739276167	mc_1fbdf2e3	45.1860482458517	5106	124	50	23.818980921500003	0.0	23.818980921500003	0.52713131256585821	0.903720964917034
2026-06-21	mock_app_id	googleadwords_int	778527564	mc_fd1439b8	0.0	0	0	0	0.0039248859	0.0	0.0039248859
2026-06-21	mock_app_id	googleadwords_int	788967442	mc_475f8981	0.33918352169999993	280	15	4	0.259709993	0.0	0.259709993	0.76569165771475045	0.084795880424999984
2026-06-21	mock_app_id	googleadwords_int	792104306	mc_6fcee95d	20.196875365800015	20026	931	349	8.307673881100115	0.0	8.307673881100115	0.4113346114502322	0.057870703053868239
2026-06-21	mock_app_id	googleadwords_int	833789410	mc_970b80f7	0.0	0	0	0	2.0091938060999976	90.753163394600008	92.762357200700009
2026-06-21	mock_app_id	googleadwords_int	834117318	mc_ae804aae	2.9181511538	4366	224	103	1.3919306567000003	0.0	1.3919306567000003	0.47699059553081619	0.028331564599999998
2026-06-21	mock_app_id	googleadwords_int	848321939	mc_c41abc99	0.0	11	0	0	0.0	0.0	0.0
2026-06-21	mock_app_id	googleadwords_int	876522969	mc_db4f67c3	0.0	0	0	0	0.0194206055	0.0	0.0194206055
2026-06-21	mock_app_id	googleadwords_int	889798464	mc_2254e49d	0.0	0	0	0	7.6434e-06	0.0	7.6434e-06
2026-06-21	mock_app_id	googleadwords_int	900383572	mc_45368c6d	4.6783551307999991	18915	565	208	7.27249509770005	0.0	7.27249509770005	1.5544983000160684	0.022492091974999996
2026-06-21	mock_app_id	googleadwords_int	914138760	mc_0365d47f	0.0	0	0	0	0.0	0.0	0.0
2026-06-21	mock_app_id	googleadwords_int	969393970	mc_d64553bd	0.0	0	0	0	0.0004000046	0.0	0.0004000046
2026-06-21	mock_app_id	googleadwords_int	989105150	mc_58ab9c06	0.010870218299999998	56	1	0	0.0	0.0	0.0	0.0
2026-06-21	mock_app_id	googleadwords_int	998337322	mc_fe944d1c	21.225047970700004	29022	1138	447	21.518541727900029	103.3813850506	124.89992677850003	5.88455333297326	0.04748332879351231
2026-06-21	mock_app_id	other		Unattributed	0.0	0	0	1381	19.180346686100176	6.3567610000000005	25.537107686100178
2026-06-21	mock_app_id	unknown		Unattributed	0.0	0	0	22	0.20118830089999981	192.34226541380002	192.5434537147
2026-06-22	mock_app_id	googleadwords_int		Unattributed	0.0	0	0	871	4.2993742830000121	56.8871701185	61.186544401500015
2026-06-22	mock_app_id	googleadwords_int	109075442	mc_df87094f	0.0	0	0	0	0.14172901840000002	21.643561	21.785290018399998
2026-06-22	mock_app_id	googleadwords_int	126634786	mc_fb57024c	0.0	0	0	0	0.0	0.0	0.0
2026-06-22	mock_app_id	googleadwords_int	132608256	mc_9772a6c4	0.0	0	0	0	0.0080039137	0.0	0.0080039137
2026-06-22	mock_app_id	googleadwords_int	140410898	mc_a2e93e84	62.506804972600023	9341	268	112	52.851724985299896	21.643561	74.495285985299887	1.1917948136679684	0.558096472969643
2026-06-22	mock_app_id	googleadwords_int	148918961	mc_993fe179	17.795724781000011	19081	648	190	3.2715204246000003	35.181658087600006	38.453178512200004	2.1608099127974474	0.093661709373684274
2026-06-22	mock_app_id	googleadwords_int	161332031	mc_12520749	7.5566935710000136	96655	3317	1039	2.4767342146000093	22.9372433931	25.413977607700012	3.3631081330636592	0.0072730448229066545
2026-06-22	mock_app_id	googleadwords_int	161694703	mc_2c0c0430	22.867380179400019	38221	2041	598	14.428472931900034	85.5734006433	100.00187357520004	4.3731233219836128	0.03823976618628766
2026-06-22	mock_app_id	googleadwords_int	180761354	mc_07fb7039	0.035341432099999993	197	8	3	0.035957101400000004	0.0	0.035957101400000004	1.0174206098456324	0.011780477366666665
2026-06-22	mock_app_id	googleadwords_int	199581943	mc_f81bdda1	0.0	0	0	1	0.0	0.0	0.0
2026-06-22	mock_app_id	googleadwords_int	232552584	mc_a5da28b5	6.5941619686682404	370	11	7	4.7578827405000013	0.0	4.7578827405000013	0.72152955343026026	0.94202313838117724
2026-06-22	mock_app_id	googleadwords_int	243641668	mc_1e8723bd	13.001080424430643	28267	929	359	13.022609630900048	0.0	13.022609630900048	1.0016559551796131	0.036214708703149426
2026-06-22	mock_app_id	googleadwords_int	258346999	mc_8ba2a925	0.1150555526	82	2	1	0.0507802018	0.0	0.0507802018	0.44135376913569319	0.1150555526
2026-06-22	mock_app_id	googleadwords_int	261307969	mc_b4ba1e63	95.590106468300007	15598	342	123	41.661805219899669	0.0	41.661805219899669	0.43583804599815706	0.77715533714065044
2026-06-22	mock_app_id	googleadwords_int	262368493	mc_c13d8f45	178.43696383129998	56376	3248	1668	59.000058110697715	95.9814451752	154.9815032858977	0.86855043909188112	0.10697659702116305
2026-06-22	mock_app_id	googleadwords_int	265069104	mc_b8b1eac5	0.0	0	0	0	0.029202883600000038	0.0	0.029202883600000038
2026-06-22	mock_app_id	googleadwords_int	295094164	mc_15f5ae79	0.0	0	0	0	0.0010917323	0.0	0.0010917323
2026-06-22	mock_app_id	googleadwords_int	303460318	mc_483107f1	0.0	0	0	0	0.0	0.0	0.0
2026-06-22	mock_app_id	googleadwords_int	351751429	mc_b7e37028	19.6195633175828	1767	63	28	18.113063074899998	0.0	18.113063074899998	0.92321438462737371	0.70069868991367135
2026-06-22	mock_app_id	googleadwords_int	369626124	mc_617ec63b	0.145131532	235	6	2	0.079506646799999955	0.0	0.079506646799999955	0.54782476078320419	0.072565766
2026-06-22	mock_app_id	googleadwords_int	369804654	mc_92e554bf	0.3613039562	1299	27	11	0.45498994570000062	0.0	0.45498994570000062	1.2592996503147635	0.0328458142
2026-06-22	mock_app_id	googleadwords_int	414724209	mc_5dcabbd9	0.0	0	0	0	0.44683189009999735	38.204261	38.6510928901
2026-06-22	mock_app_id	googleadwords_int	429833705	mc_a544a26e	0.0	0	0	0	0.1210434302	0.0	0.1210434302
2026-06-22	mock_app_id	googleadwords_int	432166127	mc_f8b84857	2.866498291500001	2694	100	46	7.8409296600999987	0.0	7.8409296600999987	2.7353686842760836	0.062315180250000025
2026-06-22	mock_app_id	googleadwords_int	448176306	mc_d1c03fd5	0.0	0	0	0	0.0	0.0	0.0
2026-06-22	mock_app_id	googleadwords_int	458610769	mc_e6a4a79e	0.0	0	0	0	0.011810326900000001	0.0	0.011810326900000001
2026-06-22	mock_app_id	googleadwords_int	464541057	mc_d8ff83e7	2.9510921709	1904	60	10	1.3557773747000001	0.0	1.3557773747000001	0.45941546254264443	0.29510921709
2026-06-22	mock_app_id	googleadwords_int	502057685	mc_befecb98	2.8226968205000005	10099	244	105	2.3141985875000017	0.0	2.3141985875000017	0.81985375499522273	0.026882826861904765
2026-06-22	mock_app_id	googleadwords_int	510225620	mc_10287894	1.7851023833000013	17517	699	252	0.569133933499999	0.0	0.569133933499999	0.31882425278480586	0.0070837396162698463
2026-06-22	mock_app_id	googleadwords_int	514288304	mc_c95b5395	1.7236249071999992	2640	82	49	1.2812847983000009	0.0	1.2812847983000009	0.74336637452137266	0.0351760185142857
2026-06-22	mock_app_id	googleadwords_int	529859974	mc_d2ea5396	3.0094190006	11924	359	106	2.95632826490001	0.0	2.95632826490001	0.98235847660647957	0.028390745288679246
2026-06-22	mock_app_id	googleadwords_int	532599141	mc_759b1811	0.0	0	0	0	0.0009414121	0.0	0.0009414121
2026-06-22	mock_app_id	googleadwords_int	542533692	mc_796ef0d2	3.6101191926999991	33390	1210	357	1.4225475692999994	0.0	1.4225475692999994	0.39404448810901438	0.010112378691036412
2026-06-22	mock_app_id	googleadwords_int	557162896	mc_b0c8a1e0	0.0	0	0	7	0.064547239099999973	41.962273643399996	42.0268208825
2026-06-22	mock_app_id	googleadwords_int	574617314	mc_a3bfa925	0.0	0	0	0	8.2803500000000008e-05	0.0	8.2803500000000008e-05
2026-06-22	mock_app_id	googleadwords_int	585166272	mc_60587c25	0.82881771244534963	329	11	4	0.96502638429999965	0.0	0.96502638429999965	1.1643409278172627	0.20720442811133741
2026-06-22	mock_app_id	googleadwords_int	590094865	mc_23f341fc	0.53830730350000022	2367	97	48	0.37852409819999971	0.0	0.37852409819999971	0.70317474003954239	0.011214735489583337
2026-06-22	mock_app_id	googleadwords_int	611748075	mc_628993e1	0.3507868837	372	9	5	0.6581922825000005	0.0	0.6581922825000005	1.8763309379118627	0.07015737674
2026-06-22	mock_app_id	googleadwords_int	611892113	mc_9bfd19ea	0.000683508	2	0	0	0.0	0.0	0.0	0.0
2026-06-22	mock_app_id	googleadwords_int	612287821	mc_6b5afb99	0.0	0	0	0	0.0326908218	6.6113231631	6.6440139849
2026-06-22	mock_app_id	googleadwords_int	654635500	mc_67ff1f36	0.33180244900000005	310	23	12	0.13372765249999993	0.0	0.13372765249999993	0.40303395259147079	0.027650204083333338
2026-06-22	mock_app_id	googleadwords_int	660741874	mc_7e7497dd	0.26756734359999995	695	8	5	0.060275852399999996	0.0	0.060275852399999996	0.22527357632293663	0.053513468719999992
2026-06-22	mock_app_id	googleadwords_int	739276167	mc_1fbdf2e3	44.60718871118479	5780	140	66	46.343188991499929	0.0	46.343188991499929	1.0389175003059508	0.675866495624012
2026-06-22	mock_app_id	googleadwords_int	788967442	mc_475f8981	0.2978402384	181	4	2	0.25050606550000004	35.181658087600006	35.432164153100004	118.96365764223751	0.1489201192
2026-06-22	mock_app_id	googleadwords_int	792104306	mc_6fcee95d	10.167388993500007	10252	479	181	3.5731646578000027	21.643561	25.2167256578	2.4801574596900942	0.0561734198535912
2026-06-22	mock_app_id	googleadwords_int	807898159	mc_ce3403c4	0.0	0	0	0	0.0	0.0	0.0
2026-06-22	mock_app_id	googleadwords_int	821866242	mc_e6535e2b	0.0	0	0	0	0.020469025200000008	0.0	0.020469025200000008
2026-06-22	mock_app_id	googleadwords_int	833789410	mc_970b80f7	0.0	0	0	0	1.205625329500001	53.648656442899991	54.854281772399993
2026-06-22	mock_app_id	googleadwords_int	834117318	mc_ae804aae	2.3060917096999969	4055	180	70	0.88133370210000028	0.0	0.88133370210000028	0.3821763455429335	0.03294416728142853
2026-06-22	mock_app_id	googleadwords_int	839748211	mc_708ecf59	0.0	0	0	0	0.082380565199999992	0.0	0.082380565199999992
2026-06-22	mock_app_id	googleadwords_int	848321939	mc_c41abc99	0.0	3	0	0	0.0	0.0	0.0
2026-06-22	mock_app_id	googleadwords_int	876522969	mc_db4f67c3	0.0	0	0	0	0.029572314599999996	0.0	0.029572314599999996
2026-06-22	mock_app_id	googleadwords_int	900383572	mc_45368c6d	4.3740207527000043	17591	486	155	6.085727309900042	0.0	6.085727309900042	1.3913348047430805	0.028219488727096804
2026-06-22	mock_app_id	googleadwords_int	914138760	mc_0365d47f	0.0	0	0	0	0.0003643354	0.0	0.0003643354
2026-06-22	mock_app_id	googleadwords_int	989105150	mc_58ab9c06	0.0	11	0	0	0.0	0.0	0.0
2026-06-22	mock_app_id	googleadwords_int	998337322	mc_fe944d1c	17.179718078200008	21984	858	327	15.89897901450006	179.0935601892	194.99253920370006	11.350159433124427	0.052537364153516841
2026-06-22	mock_app_id	other		Unattributed	0.0	0	0	1133	17.520730148500032	42.1698773047	59.69060745320003
2026-06-22	mock_app_id	unknown		Unattributed	0.0	0	0	20	2.5941355647000028	107.22440758879999	109.81854315349999
2026-06-23	mock_app_id	googleadwords_int		Unattributed	0.0	0	0	1807	4.1552745367000039	29.261483	33.416757536700004
2026-06-23	mock_app_id	googleadwords_int	109075442	mc_df87094f	0.0	0	0	0	1.2603023914	50.943261000000007	52.20356339140001
2026-06-23	mock_app_id	googleadwords_int	140410898	mc_a2e93e84	37.304287248300007	7704	201	81	32.948719033299945	38.204261	71.15298003329994	1.9073673639627695	0.46054675615185192
2026-06-23	mock_app_id	googleadwords_int	148918961	mc_993fe179	15.713203655900006	16781	609	212	3.0789245792000037	0.0	3.0789245792000037	0.19594505656673816	0.074118885169339649
2026-06-23	mock_app_id	googleadwords_int	158774250	mc_09b16686	0.0	1	0	0	0.0	0.0	0.0
2026-06-23	mock_app_id	googleadwords_int	161332031	mc_12520749	3.4633016743000038	37490	1412	425	1.2130763706000014	0.0	1.2130763706000014	0.3502658690121721	0.00814894511600001
2026-06-23	mock_app_id	googleadwords_int	161694703	mc_2c0c0430	22.716617029700018	38090	2126	616	13.911788009200068	19.0922080929	33.003996102100068	1.4528570015046778	0.036877625048214312
2026-06-23	mock_app_id	googleadwords_int	180761354	mc_07fb7039	0.0323429476	98	4	1	0.018481741200000002	0.0	0.018481741200000002	0.57143032937418492	0.0323429476
2026-06-23	mock_app_id	googleadwords_int	199581943	mc_f81bdda1	2.9120077187999911	31286	1273	348	1.6980424571999981	0.0	1.6980424571999981	0.583117430025132	0.0083678382724137676
2026-06-23	mock_app_id	googleadwords_int	232552584	mc_a5da28b5	2.6350485759827764	411	10	5	3.3959931936	0.0	3.3959931936	1.2887782124978167	0.52700971519655526
2026-06-23	mock_app_id	googleadwords_int	243641668	mc_1e8723bd	14.253401089595661	28326	966	339	13.643392566000019	0.0	13.643392566000019	0.95720259889122739	0.042045430942760059
2026-06-23	mock_app_id	googleadwords_int	258346999	mc_8ba2a925	0.0305324651	92	1	1	0.0	0.0	0.0	0.0	0.0305324651
2026-06-23	mock_app_id	googleadwords_int	261307969	mc_b4ba1e63	86.434864258200037	14958	337	107	32.401218469599947	0.0	32.401218469599947	0.37486283744034521	0.80780246970280412
2026-06-23	mock_app_id	googleadwords_int	262368493	mc_c13d8f45	152.19471163879982	55966	3146	1593	52.6783178955998	92.2804599392	144.9587778347998	0.9524560759957752	0.095539680878091532
2026-06-23	mock_app_id	googleadwords_int	265069104	mc_b8b1eac5	0.0	0	0	0	0.026615592700000055	19.4607741148	19.4873897075
2026-06-23	mock_app_id	googleadwords_int	280939212	mc_45884f7b	0.132893484	203	7	1	0.0026675465999999996	0.0	0.0026675465999999996	0.020072817114193495	0.132893484
2026-06-23	mock_app_id	googleadwords_int	300652860	mc_a0dc7a81	0.0	0	0	0	0.0	0.0	0.0
2026-06-23	mock_app_id	googleadwords_int	351751429	mc_b7e37028	21.196672758507049	2039	57	26	12.284096679500003	0.0	12.284096679500003	0.579529477076534	0.81525664455796343
2026-06-23	mock_app_id	googleadwords_int	369626124	mc_617ec63b	0.3895523654000001	391	19	8	0.406437795	0.0	0.406437795	1.043345724733725	0.048694045675000013
2026-06-23	mock_app_id	googleadwords_int	369804654	mc_92e554bf	0.28087215229999996	1097	27	6	1.4445834914999998	0.0	1.4445834914999998	5.14320654315718	0.046812025383333324
2026-06-23	mock_app_id	googleadwords_int	373680283	mc_541ebe5c	0.0	0	0	0	0.0053299976	0.0	0.0053299976
2026-06-23	mock_app_id	googleadwords_int	414724209	mc_5dcabbd9	0.0	0	0	0	0.3046455416	59.847822	60.152467541600004
2026-06-23	mock_app_id	googleadwords_int	429833705	mc_a544a26e	0.0	0	0	0	0.051678301300000014	7.690343215	7.7420215163
2026-06-23	mock_app_id	googleadwords_int	432166127	mc_f8b84857	2.1255829428000004	2414	70	29	4.3619775506999892	0.0	4.3619775506999892	2.0521323646651104	0.0732959635448276
2026-06-23	mock_app_id	googleadwords_int	434877610	mc_0dfbbe6f	0.1877035023	751	20	12	0.69232898079999994	0.0	0.69232898079999994	3.6884180226614767	0.015641958525
2026-06-23	mock_app_id	googleadwords_int	448176306	mc_d1c03fd5	0.0	0	0	0	0.0	0.0	0.0
2026-06-23	mock_app_id	googleadwords_int	464541057	mc_d8ff83e7	0.79324032719999993	1574	20	4	0.50780201800000013	0.0	0.50780201800000013	0.64016162641711971	0.19831008179999998
2026-06-23	mock_app_id	googleadwords_int	502057685	mc_befecb98	1.9305130143999996	7431	190	61	1.5357654318000007	0.0	1.5357654318000007	0.79552192621571849	0.031647754334426223
2026-06-23	mock_app_id	googleadwords_int	510225620	mc_10287894	12.939699882600046	104050	4461	1429	3.9316579524000175	0.0	3.9316579524000175	0.30384460134866803	0.0090550733958012913
2026-06-23	mock_app_id	googleadwords_int	513913086	mc_2472b5d9	0.0	0	0	0	0.0	0.0	0.0
2026-06-23	mock_app_id	googleadwords_int	514288304	mc_c95b5395	0.0	0	0	5	0.2992187276000004	0.0	0.2992187276000004
2026-06-23	mock_app_id	googleadwords_int	516932962	mc_60e17b09	0.0	1	0	0	0.0	0.0	0.0
2026-06-23	mock_app_id	googleadwords_int	525989111	mc_c82cc8f4	0.3921252848000002	1080	44	14	0.060441459400000029	0.0	0.060441459400000029	0.15413813325204884	0.028008948914285729
2026-06-23	mock_app_id	googleadwords_int	529859974	mc_d2ea5396	2.7450771637999991	10739	366	126	3.9155698693000027	0.0	3.9155698693000027	1.4263970138747195	0.021786326696825391
2026-06-23	mock_app_id	googleadwords_int	532599141	mc_759b1811	0.0	0	0	0	0.004242087	0.0	0.004242087
2026-06-23	mock_app_id	googleadwords_int	542533692	mc_796ef0d2	0.0	0	0	0	0.1417888917	0.0	0.1417888917
2026-06-23	mock_app_id	googleadwords_int	557162896	mc_b0c8a1e0	0.0	0	0	4	0.0274665579	-41.962273643399996	-41.9348070855
2026-06-23	mock_app_id	googleadwords_int	574617314	mc_a3bfa925	0.0	0	0	0	0.012433264000000003	0.0	0.012433264000000003
2026-06-23	mock_app_id	googleadwords_int	585166272	mc_60587c25	0.47259867716895992	314	9	3	0.4063817434	0.0	0.4063817434	0.85988760238258866	0.15753289238965332
2026-06-23	mock_app_id	googleadwords_int	590094865	mc_23f341fc	0.68271789729999988	2015	99	48	0.48663616950000033	0.0	0.48663616950000033	0.712792459996347	0.01422328952708333
2026-06-23	mock_app_id	googleadwords_int	611748075	mc_628993e1	0.50619544669999994	342	7	5	0.5526662282	0.0	0.5526662282	1.0918040290622	0.10123908933999999
2026-06-23	mock_app_id	googleadwords_int	611892113	mc_9bfd19ea	0.39732075930000021	1547	51	29	0.68145369649999954	0.0	0.68145369649999954	1.71512230496233	0.013700715837931043
2026-06-23	mock_app_id	googleadwords_int	612287821	mc_6b5afb99	0.0	0	0	0	0.038892167	0.0	0.038892167
2026-06-23	mock_app_id	googleadwords_int	615544794	mc_8c2380d2	0.0	0	0	0	0.0406870921	0.0	0.0406870921
2026-06-23	mock_app_id	googleadwords_int	654635500	mc_67ff1f36	0.098664379799999979	189	10	4	0.0452310934	0.0	0.0452310934	0.45843386936285196	0.024666094949999995
2026-06-23	mock_app_id	googleadwords_int	660741874	mc_7e7497dd	0.4171660886	530	13	6	1.191616251200001	0.0	1.191616251200001	2.8564552195482582	0.069527681433333335
2026-06-23	mock_app_id	googleadwords_int	728115589	mc_337b8797	0.0	0	0	0	6.11472e-05	0.0	6.11472e-05
2026-06-23	mock_app_id	googleadwords_int	739276167	mc_1fbdf2e3	44.897583720898183	7161	177	71	36.118588607399985	0.0	36.118588607399985	0.80446620094141286	0.63236033409715753
2026-06-23	mock_app_id	googleadwords_int	788967442	mc_475f8981	0.002595703	140	0	0	0.0032841142	0.0	0.0032841142	1.2652118520493292
2026-06-23	mock_app_id	googleadwords_int	792104306	mc_6fcee95d	12.351226346699983	11772	623	282	6.6836526573000308	0.0	6.6836526573000308	0.54113271586879941	0.043798674988297814
2026-06-23	mock_app_id	googleadwords_int	807898159	mc_ce3403c4	0.0	0	0	0	0.32650184390000003	0.0	0.32650184390000003
2026-06-23	mock_app_id	googleadwords_int	810543724	mc_c492b014	0.4698580458	298	5	2	0.9002944297	0.0	0.9002944297	1.9160987829145735	0.2349290229
2026-06-23	mock_app_id	googleadwords_int	821866242	mc_e6535e2b	0.0	0	0	0	0.0003019143	0.0	0.0003019143
2026-06-23	mock_app_id	googleadwords_int	833789410	mc_970b80f7	0.0	0	0	0	1.6887277004000014	59.260169382200004	60.948897082600006
2026-06-23	mock_app_id	googleadwords_int	834117318	mc_ae804aae	2.152544892299999	3237	154	68	0.9291495386000006	0.0	0.9291495386000006	0.431651642631807	0.031655071945588219
2026-06-23	mock_app_id	googleadwords_int	839748211	mc_708ecf59	0.0	0	0	0	0.0	0.0	0.0
2026-06-23	mock_app_id	googleadwords_int	848321939	mc_c41abc99	0.0208819831	31	3	2	0.0116727457	0.0	0.0116727457	0.55898645469165231	0.01044099155
2026-06-23	mock_app_id	googleadwords_int	900383572	mc_45368c6d	3.2478941280999996	12599	373	136	5.7957239749000724	0.0	5.7957239749000724	1.7844559416998422	0.023881574471323525
2026-06-23	mock_app_id	googleadwords_int	914138760	mc_0365d47f	0.0	0	0	0	0.0019172195000000001	0.0	0.0019172195000000001
2026-06-23	mock_app_id	googleadwords_int	972671114	mc_9911559c	0.0609501985	84	3	0	0.0	0.0	0.0	0.0
2026-06-23	mock_app_id	googleadwords_int	974591165	mc_674dbd59	0.1182371196	552	25	10	0.11079490469999999	0.0	0.11079490469999999	0.93705686568501279	0.01182371196
2026-06-23	mock_app_id	googleadwords_int	989105150	mc_58ab9c06	0.0	10	0	0	0.0	0.0	0.0
2026-06-23	mock_app_id	googleadwords_int	998337322	mc_fe944d1c	15.174694554800013	22017	864	342	18.893858041200069	75.769870069600017	94.6637281108001	6.2382625079498784	0.04437045191461992
2026-06-23	mock_app_id	other		Unattributed	0.0	0	0	1222	15.456903866999983	38.765461084300007	54.222364951299994
2026-06-23	mock_app_id	unknown		Unattributed	0.0	0	0	24	0.14114429830000022	172.2543490551	172.39549335339998
2026-06-24	mock_app_id	googleadwords_int		Unattributed	0.0	0	0	1261	2.7449844331999986	64.930682999999988	67.67566743319999
2026-06-24	mock_app_id	googleadwords_int	109075442	mc_df87094f	0.0	0	0	0	0.2949422453	59.847822	60.1427642453
2026-06-24	mock_app_id	googleadwords_int	126634786	mc_fb57024c	0.0	0	0	0	0.63147095609999981	0.0	0.63147095609999981
2026-06-24	mock_app_id	googleadwords_int	140410898	mc_a2e93e84	29.6596758334	7092	170	82	35.945871971499962	50.917783	86.863654971499955	2.9286785013908374	0.36170336382195123
2026-06-24	mock_app_id	googleadwords_int	148918961	mc_993fe179	17.716177469000009	19942	672	208	2.8966829930000104	6.1861959812	9.08287897420001	0.51268841656691166	0.085173930139423121
2026-06-24	mock_app_id	googleadwords_int	149100913	mc_4d69402b	0.0	0	0	0	0.0	0.0	0.0
2026-06-24	mock_app_id	googleadwords_int	161332031	mc_12520749	4.6937112771999985	46471	1730	569	1.2492232831000007	0.0	1.2492232831000007	0.26614830127455485	0.0082490532112478
2026-06-24	mock_app_id	googleadwords_int	161694703	mc_2c0c0430	21.674278721500006	38876	2071	597	12.673009432200104	102.86964158600001	115.54265101820012	5.3308648699615775	0.0363053244916248
2026-06-24	mock_app_id	googleadwords_int	180761354	mc_07fb7039	0.0542119488	66	9	6	0.0340360602	0.0	0.0340360602	0.6278331798321185	0.0090353248
2026-06-24	mock_app_id	googleadwords_int	199581943	mc_f81bdda1	2.7018542335000015	28168	1114	364	0.92711002469999859	0.0	0.92711002469999859	0.34313843182391579	0.0074226764656593449
2026-06-24	mock_app_id	googleadwords_int	232552584	mc_a5da28b5	9.7553961773940276	1229	23	8	3.3038825802000007	0.0	3.3038825802000007	0.33867231223843247	1.2194245221742535
2026-06-24	mock_app_id	googleadwords_int	243641668	mc_1e8723bd	13.656596622294698	26517	870	302	13.287742616200006	0.0	13.287742616200006	0.97299078121026661	0.045220518616869862
2026-06-24	mock_app_id	googleadwords_int	258346999	mc_8ba2a925	0.0676119604	91	2	0	0.0	0.0	0.0	0.0
2026-06-24	mock_app_id	googleadwords_int	261307969	mc_b4ba1e63	36.852935181599982	6009	137	37	16.312711160899994	130.18024100460002	146.49295216550001	3.9750687820014226	0.99602527517837791
2026-06-24	mock_app_id	googleadwords_int	262368493	mc_c13d8f45	54.73679343699996	22368	1132	476	19.478208710200505	43.7733199479	63.251528658100504	1.15555780100456	0.11499326352310917
2026-06-24	mock_app_id	googleadwords_int	265069104	mc_b8b1eac5	0.0	0	0	1	0.026135332400000003	0.0	0.026135332400000003
2026-06-24	mock_app_id	googleadwords_int	280939212	mc_45884f7b	0.1301895589	412	11	1	0.0	0.0	0.0	0.0	0.1301895589
2026-06-24	mock_app_id	googleadwords_int	295094164	mc_15f5ae79	0.0	0	0	0	0.0668937629	0.0	0.0668937629
2026-06-24	mock_app_id	googleadwords_int	324659865	mc_cb530cbb	0.0	0	0	0	0.0024013015000000004	0.0	0.0024013015000000004
2026-06-24	mock_app_id	googleadwords_int	351751429	mc_b7e37028	30.904375124050031	4928	128	44	15.106364803999996	0.0	15.106364803999996	0.48880990938542235	0.702372161910228
2026-06-24	mock_app_id	googleadwords_int	369626124	mc_617ec63b	0.4560397924	664	25	9	0.80810228669999951	0.0	0.80810228669999951	1.7719995056729605	0.050671088044444444
2026-06-24	mock_app_id	googleadwords_int	369804654	mc_92e554bf	0.26279499309999993	1014	16	9	0.80616341090000054	0.0	0.80616341090000054	3.067651333042086	0.02919944367777777
2026-06-24	mock_app_id	googleadwords_int	414724209	mc_5dcabbd9	0.0	0	0	0	0.3355885726	43.287122	43.6227105726
2026-06-24	mock_app_id	googleadwords_int	429833705	mc_a544a26e	0.0	0	0	0	0.047548317500000006	0.0	0.047548317500000006
2026-06-24	mock_app_id	googleadwords_int	432166127	mc_f8b84857	1.8961699922	2167	64	31	2.7426404572	0.0	2.7426404572	1.4464106427598806	0.061166773941935482
2026-06-24	mock_app_id	googleadwords_int	434877610	mc_0dfbbe6f	0.3508568619	1260	41	18	0.59321064349999986	0.0	0.59321064349999986	1.69074830199295	0.019492047883333332
2026-06-24	mock_app_id	googleadwords_int	464541057	mc_d8ff83e7	1.6302267938000001	1464	29	12	2.6314009614	0.0	2.6314009614	1.6141318320908582	0.13585223281666667
2026-06-24	mock_app_id	googleadwords_int	491097897	mc_d7a6e79d	0.0	0	0	0	0.0001745243	0.0	0.0001745243
2026-06-24	mock_app_id	googleadwords_int	502057685	mc_befecb98	2.6580576447	7481	143	67	1.5642103449000009	0.0	1.5642103449000009	0.5884787141539003	0.039672502159701493
2026-06-24	mock_app_id	googleadwords_int	510225620	mc_10287894	9.1249164248000341	81191	3098	1008	2.5534217207000167	0.0	2.5534217207000167	0.27982960082354652	0.0090524964531746369
2026-06-24	mock_app_id	googleadwords_int	513499437	mc_c9d56aa3	0.0	0	0	0	0.004509606	0.0	0.004509606
2026-06-24	mock_app_id	googleadwords_int	513913086	mc_2472b5d9	0.0	0	0	0	0.0	0.0	0.0
2026-06-24	mock_app_id	googleadwords_int	514288304	mc_c95b5395	0.0	0	0	5	0.0053605712000000007	0.0	0.0053605712000000007
2026-06-24	mock_app_id	googleadwords_int	516932962	mc_60e17b09	0.00045160350000000003	6	0	0	0.0	0.0	0.0	0.0
2026-06-24	mock_app_id	googleadwords_int	525989111	mc_c82cc8f4	1.1416064533999954	2546	117	48	0.61832558199999987	0.0	0.61832558199999987	0.54162761620562716	0.023783467779166571
2026-06-24	mock_app_id	googleadwords_int	529859974	mc_d2ea5396	2.9321443527000008	11571	368	108	2.279414748000014	0.0	2.279414748000014	0.77738831169790967	0.02714948474722223
2026-06-24	mock_app_id	googleadwords_int	542533692	mc_796ef0d2	0.0	0	0	1	0.032122662400000015	0.0	0.032122662400000015
2026-06-24	mock_app_id	googleadwords_int	557162896	mc_b0c8a1e0	0.0	0	0	9	0.063934493200000025	0.0	0.063934493200000025
2026-06-24	mock_app_id	googleadwords_int	571438578	mc_756e1c81	0.0	0	0	2	0.0	0.0	0.0
2026-06-24	mock_app_id	googleadwords_int	574617314	mc_a3bfa925	0.0	0	0	0	0.0872048245	0.0	0.0872048245
2026-06-24	mock_app_id	googleadwords_int	585166272	mc_60587c25	0.016641836743616686	319	1	1	0.207785829	0.0	0.207785829	12.485750954124729	0.016641836743616686
2026-06-24	mock_app_id	googleadwords_int	590094865	mc_23f341fc	0.59344280179999986	1737	75	30	0.37497501279999973	0.0	0.37497501279999973	0.63186378141692	0.019781426726666662
2026-06-24	mock_app_id	googleadwords_int	611748075	mc_628993e1	0.3096901515	367	5	2	0.1240383691	0.0	0.1240383691	0.400524099649969	0.15484507575
2026-06-24	mock_app_id	googleadwords_int	611892113	mc_9bfd19ea	0.65323510520000028	2411	100	30	0.78130452630000136	0.0	0.78130452630000136	1.1960541007066516	0.021774503506666675
2026-06-24	mock_app_id	googleadwords_int	612287821	mc_6b5afb99	0.0	0	0	0	0.0046612001000000012	7.4701496	7.4748108001
2026-06-24	mock_app_id	googleadwords_int	654635500	mc_67ff1f36	0.49352206920000008	461	34	17	0.17413703439999997	0.0	0.17413703439999997	0.35284548608388744	0.029030709952941183
2026-06-24	mock_app_id	googleadwords_int	660741874	mc_7e7497dd	0.11584077309999999	317	9	15	0.030864049200000004	0.0	0.030864049200000004	0.26643511066139464	0.0077227182066666655
2026-06-24	mock_app_id	googleadwords_int	739276167	mc_1fbdf2e3	47.075620690152256	8061	181	74	39.635980649299682	0.0	39.635980649299682	0.84196405842804167	0.63615703635340881
2026-06-24	mock_app_id	googleadwords_int	788967442	mc_475f8981	0.012265713800000001	132	1	1	0.11508539990000001	18.748935355500002	18.864020755400002	1537.9472457118638	0.012265713800000001
2026-06-24	mock_app_id	googleadwords_int	792104306	mc_6fcee95d	35.667751838400015	21585	1206	635	14.858565776000033	0.0	14.858565776000033	0.41658262744789126	0.056169687934488212
2026-06-24	mock_app_id	googleadwords_int	810543724	mc_c492b014	0.6776135572	303	5	2	0.6651350375	0.0	0.6651350375	0.98158460738069775	0.3388067786
2026-06-24	mock_app_id	googleadwords_int	821866242	mc_e6535e2b	0.0	0	0	0	0.04728589410000001	0.0	0.04728589410000001
2026-06-24	mock_app_id	googleadwords_int	833789410	mc_970b80f7	0.0	0	0	0	1.3309834589999996	105.6295688662	106.9605523252
2026-06-24	mock_app_id	googleadwords_int	834117318	mc_ae804aae	0.6281999973	902	42	16	0.1490654085	0.0	0.1490654085	0.23728973120134078	0.03926249983125
2026-06-24	mock_app_id	googleadwords_int	848321939	mc_c41abc99	0.0	33	0	0	0.0	0.0	0.0
2026-06-24	mock_app_id	googleadwords_int	889798464	mc_2254e49d	0.0	0	0	0	0.0025847431	0.0	0.0025847431
2026-06-24	mock_app_id	googleadwords_int	900383572	mc_45368c6d	2.461792390999999	10948	296	99	4.0214500677999165	0.0	4.0214500677999165	1.6335455753709485	0.024866589808080798
2026-06-24	mock_app_id	googleadwords_int	914138760	mc_0365d47f	0.0	0	0	0	0.011480386800000002	0.0	0.011480386800000002
2026-06-24	mock_app_id	googleadwords_int	953724624	mc_6aedfff8	0.0	0	0	0	0.054581519400000007	0.0	0.054581519400000007
2026-06-24	mock_app_id	googleadwords_int	972671114	mc_9911559c	1.7901399999999998e-05	28	0	0	0.0	0.0	0.0	0.0
2026-06-24	mock_app_id	googleadwords_int	974591165	mc_674dbd59	0.23558486510000007	1081	47	28	0.77636052040000036	0.0	0.77636052040000036	3.2954600885352043	0.00841374518214286
2026-06-24	mock_app_id	googleadwords_int	989105150	mc_58ab9c06	0.0	3	0	0	0.0	0.0	0.0
2026-06-24	mock_app_id	googleadwords_int	998337322	mc_fe944d1c	15.225868147800005	21641	830	348	17.616324878400274	86.2971236157	103.91344849410028	6.8247962930845949	0.043752494677586219
2026-06-24	mock_app_id	other		Unattributed	0.0	0	0	1235	21.996802004900175	38.204261	60.201063004900178
2026-06-24	mock_app_id	unknown		Unattributed	0.0	0	0	19	0.20736289419999993	60.9128074956	61.1201703898
2026-06-25	mock_app_id	googleadwords_int		Unattributed	0.0	0	0	899	4.6967852225999787	21.643561	26.340346222599976
2026-06-25	mock_app_id	googleadwords_int	109075442	mc_df87094f	0.0	0	0	0	0.0023184980000000004	0.0	0.0023184980000000004
2026-06-25	mock_app_id	googleadwords_int	126634786	mc_fb57024c	0.0	0	0	0	0.022681789500000007	21.643561	21.6662427895
2026-06-25	mock_app_id	googleadwords_int	130583643	mc_4d36fd16	0.0	0	0	0	0.0016981087	0.0	0.0016981087
2026-06-25	mock_app_id	googleadwords_int	140410898	mc_a2e93e84	42.015300228600019	8035	223	90	41.818706387300011	257.22588800000005	299.04459438730009	7.1175165418368	0.46683666920666689
2026-06-25	mock_app_id	googleadwords_int	148918961	mc_993fe179	16.949867357000006	18210	667	234	2.8914014036000064	50.0146745252	52.906075928800007	3.1213268407643735	0.072435330585470109
2026-06-25	mock_app_id	googleadwords_int	161332031	mc_12520749	4.5951372181000067	46273	1849	555	1.7002271957000055	0.0	1.7002271957000055	0.37000575064502944	0.0082795265190991115
2026-06-25	mock_app_id	googleadwords_int	161694703	mc_2c0c0430	21.1956530582	40487	2116	663	14.960300703900018	45.489481084800005	60.449781788700022	2.8519895859171798	0.031969310796681749
2026-06-25	mock_app_id	googleadwords_int	180761354	mc_07fb7039	0.0067748662	34	1	0	0.0	0.0	0.0	0.0
2026-06-25	mock_app_id	googleadwords_int	199581943	mc_f81bdda1	6.703489249699996	52949	1984	766	2.5440419950000059	0.0	2.5440419950000059	0.37951011782615457	0.0087512914486945117
2026-06-25	mock_app_id	googleadwords_int	232552584	mc_a5da28b5	16.5792607452999	1998	54	25	12.799013428999999	0.0	12.799013428999999	0.77198939238762043	0.663170429811996
2026-06-25	mock_app_id	googleadwords_int	240191289	mc_149c320f	0.0	0	0	0	0.00027006679999999996	0.0	0.00027006679999999996
2026-06-25	mock_app_id	googleadwords_int	243641668	mc_1e8723bd	10.209851202284945	20871	649	244	11.417921113499997	0.0	11.417921113499997	1.1183239488294099	0.041843652468380919
2026-06-25	mock_app_id	googleadwords_int	258346999	mc_8ba2a925	0.0001635537	59	0	0	0.0	0.0	0.0	0.0
2026-06-25	mock_app_id	googleadwords_int	261307969	mc_b4ba1e63	0.0	0	0	0	1.1267021289000005	44.8035266996	45.9302288285
2026-06-25	mock_app_id	googleadwords_int	262368493	mc_c13d8f45	0.0	0	0	20	1.1918493749000021	106.1931689781	107.385018353
2026-06-25	mock_app_id	googleadwords_int	265069104	mc_b8b1eac5	0.0	0	0	0	0.077816181499999984	0.0	0.077816181499999984
2026-06-25	mock_app_id	googleadwords_int	280939212	mc_45884f7b	0.31357963750000006	430	10	4	0.72837143349999989	0.0	0.72837143349999989	2.3227638098790764	0.078394909375000016
2026-06-25	mock_app_id	googleadwords_int	295094164	mc_15f5ae79	0.0	0	0	0	0.0007592444	0.0	0.0007592444
2026-06-25	mock_app_id	googleadwords_int	351751429	mc_b7e37028	25.370992009416884	5726	122	48	23.597605127300039	0.0	23.597605127300039	0.93010179178415164	0.52856233352951842
2026-06-25	mock_app_id	googleadwords_int	369626124	mc_617ec63b	0.4738948114999999	816	22	12	0.37338518560000006	0.0	0.37338518560000006	0.78790730883534932	0.039491234291666656
2026-06-25	mock_app_id	googleadwords_int	369804654	mc_92e554bf	0.2415639327	909	18	11	0.3557353011	0.0	0.3557353011	1.4726341682050286	0.02196035751818182
2026-06-25	mock_app_id	googleadwords_int	414724209	mc_5dcabbd9	0.0	0	0	0	0.0070242846	76.408522	76.415546284600012
2026-06-25	mock_app_id	googleadwords_int	429833705	mc_a544a26e	0.0	0	0	0	0.0120561896	0.0	0.0120561896
2026-06-25	mock_app_id	googleadwords_int	432166127	mc_f8b84857	2.4696828398999995	2204	77	34	2.5063625807999985	0.0	2.5063625807999985	1.0148520046005114	0.0726377305852941
2026-06-25	mock_app_id	googleadwords_int	434877610	mc_0dfbbe6f	0.3781540558	1234	34	17	0.72073695079999989	0.0	0.72073695079999989	1.9059347367708435	0.02224435622352941
2026-06-25	mock_app_id	googleadwords_int	448176306	mc_d1c03fd5	0.0	0	0	0	0.0	26.8508896734	26.8508896734
2026-06-25	mock_app_id	googleadwords_int	464541057	mc_d8ff83e7	1.5187824417999998	1466	28	12	2.3026774359	0.0	2.3026774359	1.5161338270219662	0.12656520348333331
2026-06-25	mock_app_id	googleadwords_int	491097897	mc_d7a6e79d	0.0	0	0	0	0.0	0.0	0.0
2026-06-25	mock_app_id	googleadwords_int	502057685	mc_befecb98	2.3646659042000011	6840	179	70	1.933777652200001	0.0	1.933777652200001	0.81778049438837086	0.033780941488571442
2026-06-25	mock_app_id	googleadwords_int	510225620	mc_10287894	9.13980062520001	61799	2760	844	2.7249115909000095	0.0	2.7249115909000095	0.29813687438508857	0.010829147660189586
2026-06-25	mock_app_id	googleadwords_int	513913086	mc_2472b5d9	0.0	0	0	0	0.0001006381	0.0	0.0001006381
2026-06-25	mock_app_id	googleadwords_int	514288304	mc_c95b5395	0.0	0	0	5	0.014925012400000002	0.0	0.014925012400000002
2026-06-25	mock_app_id	googleadwords_int	516932962	mc_60e17b09	0.0	4	0	0	0.0	0.0	0.0
2026-06-25	mock_app_id	googleadwords_int	525989111	mc_c82cc8f4	1.2299303335999985	3020	135	67	0.82564388969999991	0.0	0.82564388969999991	0.671293216489218	0.018357169158208932
2026-06-25	mock_app_id	googleadwords_int	529859974	mc_d2ea5396	2.5596031994999988	10522	321	107	2.506117992000013	0.0	2.506117992000013	0.97910410195203934	0.023921525228971952
2026-06-25	mock_app_id	googleadwords_int	532599141	mc_759b1811	0.0	0	0	0	0.029838559700000003	0.0	0.029838559700000003
2026-06-25	mock_app_id	googleadwords_int	542533692	mc_796ef0d2	0.0	0	0	1	0.023048672699999998	0.0	0.023048672699999998
2026-06-25	mock_app_id	googleadwords_int	544153460	mc_21ff68ff	0.0	0	0	0	0.0190804742	0.0	0.0190804742
2026-06-25	mock_app_id	googleadwords_int	557162896	mc_b0c8a1e0	0.0	0	0	3	0.0430234247	20.4553295011	20.4983529258
2026-06-25	mock_app_id	googleadwords_int	571438578	mc_756e1c81	0.0001570441	1	0	3	0.0	0.0	0.0	0.0	5.2348033333333328e-05
2026-06-25	mock_app_id	googleadwords_int	574617314	mc_a3bfa925	0.0	0	0	0	0.0003528703	0.0	0.0003528703
2026-06-25	mock_app_id	googleadwords_int	585166272	mc_60587c25	0.33270199143659196	394	4	1	0.0909271603	0.0	0.0909271603	0.27329911644766747	0.33270199143659196
2026-06-25	mock_app_id	googleadwords_int	590094865	mc_23f341fc	0.72020505630000009	1192	52	30	0.3331490540999999	0.0	0.3331490540999999	0.46257527795143288	0.024006835210000004
2026-06-25	mock_app_id	googleadwords_int	611748075	mc_628993e1	0.24060051189999998	346	5	1	0.0	0.0	0.0	0.0	0.24060051189999998
2026-06-25	mock_app_id	googleadwords_int	611892113	mc_9bfd19ea	0.76505701400000059	2535	122	40	0.86511058560000043	0.0	0.86511058560000043	1.1307792357551012	0.019126425350000014
2026-06-25	mock_app_id	googleadwords_int	612287821	mc_6b5afb99	0.0	0	0	0	0.021855028400000004	0.0	0.021855028400000004
2026-06-25	mock_app_id	googleadwords_int	622845378	mc_1700d8b1	0.0	0	0	0	0.00037452660000000007	0.0	0.00037452660000000007
2026-06-25	mock_app_id	googleadwords_int	654635500	mc_67ff1f36	0.35770170630000003	419	31	16	0.18592825279999989	0.0	0.18592825279999989	0.51978575870718424	0.022356356643750002
2026-06-25	mock_app_id	googleadwords_int	660741874	mc_7e7497dd	0.1935051833	232	9	1	0.25763735769999996	0.0	0.25763735769999996	1.3314235479706655	0.1935051833
2026-06-25	mock_app_id	googleadwords_int	739276167	mc_1fbdf2e3	45.116774037676407	6034	149	81	58.711300649899947	0.0	58.711300649899947	1.3013186758625723	0.556997210341684
2026-06-25	mock_app_id	googleadwords_int	788967442	mc_475f8981	0.054696913999999992	132	2	0	0.0030777424	0.0	0.0030777424	0.056269031923812017
2026-06-25	mock_app_id	googleadwords_int	792104306	mc_6fcee95d	28.352755646899983	23850	1232	544	13.152851892999973	27.4175280368	40.570379929799969	1.4309148794937621	0.052119036115624968
2026-06-25	mock_app_id	googleadwords_int	807898159	mc_ce3403c4	0.0	0	0	0	0.9005415663	0.0	0.9005415663
2026-06-25	mock_app_id	googleadwords_int	810543724	mc_c492b014	0.60490864849999992	273	6	3	0.6045305189	0.0	0.6045305189	0.99937489800991008	0.20163621616666663
2026-06-25	mock_app_id	googleadwords_int	821866242	mc_e6535e2b	0.0	0	0	0	1.2739e-06	0.0	1.2739e-06
2026-06-25	mock_app_id	googleadwords_int	822177103	mc_96cf8fb0	0.0	0	0	0	0.0015019280999999998	0.0	0.0015019280999999998
2026-06-25	mock_app_id	googleadwords_int	833789410	mc_970b80f7	0.0	0	0	0	1.9186220639000002	71.822482000000008	73.741104063900011
2026-06-25	mock_app_id	googleadwords_int	834117318	mc_ae804aae	0.0	0	0	0	0.029136640800000006	0.0	0.029136640800000006
2026-06-25	mock_app_id	googleadwords_int	848321939	mc_c41abc99	0.0023361326999999997	39	1	0	0.0	0.0	0.0	0.0
2026-06-25	mock_app_id	googleadwords_int	889798464	mc_2254e49d	0.0	0	0	0	0.0	0.0	0.0
2026-06-25	mock_app_id	googleadwords_int	900383572	mc_45368c6d	2.0978886632999987	9576	266	113	4.4335503482999554	0.0	4.4335503482999554	2.1133391994816058	0.018565386400884943
2026-06-25	mock_app_id	googleadwords_int	938117082	mc_048d3b97	0.0	0	0	0	0.086146213600000021	0.0	0.086146213600000021
2026-06-25	mock_app_id	googleadwords_int	972671114	mc_9911559c	0.0	18	0	0	0.0	0.0	0.0
2026-06-25	mock_app_id	googleadwords_int	974591165	mc_674dbd59	0.36729848409999988	1570	63	29	0.24109194449999971	0.0	0.24109194449999971	0.65639242996265823	0.012665464968965513
2026-06-25	mock_app_id	googleadwords_int	998337322	mc_fe944d1c	15.578122132600006	22217	872	384	18.968862725400022	269.0334874801	288.0023502055	18.48761665584863	0.040568026386979185
2026-06-25	mock_app_id	other		Unattributed	0.0	0	0	1304	13.768178714400104	22.9615901699	36.7297688843001
2026-06-25	mock_app_id	unknown		Unattributed	0.0	0	0	21	0.0027248721	184.53447244050002	184.53719731260003
2026-06-26	mock_app_id	googleadwords_int		Unattributed	0.0	0	0	1020	2.4523899856000013	57.589677560300004	60.042067545900004
2026-06-26	mock_app_id	googleadwords_int	109075442	mc_df87094f	0.0	0	0	0	0.0	38.204261	38.204261
2026-06-26	mock_app_id	googleadwords_int	126634786	mc_fb57024c	0.0	0	0	0	0.15448075739999947	0.0	0.15448075739999947
2026-06-26	mock_app_id	googleadwords_int	132608256	mc_9772a6c4	0.0	0	0	0	0.0018904676	0.0	0.0018904676
2026-06-26	mock_app_id	googleadwords_int	140410898	mc_a2e93e84	36.975765637700007	7967	224	97	42.153064372500729	67.887527194400008	110.04059156690073	2.9760192836873887	0.3811934601824743
2026-06-26	mock_app_id	googleadwords_int	148918961	mc_993fe179	18.081869709300008	22991	741	251	3.0212436611000104	69.8881107104	72.909354371500015	4.0321800534820085	0.072039321550996044
2026-06-26	mock_app_id	googleadwords_int	161332031	mc_12520749	6.470392679200005	31772	1413	518	2.2295007982000041	0.0	2.2295007982000041	0.34456962795581952	0.012491105558301168
2026-06-26	mock_app_id	googleadwords_int	161694703	mc_2c0c0430	30.47039443660001	53119	2748	870	19.499973291700094	227.7264341105	247.2264074022001	8.1136595693438114	0.035023441881149434
2026-06-26	mock_app_id	googleadwords_int	180761354	mc_07fb7039	0.0065022766999999993	39	0	0	0.0009987376	0.0	0.0009987376	0.15359813894108815
2026-06-26	mock_app_id	googleadwords_int	199581943	mc_f81bdda1	8.62675219710001	18786	847	327	2.4953407980000017	0.0	2.4953407980000017	0.28925611180055005	0.02638150518990829
2026-06-26	mock_app_id	googleadwords_int	232552584	mc_a5da28b5	12.11656680873813	2104	59	25	16.306304717800003	0.0	16.306304717800003	1.3457858958892837	0.4846626723495252
2026-06-26	mock_app_id	googleadwords_int	240042679	mc_decd286e	0.0	0	0	0	0.55810068560000015	0.0	0.55810068560000015
2026-06-26	mock_app_id	googleadwords_int	240191289	mc_149c320f	0.0	0	0	0	0.0001133771	0.0	0.0001133771
2026-06-26	mock_app_id	googleadwords_int	243641668	mc_1e8723bd	7.9409628769330221	17808	507	219	10.936490099399965	0.0	10.936490099399965	1.3772246853298327	0.036260104460881376
2026-06-26	mock_app_id	googleadwords_int	258346999	mc_8ba2a925	0.1290080665	63	4	1	0.33200254409999996	0.0	0.33200254409999996	2.5735022088715667	0.1290080665
2026-06-26	mock_app_id	googleadwords_int	261307969	mc_b4ba1e63	0.0	0	0	1	0.96911687719999973	38.204261	39.173377877200004
2026-06-26	mock_app_id	googleadwords_int	262368493	mc_c13d8f45	0.0	0	0	15	1.0822825097999995	145.4136403905	146.4959229003
2026-06-26	mock_app_id	googleadwords_int	265069104	mc_b8b1eac5	0.0	0	0	1	0.0744823852	41.827468271499995	41.901950656699995
2026-06-26	mock_app_id	googleadwords_int	280939212	mc_45884f7b	0.66486206449999985	398	21	6	0.486362281	0.0	0.486362281	0.73152358506987747	0.1108103440833333
2026-06-26	mock_app_id	googleadwords_int	300652860	mc_a0dc7a81	0.0	0	0	0	0.0021860124	0.0	0.0021860124
2026-06-26	mock_app_id	googleadwords_int	351751429	mc_b7e37028	19.791804006386453	3838	106	45	15.055354026300009	0.0	15.055354026300009	0.76068629324754433	0.43981786680858787
2026-06-26	mock_app_id	googleadwords_int	369626124	mc_617ec63b	0.5432057775	991	23	13	0.54492091619999983	0.0	0.54492091619999983	1.0031574382509212	0.041785059807692308
2026-06-26	mock_app_id	googleadwords_int	369804654	mc_92e554bf	0.28501307160000006	660	17	8	0.6272008433	0.0	0.6272008433	2.2006037820617625	0.035626633950000007
2026-06-26	mock_app_id	googleadwords_int	373680283	mc_541ebe5c	0.0	0	0	0	0.0157148304	0.0	0.0157148304
2026-06-26	mock_app_id	googleadwords_int	414724209	mc_5dcabbd9	0.0	0	0	0	0.3102774535	81.491383	81.8016604535
2026-06-26	mock_app_id	googleadwords_int	429833705	mc_a544a26e	0.0	0	0	0	0.087964068899999984	27.371209032800003	27.459173101700003
2026-06-26	mock_app_id	googleadwords_int	432166127	mc_f8b84857	2.4372902566000003	2157	79	37	2.7692751583999988	0.0	2.7692751583999988	1.1362106548044526	0.06587270963783784
2026-06-26	mock_app_id	googleadwords_int	434877610	mc_0dfbbe6f	0.34656540809999997	1245	35	15	0.693320075	0.0	0.693320075	2.0005460983571259	0.023104360539999997
2026-06-26	mock_app_id	googleadwords_int	442262115	mc_1941c5ac	0.0	0	0	0	0.0032892098000000002	0.0	0.0032892098000000002
2026-06-26	mock_app_id	googleadwords_int	448176306	mc_d1c03fd5	0.0	0	0	0	0.3841789403	26.874103953100004	27.258282893400004
2026-06-26	mock_app_id	googleadwords_int	458610769	mc_e6a4a79e	0.0	0	0	0	0.0	0.0	0.0
2026-06-26	mock_app_id	googleadwords_int	464541057	mc_d8ff83e7	1.562979371	1460	33	8	1.0601663319	44.8950334844	45.9551998163	29.402307329813123	0.195372421375
2026-06-26	mock_app_id	googleadwords_int	491097897	mc_d7a6e79d	0.0	0	0	0	0.0	0.0	0.0
2026-06-26	mock_app_id	googleadwords_int	502057685	mc_befecb98	2.1388836829999991	6413	167	65	1.8614812794000009	38.204261	40.065742279400006	18.732080943833179	0.0329059028153846
2026-06-26	mock_app_id	googleadwords_int	510225620	mc_10287894	8.8654844538000166	64968	3161	974	2.5204875840000041	22.907867259099998	25.428354843100003	2.8682419980106824	0.0091021400963039178
2026-06-26	mock_app_id	googleadwords_int	513913086	mc_2472b5d9	0.0	0	0	0	0.010014127900000001	0.0	0.010014127900000001
2026-06-26	mock_app_id	googleadwords_int	514288304	mc_c95b5395	0.0	0	0	6	0.068582954299999985	0.0	0.068582954299999985
2026-06-26	mock_app_id	googleadwords_int	516932962	mc_60e17b09	0.0049456686	3	1	0	0.0	0.0	0.0	0.0
2026-06-26	mock_app_id	googleadwords_int	525989111	mc_c82cc8f4	2.6164352623000022	3534	165	93	1.3329796603000021	0.0	1.3329796603000021	0.50946403280325525	0.028133712497849486
2026-06-26	mock_app_id	googleadwords_int	529859974	mc_d2ea5396	2.3141221149999991	10840	303	96	2.1848748073000008	41.827468271499995	44.012343078799994	19.019023582858768	0.024105438697916658
2026-06-26	mock_app_id	googleadwords_int	532599141	mc_759b1811	0.0	0	0	0	0.0003286662	0.0	0.0003286662
2026-06-26	mock_app_id	googleadwords_int	542533692	mc_796ef0d2	0.0	0	0	1	0.031204180500000008	0.0	0.031204180500000008
2026-06-26	mock_app_id	googleadwords_int	557162896	mc_b0c8a1e0	0.0	0	0	8	0.0358781196	0.0	0.0358781196
2026-06-26	mock_app_id	googleadwords_int	571438578	mc_756e1c81	6.971461002199999	64444	2564	883	1.9337279700999939	0.0	1.9337279700999939	0.27737772175585046	0.0078951993229898071
2026-06-26	mock_app_id	googleadwords_int	574617314	mc_a3bfa925	0.0	0	0	0	0.0039427205	0.0	0.0039427205
2026-06-26	mock_app_id	googleadwords_int	585166272	mc_60587c25	0.18399913225866091	323	4	1	1.9519867788	0.0	1.9519867788	10.608673828178445	0.18399913225866091
2026-06-26	mock_app_id	googleadwords_int	586123444	mc_e23241e2	0.0	0	0	0	0.0040726583	0.0	0.0040726583
2026-06-26	mock_app_id	googleadwords_int	590094865	mc_23f341fc	0.33740721459999989	631	28	15	0.13510601229999997	0.0	0.13510601229999997	0.40042419501956911	0.022493814306666658
2026-06-26	mock_app_id	googleadwords_int	611748075	mc_628993e1	0.3008151256	279	6	1	0.0565789946	38.204261	38.260839994600005	127.19054574894024	0.3008151256
2026-06-26	mock_app_id	googleadwords_int	611892113	mc_9bfd19ea	0.79214915549999987	2509	111	49	1.3789725459000002	0.0	1.3789725459000002	1.7407991112855519	0.016166309295918363
2026-06-26	mock_app_id	googleadwords_int	612287821	mc_6b5afb99	0.0	0	0	0	0.0109568139	0.0	0.0109568139
2026-06-26	mock_app_id	googleadwords_int	614391176	mc_c7abcb25	0.0	0	0	0	0.018349255600000006	0.0	0.018349255600000006
2026-06-26	mock_app_id	googleadwords_int	654635500	mc_67ff1f36	0.1777511376	273	12	7	0.077060758800000032	0.0	0.077060758800000032	0.433531733413784	0.025393019657142857
2026-06-26	mock_app_id	googleadwords_int	660741874	mc_7e7497dd	0.0947439732	274	6	4	0.1137783785	0.0	0.1137783785	1.2009036000613915	0.0236859933
2026-06-26	mock_app_id	googleadwords_int	739276167	mc_1fbdf2e3	44.136052632287559	6454	163	86	41.441117331700006	0.0	41.441117331700006	0.93894027354371778	0.51320991432892515
2026-06-26	mock_app_id	googleadwords_int	742036733	mc_e0586969	4.0391153750943092	715	17	14	5.9975212000000013	0.0	5.9975212000000013	1.4848600852011971	0.28850824107816492
2026-06-26	mock_app_id	googleadwords_int	788967442	mc_475f8981	0.24207575	117	5	2	0.054656679500000006	0.0	0.054656679500000006	0.22578337359277006	0.121037875
2026-06-26	mock_app_id	googleadwords_int	792104306	mc_6fcee95d	35.24534959030003	31039	1462	694	15.614942627099959	43.504506665499996	59.119449292599953	1.6773687870830589	0.050785806326080735
2026-06-26	mock_app_id	googleadwords_int	810543724	mc_c492b014	0.8523149472	252	6	0	1.0972801345	0.0	1.0972801345	1.2874115819565908
2026-06-26	mock_app_id	googleadwords_int	821866242	mc_e6535e2b	0.0	0	0	0	0.016900831300000002	0.0	0.016900831300000002
2026-06-26	mock_app_id	googleadwords_int	827748605	mc_cdc62e82	0.0	0	0	0	0.00088918220000000058	0.0	0.00088918220000000058
2026-06-26	mock_app_id	googleadwords_int	833789410	mc_970b80f7	0.0	0	0	0	0.89205229670000008	31.702886872000004	32.5949391687
2026-06-26	mock_app_id	googleadwords_int	834117318	mc_ae804aae	0.0	0	0	2	0.0	0.0	0.0
2026-06-26	mock_app_id	googleadwords_int	848321939	mc_c41abc99	0.0	4	0	0	0.0	0.0	0.0
2026-06-26	mock_app_id	googleadwords_int	889798464	mc_2254e49d	0.0	0	0	0	0.0067784219000000005	0.0	0.0067784219000000005
2026-06-26	mock_app_id	googleadwords_int	900383572	mc_45368c6d	2.7617563864	10389	322	125	4.5080531158999593	0.0	4.5080531158999593	1.6323138196038678	0.022094051091200002
2026-06-26	mock_app_id	googleadwords_int	913642206	mc_6fdcae3c	0.0	0	0	0	0.00010828150000000001	0.0	0.00010828150000000001
2026-06-26	mock_app_id	googleadwords_int	938117082	mc_048d3b97	0.0	0	0	0	0.0	0.0	0.0
2026-06-26	mock_app_id	googleadwords_int	972671114	mc_9911559c	0.0002074935	16	0	0	0.0	0.0	0.0	0.0
2026-06-26	mock_app_id	googleadwords_int	974591165	mc_674dbd59	0.69128941309999992	2294	86	43	0.57216581549999923	0.0	0.57216581549999923	0.82767912347188133	0.016076497979069765
2026-06-26	mock_app_id	googleadwords_int	989105150	mc_58ab9c06	0.0	2	0	0	0.0	0.0	0.0
2026-06-26	mock_app_id	googleadwords_int	998337322	mc_fe944d1c	20.5576886609	24964	995	460	23.079382607300097	45.274035295100006	68.353417902400111	3.3249563717931925	0.044690627523695646
2026-06-26	mock_app_id	other		Unattributed	0.0	0	0	1231	20.065150491799983	0.0	20.065150491799983
2026-06-26	mock_app_id	unknown		Unattributed	0.0	0	0	38	0.30118180749999979	105.2311642846	105.5323460921
2026-06-27	mock_app_id	googleadwords_int		Unattributed	0.0	0	0	1922	3.8401983019	121.4137860514	125.2539843533
2026-06-27	mock_app_id	googleadwords_int	109075442	mc_df87094f	0.0	0	0	0	0.19669143390000002	21.643561	21.840252433899998
2026-06-27	mock_app_id	googleadwords_int	126471238	mc_5e866e66	0.0	0	0	0	0.0022395162	0.0	0.0022395162
2026-06-27	mock_app_id	googleadwords_int	126634786	mc_fb57024c	0.0	0	0	0	0.1273441396	0.0	0.1273441396
2026-06-27	mock_app_id	googleadwords_int	132608256	mc_9772a6c4	0.0	0	0	0	0.0	0.0	0.0
2026-06-27	mock_app_id	googleadwords_int	140410898	mc_a2e93e84	57.523218766300005	9445	276	129	51.103303604799777	141.339205	192.44250860479977	3.3454753181778187	0.44591642454496128
2026-06-27	mock_app_id	googleadwords_int	148918961	mc_993fe179	27.186181622699991	38637	1130	345	4.3456002922999977	-34.9252831648	-30.5796828725	-1.124824489768232	0.078800526442608668
2026-06-27	mock_app_id	googleadwords_int	161332031	mc_12520749	6.3686899436000015	11901	692	225	1.3769712489999992	0.0	1.3769712489999992	0.21620949696000505	0.02830528863822223
2026-06-27	mock_app_id	googleadwords_int	161694703	mc_2c0c0430	42.574778378699989	63296	3193	996	24.361113270599983	3.0613027205000023	27.422415991099985	0.64410002906367037	0.04274576142439758
2026-06-27	mock_app_id	googleadwords_int	180761354	mc_07fb7039	0.0	30	0	0	0.0	0.0	0.0
2026-06-27	mock_app_id	googleadwords_int	199581943	mc_f81bdda1	0.0	0	0	1	0.030694620500000026	22.9394497879	22.9701444084
2026-06-27	mock_app_id	googleadwords_int	204426830	mc_3ca54bb1	0.0	0	0	0	1.2739e-06	0.0	1.2739e-06
2026-06-27	mock_app_id	googleadwords_int	232552584	mc_a5da28b5	20.059310164940065	2416	62	25	15.223938130600027	0.0	15.223938130600027	0.75894624518088527	0.80237240659760256
2026-06-27	mock_app_id	googleadwords_int	243641668	mc_1e8723bd	8.17549698211111	17942	517	221	9.3690453223999857	39.3994416234	48.768486945799985	5.9652015103804477	0.036993199014077417
2026-06-27	mock_app_id	googleadwords_int	258346999	mc_8ba2a925	0.2346255128	117	4	1	0.1715956039	0.0	0.1715956039	0.73135952630297252	0.2346255128
2026-06-27	mock_app_id	googleadwords_int	261307969	mc_b4ba1e63	0.0	0	0	0	2.9898687779999849	7.4556118532	10.445480631199985
2026-06-27	mock_app_id	googleadwords_int	262368493	mc_c13d8f45	0.0	0	0	14	0.43656807779999979	20.4758214565	20.9123895343
2026-06-27	mock_app_id	googleadwords_int	265069104	mc_b8b1eac5	0.0	0	0	0	0.0034318866	0.0	0.0034318866
2026-06-27	mock_app_id	googleadwords_int	280939212	mc_45884f7b	0.6431745184	535	21	5	0.02710349640000001	0.0	0.02710349640000001	0.042140189986730685	0.12863490368
2026-06-27	mock_app_id	googleadwords_int	324659865	mc_cb530cbb	0.0	0	0	0	0.018460084900000003	0.0	0.018460084900000003
2026-06-27	mock_app_id	googleadwords_int	351751429	mc_b7e37028	18.986280423802409	4797	97	38	11.825883766800022	0.0	11.825883766800022	0.62286469507604769	0.499638958521116
2026-06-27	mock_app_id	googleadwords_int	369626124	mc_617ec63b	0.49510797050000011	896	25	10	0.26840308659999979	0.0	0.26840308659999979	0.54211021149375682	0.049510797050000013
2026-06-27	mock_app_id	googleadwords_int	369804654	mc_92e554bf	0.20094321500000004	704	19	9	0.93703752740000024	0.0	0.93703752740000024	4.6631956565440644	0.022327023888888894
2026-06-27	mock_app_id	googleadwords_int	414724209	mc_5dcabbd9	0.0	0	0	0	0.5732116874	0.0	0.5732116874
2026-06-27	mock_app_id	googleadwords_int	429833705	mc_a544a26e	0.0	0	0	0	0.0509585478	0.0	0.0509585478
2026-06-27	mock_app_id	googleadwords_int	432166127	mc_f8b84857	2.8539217443000013	2811	90	35	3.3143349297000011	0.0	3.3143349297000011	1.1613264926831159	0.081540621265714319
2026-06-27	mock_app_id	googleadwords_int	434877610	mc_0dfbbe6f	0.4950192772	1483	43	23	1.1989258893999994	0.0	1.1989258893999994	2.4219781827114661	0.021522577269565218
2026-06-27	mock_app_id	googleadwords_int	442262115	mc_1941c5ac	0.0	0	0	0	1.2739e-06	0.0	1.2739e-06
2026-06-27	mock_app_id	googleadwords_int	448176306	mc_d1c03fd5	0.0	0	0	0	0.0106969383	0.0	0.0106969383
2026-06-27	mock_app_id	googleadwords_int	458610769	mc_e6a4a79e	0.0	0	0	0	0.0107160468	0.0	0.0107160468
2026-06-27	mock_app_id	googleadwords_int	464541057	mc_d8ff83e7	1.9616655189000003	1821	38	10	1.5743110980000004	0.0	1.5743110980000004	0.80253798765999207	0.19616655189000004
2026-06-27	mock_app_id	googleadwords_int	502057685	mc_befecb98	2.7318000208999984	7043	164	62	1.3901777703000016	0.0	1.3901777703000016	0.50888709263645293	0.044061290659677392
2026-06-27	mock_app_id	googleadwords_int	510225620	mc_10287894	12.471586409600011	72434	3359	1161	4.1032369956000325	0.0	4.1032369956000325	0.32900682085172128	0.010742107157278217
2026-06-27	mock_app_id	googleadwords_int	513499437	mc_c9d56aa3	0.0	0	0	0	0.0050586569	0.0	0.0050586569
2026-06-27	mock_app_id	googleadwords_int	513913086	mc_2472b5d9	0.0	0	0	0	0.0162256643	0.0	0.0162256643
2026-06-27	mock_app_id	googleadwords_int	514288304	mc_c95b5395	0.0	0	0	5	0.0098039344000000039	0.0	0.0098039344000000039
2026-06-27	mock_app_id	googleadwords_int	525989111	mc_c82cc8f4	2.3675952242000009	4012	189	96	1.5415578551000004	0.0	1.5415578551000004	0.6511070132863972	0.024662450252083343
2026-06-27	mock_app_id	googleadwords_int	529859974	mc_d2ea5396	2.9610819658	11062	355	108	3.0589001451000217	0.0	3.0589001451000217	1.0330346070895049	0.02741742560925926
2026-06-27	mock_app_id	googleadwords_int	532599141	mc_759b1811	0.0	0	0	0	0.0022586246999999997	0.0	0.0022586246999999997
2026-06-27	mock_app_id	googleadwords_int	542533692	mc_796ef0d2	0.0	0	0	0	0.0192499029	0.0	0.0192499029
2026-06-27	mock_app_id	googleadwords_int	544153460	mc_21ff68ff	0.0	0	0	0	0.12028036410000001	0.0	0.12028036410000001
2026-06-27	mock_app_id	googleadwords_int	557162896	mc_b0c8a1e0	0.0	0	0	8	0.14007294839999995	0.0	0.14007294839999995
2026-06-27	mock_app_id	googleadwords_int	562523633	mc_13ddbb14	0.0	0	0	0	0.0008395001	0.0	0.0008395001
2026-06-27	mock_app_id	googleadwords_int	571438578	mc_756e1c81	5.4103710426000067	67682	2235	777	1.5643670346000016	0.0	1.5643670346000016	0.28914228290121663	0.0069631544949807032
2026-06-27	mock_app_id	googleadwords_int	574617314	mc_a3bfa925	0.0	0	0	0	0.014105894700000008	0.0	0.014105894700000008
2026-06-27	mock_app_id	googleadwords_int	585166272	mc_60587c25	0.43734469900266104	354	9	2	0.6687376267	0.0	0.6687376267	1.5290859320463173	0.21867234950133052
2026-06-27	mock_app_id	googleadwords_int	590094865	mc_23f341fc	0.1303718277	187	8	2	0.027744268099999997	0.0	0.027744268099999997	0.2128087685005278	0.06518591385
2026-06-27	mock_app_id	googleadwords_int	611748075	mc_628993e1	0.2977287615	349	7	3	0.8231980017	0.0	0.8231980017	2.7649260271416538	0.0992429205
2026-06-27	mock_app_id	googleadwords_int	611892113	mc_9bfd19ea	0.86348297970000032	2969	118	61	1.3318127679	0.0	1.3318127679	1.542372923624634	0.014155458683606563
2026-06-27	mock_app_id	googleadwords_int	612287821	mc_6b5afb99	0.0	0	0	0	0.013918631399999996	0.0	0.013918631399999996
2026-06-27	mock_app_id	googleadwords_int	614391176	mc_c7abcb25	0.0	0	0	0	0.0005783506	0.0	0.0005783506
2026-06-27	mock_app_id	googleadwords_int	622845378	mc_1700d8b1	0.0	0	0	0	0.0	0.0	0.0
2026-06-27	mock_app_id	googleadwords_int	654635500	mc_67ff1f36	0.18654642089999998	302	21	11	0.0176078458	0.0	0.0176078458	0.094388547982053525	0.016958765536363635
2026-06-27	mock_app_id	googleadwords_int	660741874	mc_7e7497dd	0.095870947699999987	235	4	2	0.0279633789	0.0	0.0279633789	0.29167729714640134	0.047935473849999993
2026-06-27	mock_app_id	googleadwords_int	728115589	mc_337b8797	0.0	0	0	0	0.021326359899999994	0.0	0.021326359899999994
2026-06-27	mock_app_id	googleadwords_int	739276167	mc_1fbdf2e3	44.907150556081774	6056	167	76	54.91211555849997	0.0	54.91211555849997	1.2227922475268969	0.59088355994844444
2026-06-27	mock_app_id	googleadwords_int	742036733	mc_e0586969	4.4823941241087111	906	17	8	2.8974638937000026	0.0	2.8974638937000026	0.64640989022270334	0.56029926551358888
2026-06-27	mock_app_id	googleadwords_int	788967442	mc_475f8981	0.4662647466	127	3	0	0.0159415846	34.9534898586	34.9694314432	74.999089461935313
2026-06-27	mock_app_id	googleadwords_int	792104306	mc_6fcee95d	46.379584247100048	40785	1819	779	22.459079932499897	4.1574083192	26.6164882516999	0.57388371810090411	0.059537335362131
2026-06-27	mock_app_id	googleadwords_int	810543724	mc_c492b014	0.7776050817	349	8	1	0.1809918903	0.0	0.1809918903	0.23275553948839378	0.7776050817
2026-06-27	mock_app_id	googleadwords_int	821866242	mc_e6535e2b	0.0	0	0	0	0.0008076526	0.0	0.0008076526
2026-06-27	mock_app_id	googleadwords_int	833789410	mc_970b80f7	0.0	0	0	0	2.1530591547999998	153.1643868479	155.3174460027
2026-06-27	mock_app_id	googleadwords_int	834117318	mc_ae804aae	0.0	0	0	3	0.0	0.0	0.0
2026-06-27	mock_app_id	googleadwords_int	848321939	mc_c41abc99	0.0	1	0	0	0.0	0.0	0.0
2026-06-27	mock_app_id	googleadwords_int	900383572	mc_45368c6d	3.0810742362999965	11225	323	148	5.8576418844000484	0.0	5.8576418844000484	1.9011686947972988	0.020818069164189167
2026-06-27	mock_app_id	googleadwords_int	913642206	mc_6fdcae3c	0.0	0	0	0	0.0	0.0	0.0
2026-06-27	mock_app_id	googleadwords_int	914138760	mc_0365d47f	0.0	0	0	0	0.0033452613999999997	0.0	0.0033452613999999997
2026-06-27	mock_app_id	googleadwords_int	953724624	mc_6aedfff8	0.0	0	0	0	0.098686485199999952	0.0	0.098686485199999952
2026-06-27	mock_app_id	googleadwords_int	972671114	mc_9911559c	0.0002888635	14	0	0	0.0	0.0	0.0	0.0
2026-06-27	mock_app_id	googleadwords_int	974591165	mc_674dbd59	1.8256962489000002	2854	136	70	0.7306606318000004	0.0	0.7306606318000004	0.40020930767658125	0.026081374984285716
2026-06-27	mock_app_id	googleadwords_int	998337322	mc_fe944d1c	25.890588140199995	27352	1153	559	25.711405231900027	11.9702663189	37.681671550800026	1.4554196817295224	0.046315900071914121
2026-06-27	mock_app_id	other		Unattributed	0.0	0	0	1246	19.591654600799835	6.1099734486000008	25.701628049399837
2026-06-27	mock_app_id	unknown		Unattributed	0.0	0	0	31	0.14526409089999992	444.2316423631	444.376906454
2026-06-28	mock_app_id	googleadwords_int		Unattributed	0.0	0	0	2926	1.5961355527999972	188.53396811570002	190.13010366850003
2026-06-28	mock_app_id	googleadwords_int	109075442	mc_df87094f	0.0	0	0	0	0.0034688297000000003	43.287122	43.290590829699994
2026-06-28	mock_app_id	googleadwords_int	125556395	mc_51a5d0a0	0.0	0	0	0	7.6434e-06	0.0	7.6434e-06
2026-06-28	mock_app_id	googleadwords_int	126634786	mc_fb57024c	0.0	0	0	0	0.8513142486	0.0	0.8513142486
2026-06-28	mock_app_id	googleadwords_int	140410898	mc_a2e93e84	50.255329295200006	8878	217	102	57.100608241795811	109.491705	166.59231324179581	3.3149183495193491	0.49269930681568636
2026-06-28	mock_app_id	googleadwords_int	148918961	mc_993fe179	28.513862551	42038	1173	371	5.8421270563000034	53.616871364000005	59.458998420300006	2.085266361719722	0.076856772374663068
2026-06-28	mock_app_id	googleadwords_int	161332031	mc_12520749	1.7488919195999992	4775	312	79	0.42069146210000019	0.0	0.42069146210000019	0.24054743314053356	0.022137872399999991
2026-06-28	mock_app_id	googleadwords_int	161694703	mc_2c0c0430	43.221578744300039	65096	3298	1028	27.044256228300064	71.035876775799991	98.080133004100048	2.269239945730456	0.042044337299902763
2026-06-28	mock_app_id	googleadwords_int	180761354	mc_07fb7039	0.0056332451	75	2	1	0.014917368999999998	0.0	0.014917368999999998	2.6480951450168568	0.0056332451
2026-06-28	mock_app_id	googleadwords_int	199581943	mc_f81bdda1	0.0	0	0	0	0.054450307700000013	6.6037396363999994	6.6581899440999992
2026-06-28	mock_app_id	googleadwords_int	232552584	mc_a5da28b5	13.029922220832972	2315	44	19	8.4611571748000038	44.7880768404	53.2492340152	4.0866885552134864	0.6857853800438406
2026-06-28	mock_app_id	googleadwords_int	243641668	mc_1e8723bd	9.6003210321661854	17536	529	238	14.449213297799988	39.3994416234	53.848654921199987	5.6090473163114369	0.040337483328429354
2026-06-28	mock_app_id	googleadwords_int	258346999	mc_8ba2a925	0.1939811978	109	4	2	0.38329994930000005	0.0	0.38329994930000005	1.9759644421579092	0.0969905989
2026-06-28	mock_app_id	googleadwords_int	261307969	mc_b4ba1e63	0.0	0	0	0	0.46676332950000049	0.0	0.46676332950000049
2026-06-28	mock_app_id	googleadwords_int	262368493	mc_c13d8f45	0.0	0	0	15	0.58078629680000016	41.5600855788	42.1408718756
2026-06-28	mock_app_id	googleadwords_int	265069104	mc_b8b1eac5	0.0	0	0	0	0.048539411699999993	0.0	0.048539411699999993
2026-06-28	mock_app_id	googleadwords_int	280939212	mc_45884f7b	0.3296160371	506	10	3	0.2123769646	0.0	0.2123769646	0.64431623675994987	0.10987201236666666
2026-06-28	mock_app_id	googleadwords_int	300652860	mc_a0dc7a81	0.0	0	0	0	0.0	0.0	0.0
2026-06-28	mock_app_id	googleadwords_int	324659865	mc_cb530cbb	0.0	0	0	0	3.56692e-05	0.0	3.56692e-05
2026-06-28	mock_app_id	googleadwords_int	351751429	mc_b7e37028	22.978182722208977	5078	117	52	23.20828982219999	0.0	23.20828982219999	1.0100141557220976	0.44188812927324955
2026-06-28	mock_app_id	googleadwords_int	369626124	mc_617ec63b	0.38669302359999996	970	17	6	0.15854704619999999	0.0	0.15854704619999999	0.410007516360065	0.064448837266666656
2026-06-28	mock_app_id	googleadwords_int	369804654	mc_92e554bf	0.31776042809999994	967	23	10	0.6657860003999998	0.0	0.6657860003999998	2.0952451643553154	0.031776042809999995
2026-06-28	mock_app_id	googleadwords_int	373680283	mc_541ebe5c	0.0	0	0	0	0.0001222944	0.0	0.0001222944
2026-06-28	mock_app_id	googleadwords_int	404887833	mc_859c6e7e	0.0	0	0	0	0.0	25.4639399657	25.4639399657
2026-06-28	mock_app_id	googleadwords_int	414724209	mc_5dcabbd9	0.0	0	0	0	1.6828652125999999	123.51734400000001	125.20020921260002
2026-06-28	mock_app_id	googleadwords_int	429833705	mc_a544a26e	0.0	0	0	0	0.0385507618	0.0	0.0385507618
2026-06-28	mock_app_id	googleadwords_int	432166127	mc_f8b84857	2.8350007781999991	2659	87	36	3.9268935663999964	0.0	3.9268935663999964	1.3851472622498759	0.078750021616666638
2026-06-28	mock_app_id	googleadwords_int	434877610	mc_0dfbbe6f	0.6347063425	1456	45	19	1.0721843044999997	0.0	1.0721843044999997	1.6892604228230155	0.033405596973684212
2026-06-28	mock_app_id	googleadwords_int	442262115	mc_1941c5ac	0.0	0	0	0	2.5478e-06	0.0	2.5478e-06
2026-06-28	mock_app_id	googleadwords_int	444817371	mc_3016a669	0.0	0	0	0	2.5478e-06	0.0	2.5478e-06
2026-06-28	mock_app_id	googleadwords_int	448176306	mc_d1c03fd5	0.0	0	0	0	0.5597580295	0.0	0.5597580295
2026-06-28	mock_app_id	googleadwords_int	458610769	mc_e6a4a79e	0.0	0	0	0	0.1772033117	0.0	0.1772033117
2026-06-28	mock_app_id	googleadwords_int	464541057	mc_d8ff83e7	1.8157341197999997	1829	40	8	0.70253164589999983	0.0	0.70253164589999983	0.38691328110163103	0.22696676497499996
2026-06-28	mock_app_id	googleadwords_int	491097897	mc_d7a6e79d	0.0	0	0	0	0.0200180646	0.0	0.0200180646
2026-06-28	mock_app_id	googleadwords_int	502057685	mc_befecb98	2.3810481263000005	6785	165	65	2.6617032206999989	0.0	2.6617032206999989	1.1178703997201933	0.036631509635384626
2026-06-28	mock_app_id	googleadwords_int	510225620	mc_10287894	8.0320424643999964	55595	2538	826	2.3712591163000116	0.0	2.3712591163000116	0.29522492277773926	0.0097240223539951532
2026-06-28	mock_app_id	googleadwords_int	513499437	mc_c9d56aa3	0.0	0	0	0	0.0	0.0	0.0
2026-06-28	mock_app_id	googleadwords_int	513913086	mc_2472b5d9	0.0	0	0	0	0.0	0.0	0.0
2026-06-28	mock_app_id	googleadwords_int	514288304	mc_c95b5395	0.0	0	0	10	0.0115555469	0.0	0.0115555469
2026-06-28	mock_app_id	googleadwords_int	525989111	mc_c82cc8f4	2.2408020490999987	3713	168	73	1.3795215968	0.0	1.3795215968	0.61563742203559413	0.0306959184808219
2026-06-28	mock_app_id	googleadwords_int	529859974	mc_d2ea5396	4.1248560482999954	11358	450	147	4.6458355921000072	0.0	4.6458355921000072	1.1263024788500744	0.02806024522653058
2026-06-28	mock_app_id	googleadwords_int	542533692	mc_796ef0d2	0.0	0	0	0	0.013798884800000003	0.0	0.013798884800000003
2026-06-28	mock_app_id	googleadwords_int	557162896	mc_b0c8a1e0	0.0	0	0	5	0.0714887202	0.0	0.0714887202
2026-06-28	mock_app_id	googleadwords_int	571438578	mc_756e1c81	11.373608109099997	95583	3580	1257	3.3978263357000182	0.0	3.3978263357000182	0.29874656336905309	0.0090482164750198858
2026-06-28	mock_app_id	googleadwords_int	574617314	mc_a3bfa925	0.0	0	0	0	0.0031146855	0.0	0.0031146855
2026-06-28	mock_app_id	googleadwords_int	585166272	mc_60587c25	0.40826208108470485	339	9	4	0.5072720756	0.0	0.5072720756	1.2425157738192023	0.10206552027117621
2026-06-28	mock_app_id	googleadwords_int	590094865	mc_23f341fc	0.34138213910000004	676	33	14	0.5394202159999999	0.0	0.5394202159999999	1.5801067314830703	0.02438443850714286
2026-06-28	mock_app_id	googleadwords_int	611748075	mc_628993e1	0.36044224789999996	373	8	4	1.1471010896000005	0.0	1.1471010896000005	3.1824823429639935	0.090110561974999989
2026-06-28	mock_app_id	googleadwords_int	611892113	mc_9bfd19ea	1.4394214670999987	3419	149	60	1.6040197198999986	0.0	1.6040197198999986	1.1143502834729955	0.023990357784999979
2026-06-28	mock_app_id	googleadwords_int	612287821	mc_6b5afb99	0.0	0	0	0	0.0009579728	0.0	0.0009579728
2026-06-28	mock_app_id	googleadwords_int	614391176	mc_c7abcb25	0.0	0	0	0	0.129606586	0.0	0.129606586
2026-06-28	mock_app_id	googleadwords_int	654635500	mc_67ff1f36	0.32896995929999989	363	22	14	0.3217132538	0.0	0.3217132538	0.97794113020094264	0.023497854235714277
2026-06-28	mock_app_id	googleadwords_int	660741874	mc_7e7497dd	0.1073603917	82	5	2	0.1558565694	0.0	0.1558565694	1.451713867023829	0.05368019585
2026-06-28	mock_app_id	googleadwords_int	739276167	mc_1fbdf2e3	42.772159082551809	6011	148	76	50.717389612699719	38.204261	88.921650612699722	2.0789609998662386	0.56279156687568166
2026-06-28	mock_app_id	googleadwords_int	742036733	mc_e0586969	5.1323526369953765	926	22	7	5.3244994476	0.0	5.3244994476	1.0374383492707764	0.73319323385648238
2026-06-28	mock_app_id	googleadwords_int	788967442	mc_475f8981	0.2138289682	169	6	2	0.0628325697	0.0	0.0628325697	0.29384498381543422	0.1069144841
2026-06-28	mock_app_id	googleadwords_int	792104306	mc_6fcee95d	41.594834586500014	40686	1702	665	18.671533191500128	-0.21522285720000056	18.456310334300127	0.44371640175461335	0.062548623438345885
2026-06-28	mock_app_id	googleadwords_int	807898159	mc_ce3403c4	0.0	0	0	0	0.0008165699	81.491383	81.4921995699
2026-06-28	mock_app_id	googleadwords_int	810543724	mc_c492b014	0.3271554083	284	4	0	0.0	37.7624495498	37.7624495498	115.42664003638299
2026-06-28	mock_app_id	googleadwords_int	833789410	mc_970b80f7	0.0	0	0	0	1.9420541804999982	242.4535206675	244.395574848
2026-06-28	mock_app_id	googleadwords_int	834117318	mc_ae804aae	0.0	0	0	2	1.2739e-06	0.0	1.2739e-06
2026-06-28	mock_app_id	googleadwords_int	889798464	mc_2254e49d	0.0	0	0	0	0.0002509583	0.0	0.0002509583
2026-06-28	mock_app_id	googleadwords_int	900383572	mc_45368c6d	3.0015627270999969	11317	348	152	7.0447701859001031	0.0	7.0447701859001031	2.347034137349683	0.019747123204605244
2026-06-28	mock_app_id	googleadwords_int	914138760	mc_0365d47f	0.0	0	0	0	0.005949113	0.0	0.005949113
2026-06-28	mock_app_id	googleadwords_int	953724624	mc_6aedfff8	0.0	0	0	0	0.0051096129	0.0	0.0051096129
2026-06-28	mock_app_id	googleadwords_int	972671114	mc_9911559c	0.0013816625999999999	25	0	0	0.0	0.0	0.0	0.0
2026-06-28	mock_app_id	googleadwords_int	974591165	mc_674dbd59	0.8495581316	2435	116	59	0.65824960800000032	0.0	0.65824960800000032	0.774814086895146	0.014399290366101696
2026-06-28	mock_app_id	googleadwords_int	989105150	mc_58ab9c06	0.0	1	0	0	0.0	0.0	0.0
2026-06-28	mock_app_id	googleadwords_int	998337322	mc_fe944d1c	27.529532915800004	27032	1117	506	30.693149145499834	404.6442215079	435.33737065339983	15.8134673764678	0.054406191533201587
2026-06-28	mock_app_id	other		Unattributed	0.0	0	0	2553	17.376317022800048	44.7880768404	62.164393863200047
2026-06-28	mock_app_id	unknown		Unattributed	0.0	0	0	19	0.093552668199999911	914.75638454559987	914.84993721379988
2026-06-29	mock_app_id	googleadwords_int		Unattributed	0.0	0	0	2060	2.1959488200000039	0.0	2.1959488200000039
2026-06-29	mock_app_id	googleadwords_int	109075442	mc_df87094f	0.0	0	0	0	0.0017299561999999998	0.0	0.0017299561999999998
2026-06-29	mock_app_id	googleadwords_int	126634786	mc_fb57024c	0.0	0	0	0	0.0	21.643561	21.643561
2026-06-29	mock_app_id	googleadwords_int	140410898	mc_a2e93e84	59.124908287399961	9326	263	105	54.193913668699771	43.287122	97.481035668699775	1.6487304334554687	0.56309436464190443
2026-06-29	mock_app_id	googleadwords_int	148918961	mc_993fe179	27.179981228700022	46300	1158	311	4.7276836671000035	34.9551688588	39.6828525259	1.4600029408408084	0.087395438034405221
2026-06-29	mock_app_id	googleadwords_int	161332031	mc_12520749	0.1583085898	1933	85	28	0.15601708079999993	0.0	0.15601708079999993	0.98552504950682041	0.0056538782071428578
2026-06-29	mock_app_id	googleadwords_int	161694703	mc_2c0c0430	46.849622120600053	68709	3275	1037	26.431253000499844	229.26512314279995	255.6963761432998	5.4578108545910471	0.045178034831822617
2026-06-29	mock_app_id	googleadwords_int	180761354	mc_07fb7039	0.010332362599999999	46	3	2	0.016025662	0.0	0.016025662	1.551016221594856	0.0051661812999999994
2026-06-29	mock_app_id	googleadwords_int	189207818	mc_9eb39c3f	0.0	0	0	0	1.2739e-06	0.0	1.2739e-06
2026-06-29	mock_app_id	googleadwords_int	199581943	mc_f81bdda1	0.0	0	0	0	0.024870349700000006	0.0	0.024870349700000006
2026-06-29	mock_app_id	googleadwords_int	232552584	mc_a5da28b5	14.699683478682537	2380	53	25	16.3751462738	0.0	16.3751462738	1.1139795151063774	0.5879873391473015
2026-06-29	mock_app_id	googleadwords_int	243641668	mc_1e8723bd	10.508063264616736	16999	568	244	12.735436901699956	0.0	12.735436901699956	1.2119680459655531	0.043065833051707934
2026-06-29	mock_app_id	googleadwords_int	258346999	mc_8ba2a925	0.0042727387	96	0	0	0.0	0.0	0.0	0.0
2026-06-29	mock_app_id	googleadwords_int	261307969	mc_b4ba1e63	0.0	0	0	0	0.5195193502	25.4470760775	25.9665954277
2026-06-29	mock_app_id	googleadwords_int	262368493	mc_c13d8f45	0.0	0	0	18	0.47753670179999991	26.365426765800009	26.842963467600008
2026-06-29	mock_app_id	googleadwords_int	265069104	mc_b8b1eac5	0.0	0	0	0	0.042005578599999933	0.0	0.042005578599999933
2026-06-29	mock_app_id	googleadwords_int	280939212	mc_45884f7b	0.4775255409	463	13	4	0.9582619753000009	0.0	0.9582619753000009	2.0067240246332152	0.119381385225
2026-06-29	mock_app_id	googleadwords_int	295094164	mc_15f5ae79	0.0	0	0	0	0.00081656989999999994	0.0	0.00081656989999999994
2026-06-29	mock_app_id	googleadwords_int	303834193	mc_a82360d0	0.0	0	0	0	0.2765203774	0.0	0.2765203774
2026-06-29	mock_app_id	googleadwords_int	324659865	mc_cb530cbb	0.0	0	0	0	2.29302e-05	0.0	2.29302e-05
2026-06-29	mock_app_id	googleadwords_int	351751429	mc_b7e37028	17.650531321402504	5013	88	40	12.314708496500002	0.0	12.314708496500002	0.69769619238416669	0.44126328303506257
2026-06-29	mock_app_id	googleadwords_int	369626124	mc_617ec63b	0.5465395064	993	26	11	0.26419412099999984	0.0	0.26419412099999984	0.48339437114110845	0.049685409672727276
2026-06-29	mock_app_id	googleadwords_int	369804654	mc_92e554bf	0.3522312012	1054	25	10	1.2470754876999999	0.0	1.2470754876999999	3.5405026114989151	0.03522312012
2026-06-29	mock_app_id	googleadwords_int	373680283	mc_541ebe5c	0.0	0	0	0	0.00023057590000000002	0.0	0.00023057590000000002
2026-06-29	mock_app_id	googleadwords_int	393301962	mc_6b57da8c	0.0	0	0	0	0.0161390391	0.0	0.0161390391
2026-06-29	mock_app_id	googleadwords_int	414724209	mc_5dcabbd9	0.0	0	0	0	1.3972084244	0.0	1.3972084244
2026-06-29	mock_app_id	googleadwords_int	417871389	mc_46e33ad3	0.0	0	0	0	0.0089415041	0.0	0.0089415041
2026-06-29	mock_app_id	googleadwords_int	429833705	mc_a544a26e	0.0	0	0	0	0.017642241100000004	0.0	0.017642241100000004
2026-06-29	mock_app_id	googleadwords_int	432166127	mc_f8b84857	2.6896820951999993	2644	83	37	3.7697834794000009	0.0	3.7697834794000009	1.4015721360258702	0.072694110681081059
2026-06-29	mock_app_id	googleadwords_int	434877610	mc_0dfbbe6f	0.31146727230000004	1538	26	9	0.2824465602	0.0	0.2824465602	0.90682580585209027	0.0346074747
2026-06-29	mock_app_id	googleadwords_int	442262115	mc_1941c5ac	0.0	0	0	0	1.2739e-06	0.0	1.2739e-06
2026-06-29	mock_app_id	googleadwords_int	448176306	mc_d1c03fd5	0.0	0	0	0	0.082757639599999988	0.0	0.082757639599999988
2026-06-29	mock_app_id	googleadwords_int	464541057	mc_d8ff83e7	2.4013352947	2020	50	13	2.4643340720000007	0.0	2.4643340720000007	1.0262348941603638	0.1847180995923077
2026-06-29	mock_app_id	googleadwords_int	491097897	mc_d7a6e79d	0.0	0	0	0	0.0	0.0	0.0
2026-06-29	mock_app_id	googleadwords_int	502057685	mc_befecb98	2.9895630932000015	7186	177	52	1.4978643589999983	0.0	1.4978643589999983	0.5010311916169321	0.057491597946153876
2026-06-29	mock_app_id	googleadwords_int	510225620	mc_10287894	12.01796656100001	94994	4066	1467	4.2418003725000233	0.0	4.2418003725000233	0.35295491553997671	0.0081922062447171169
2026-06-29	mock_app_id	googleadwords_int	514288304	mc_c95b5395	0.0	0	0	4	0.101912	0.0	0.101912
2026-06-29	mock_app_id	googleadwords_int	525989111	mc_c82cc8f4	1.5910894511999993	2773	124	67	0.87119855369999932	0.0	0.87119855369999932	0.54754844427064842	0.023747603749253721
2026-06-29	mock_app_id	googleadwords_int	529859974	mc_d2ea5396	3.3516229767	11311	359	127	3.813587804800012	0.0	3.813587804800012	1.1378331725589439	0.026390732099999998
2026-06-29	mock_app_id	googleadwords_int	532599141	mc_759b1811	0.0	0	0	0	0.0070433931000000007	0.0	0.0070433931000000007
2026-06-29	mock_app_id	googleadwords_int	542533692	mc_796ef0d2	0.0	0	0	0	0.0052535636	0.0	0.0052535636
2026-06-29	mock_app_id	googleadwords_int	544153460	mc_21ff68ff	0.0	0	0	0	0.00039873070000000005	0.0	0.00039873070000000005
2026-06-29	mock_app_id	googleadwords_int	557162896	mc_b0c8a1e0	0.0	0	0	3	0.0625650507	0.0	0.0625650507
2026-06-29	mock_app_id	googleadwords_int	571438578	mc_756e1c81	7.1085548056000132	47036	1669	603	2.3024481338999987	0.0	2.3024481338999987	0.32389820390582968	0.011788648102155909
2026-06-29	mock_app_id	googleadwords_int	574617314	mc_a3bfa925	0.0	0	0	0	0.0010637065000000002	0.0	0.0010637065000000002
2026-06-29	mock_app_id	googleadwords_int	585166272	mc_60587c25	0.39303587995288436	458	6	3	0.4129767237	0.0	0.4129767237	1.050735428402888	0.1310119599842948
2026-06-29	mock_app_id	googleadwords_int	590094865	mc_23f341fc	0.27374902250000005	808	31	18	0.31566222879999994	0.0	0.31566222879999994	1.1531081496373192	0.01520827902777778
2026-06-29	mock_app_id	googleadwords_int	611748075	mc_628993e1	0.2055463159	291	4	2	0.7058144862	0.0	0.7058144862	3.433846445311064	0.10277315795
2026-06-29	mock_app_id	googleadwords_int	611892113	mc_9bfd19ea	1.5373038811999982	3940	157	70	2.4361821559000019	0.0	2.4361821559000019	1.5847108601575584	0.021961484017142832
2026-06-29	mock_app_id	googleadwords_int	612287821	mc_6b5afb99	0.0	0	0	0	0.0413189465	0.0	0.0413189465
2026-06-29	mock_app_id	googleadwords_int	614391176	mc_c7abcb25	0.0	0	0	0	1.1465100000000001e-05	0.0	1.1465100000000001e-05
2026-06-29	mock_app_id	googleadwords_int	654635500	mc_67ff1f36	0.92665946140000011	875	68	31	0.47486405960000011	0.0	0.47486405960000011	0.51244721430089746	0.029892240690322584
2026-06-29	mock_app_id	googleadwords_int	660741874	mc_7e7497dd	0.0012107856	61	1	0	0.0	0.0	0.0	0.0
2026-06-29	mock_app_id	googleadwords_int	728115589	mc_337b8797	0.0	0	0	0	0.0011044713000000002	0.0	0.0011044713000000002
2026-06-29	mock_app_id	googleadwords_int	739276167	mc_1fbdf2e3	39.825893098024011	5437	133	48	35.795328839	0.0	35.795328839	0.89879538296596317	0.82970610620883356
2026-06-29	mock_app_id	googleadwords_int	742036733	mc_e0586969	3.949138854327662	335	13	7	3.0208525737999992	0.0	3.0208525737999992	0.76493956916445194	0.56416269347538028
2026-06-29	mock_app_id	googleadwords_int	788967442	mc_475f8981	0.0850129349	145	6	1	0.07497538450000002	0.0	0.07497538450000002	0.88192913923267	0.0850129349
2026-06-29	mock_app_id	googleadwords_int	792104306	mc_6fcee95d	48.589376189199946	30537	1565	818	26.14858095999999	0.0	26.14858095999999	0.538154284141892	0.059400215390219981
2026-06-29	mock_app_id	googleadwords_int	807898159	mc_ce3403c4	0.0	0	0	0	0.061801984600000005	0.0	0.061801984600000005
2026-06-29	mock_app_id	googleadwords_int	810543724	mc_c492b014	0.75823576689999994	334	5	2	1.0577153483	0.0	1.0577153483	1.3949689456412795	0.37911788344999997
2026-06-29	mock_app_id	googleadwords_int	822177103	mc_96cf8fb0	0.0	0	0	0	0.0020305966	0.0	0.0020305966
2026-06-29	mock_app_id	googleadwords_int	833789410	mc_970b80f7	0.0	0	0	0	1.2474793140000011	66.9719230345	68.2194023485
2026-06-29	mock_app_id	googleadwords_int	834117318	mc_ae804aae	0.0	0	0	4	0.0083032801999999989	0.0	0.0083032801999999989
2026-06-29	mock_app_id	googleadwords_int	848321939	mc_c41abc99	0.0001253098	1	0	0	0.0	0.0	0.0	0.0
2026-06-29	mock_app_id	googleadwords_int	866857087	mc_1be3ce39	0.0	0	0	0	0.0029592697000000003	0.0	0.0029592697000000003
2026-06-29	mock_app_id	googleadwords_int	878110867	mc_95d22b0c	0.0	0	0	1	0.0	0.0	0.0
2026-06-29	mock_app_id	googleadwords_int	900383572	mc_45368c6d	5.1242781911000028	13306	386	165	6.71304025640006	0.0	6.71304025640006	1.3100460213224696	0.031056231461212138
2026-06-29	mock_app_id	googleadwords_int	938117082	mc_048d3b97	0.0	0	0	0	0.0	0.0	0.0
2026-06-29	mock_app_id	googleadwords_int	953724624	mc_6aedfff8	0.0	0	0	0	0.0062280971000000032	0.0	0.0062280971000000032
2026-06-29	mock_app_id	googleadwords_int	968884154	mc_90337527	0.0	0	0	0	0.0390272004	0.0	0.0390272004
2026-06-29	mock_app_id	googleadwords_int	972671114	mc_9911559c	0.00011635910000000001	10	0	0	0.0	0.0	0.0	0.0
2026-06-29	mock_app_id	googleadwords_int	974591165	mc_674dbd59	0.87250284420000013	2301	98	50	0.52381494099999937	0.0	0.52381494099999937	0.60035900682969867	0.017450056884000004
2026-06-29	mock_app_id	googleadwords_int	989105150	mc_58ab9c06	0.0	2	0	0	0.0	0.0	0.0
2026-06-29	mock_app_id	googleadwords_int	998337322	mc_fe944d1c	25.706010059600011	26211	1133	489	28.553427723700231	72.248423204	100.80185092770023	3.9213339874211783	0.052568527729243378
2026-06-29	mock_app_id	other		Unattributed	0.0	0	0	1035	16.664878268100015	0.0	16.664878268100015
2026-06-29	mock_app_id	unknown		Unattributed	0.0	0	0	17	0.035309960200000032	14.702197098800003	14.737507059000002
2026-06-30	mock_app_id	googleadwords_int		Unattributed	0.0	0	0	1182	4.4837725819000074	21.8727814704	26.356554052300005
2026-06-30	mock_app_id	googleadwords_int	109075442	mc_df87094f	0.0	0	0	0	0.0565191213	0.0	0.0565191213
2026-06-30	mock_app_id	googleadwords_int	126634786	mc_fb57024c	0.0	0	0	0	0.7462009379	0.0	0.7462009379
2026-06-30	mock_app_id	googleadwords_int	132608256	mc_9772a6c4	0.0	0	0	0	2.6751900000000004e-05	0.0	2.6751900000000004e-05
2026-06-30	mock_app_id	googleadwords_int	140410898	mc_a2e93e84	42.278155435500018	8423	211	85	46.1928942695	275.06048799999996	321.2533822695	7.59856665836823	0.49739006394705904
2026-06-30	mock_app_id	googleadwords_int	148918961	mc_993fe179	21.3811319047	36086	851	273	3.9316057224999956	53.6752682139	57.606873936399992	2.6942855127205334	0.078319164486080575
2026-06-30	mock_app_id	googleadwords_int	161332031	mc_12520749	0.1534752118	1424	78	28	0.10530439569999997	0.0	0.10530439569999997	0.68613292312785046	0.0054812575642857143
2026-06-30	mock_app_id	googleadwords_int	161694703	mc_2c0c0430	46.44237747610002	65382	3263	1054	26.464538733600214	50.509987227600007	76.974525961200214	1.6574200147443467	0.044062976732542711
2026-06-30	mock_app_id	googleadwords_int	180761354	mc_07fb7039	0.011396682200000001	49	2	0	0.0	0.0	0.0	0.0
2026-06-30	mock_app_id	googleadwords_int	199581943	mc_f81bdda1	0.0	0	0	0	0.020658836299999997	0.0	0.020658836299999997
2026-06-30	mock_app_id	googleadwords_int	232146533	mc_a35fcde2	0.0	0	0	0	0.0	0.0	0.0
2026-06-30	mock_app_id	googleadwords_int	232552584	mc_a5da28b5	18.511723675458622	2615	49	23	14.256632739199995	0.0	14.256632739199995	0.77014074913511754	0.80485755110689661
2026-06-30	mock_app_id	googleadwords_int	243641668	mc_1e8723bd	6.80279025438059	15414	406	184	9.1702621447000112	6.136847643	15.307109787700011	2.2501222609124465	0.036971686165111907
2026-06-30	mock_app_id	googleadwords_int	258346999	mc_8ba2a925	0.0	81	0	0	0.0	0.0	0.0
2026-06-30	mock_app_id	googleadwords_int	261307969	mc_b4ba1e63	0.0	0	0	0	0.67127778329999988	26.9582539654	27.6295317487
2026-06-30	mock_app_id	googleadwords_int	262368493	mc_c13d8f45	0.0	0	0	14	0.35168684689999996	-0.021507253700001172	0.33017959319999879
2026-06-30	mock_app_id	googleadwords_int	265069104	mc_b8b1eac5	0.0	0	0	0	0.10317698269999998	0.0	0.10317698269999998
2026-06-30	mock_app_id	googleadwords_int	280939212	mc_45884f7b	0.46714272889999992	474	15	6	0.9142831256	0.0	0.9142831256	1.9571815401106636	0.077857121483333319
2026-06-30	mock_app_id	googleadwords_int	300652860	mc_a0dc7a81	0.0	0	0	0	0.0	0.0	0.0
2026-06-30	mock_app_id	googleadwords_int	324659865	mc_cb530cbb	0.0	0	0	0	4.71343e-05	0.0	4.71343e-05
2026-06-30	mock_app_id	googleadwords_int	351751429	mc_b7e37028	19.176863261759202	5510	103	47	14.856072753700003	0.0	14.856072753700003	0.77468731725926543	0.40801836727147239
2026-06-30	mock_app_id	googleadwords_int	369626124	mc_617ec63b	0.39037501609999997	949	14	10	0.2845395778999999	0.0	0.2845395778999999	0.72888777755979939	0.03903750161
2026-06-30	mock_app_id	googleadwords_int	369804654	mc_92e554bf	0.36937586019999996	1122	27	12	0.93207186519999985	0.0	0.93207186519999985	2.5233697315664485	0.030781321683333331
2026-06-30	mock_app_id	googleadwords_int	414724209	mc_5dcabbd9	0.0	0	0	0	0.76021001620000006	0.0	0.76021001620000006
2026-06-30	mock_app_id	googleadwords_int	429833705	mc_a544a26e	0.0	0	0	0	0.033377453900000006	0.0	0.033377453900000006
2026-06-30	mock_app_id	googleadwords_int	432166127	mc_f8b84857	3.0800180537000013	2764	98	45	6.1603256199999938	0.0	6.1603256199999938	2.0000939970464278	0.068444845637777807
2026-06-30	mock_app_id	googleadwords_int	434877610	mc_0dfbbe6f	0.3324054007	1587	26	14	0.8507244329000001	0.0	0.8507244329000001	2.5592978667268689	0.023743242907142859
2026-06-30	mock_app_id	googleadwords_int	442262115	mc_1941c5ac	0.0	0	0	0	0.0090650724	0.0	0.0090650724
2026-06-30	mock_app_id	googleadwords_int	444817371	mc_3016a669	0.0	0	0	0	5.0956e-06	0.0	5.0956e-06
2026-06-30	mock_app_id	googleadwords_int	464541057	mc_d8ff83e7	2.3129438774	1936	43	14	2.5349998528000004	0.0	2.5349998528000004	1.0960057775589502	0.16521027695714285
2026-06-30	mock_app_id	googleadwords_int	502057685	mc_befecb98	1.8913732307000011	7038	141	49	1.9282896909999996	0.0	1.9282896909999996	1.0195183371006766	0.038599453687755123
2026-06-30	mock_app_id	googleadwords_int	510225620	mc_10287894	12.01270029460003	125075	4895	1664	4.2601330674000142	0.0	4.2601330674000142	0.35463575740044362	0.0072191708501202108
2026-06-30	mock_app_id	googleadwords_int	513913086	mc_2472b5d9	0.0	0	0	0	0.0	0.0	0.0
2026-06-30	mock_app_id	googleadwords_int	514288304	mc_c95b5395	0.0	0	0	7	0.0092650746999999988	0.0	0.0092650746999999988
2026-06-30	mock_app_id	googleadwords_int	525989111	mc_c82cc8f4	1.4369706026999993	2370	104	54	0.72197263379999954	0.0	0.72197263379999954	0.50242686415675264	0.026610566716666655
2026-06-30	mock_app_id	googleadwords_int	529859974	mc_d2ea5396	3.5634632620999986	11265	385	121	4.02727816030002	0.0	4.02727816030002	1.1301584621716261	0.029450109604132219
2026-06-30	mock_app_id	googleadwords_int	532599141	mc_759b1811	0.0	0	0	0	0.057863085800000005	0.0	0.057863085800000005
2026-06-30	mock_app_id	googleadwords_int	542533692	mc_796ef0d2	0.0	0	0	0	0.0034178737	0.0	0.0034178737
2026-06-30	mock_app_id	googleadwords_int	557162896	mc_b0c8a1e0	0.0	0	0	10	0.0085198432	47.379907920000008	47.388427763200006
2026-06-30	mock_app_id	googleadwords_int	562523633	mc_13ddbb14	0.0	0	0	0	0.0	0.0	0.0
2026-06-30	mock_app_id	googleadwords_int	571438578	mc_756e1c81	1.5419639410999946	11748	351	91	0.3853687629	0.0	0.3853687629	0.24992073590585298	0.016944658693406535
2026-06-30	mock_app_id	googleadwords_int	574617314	mc_a3bfa925	0.0	0	0	0	0.0356717478	0.0	0.0356717478
2026-06-30	mock_app_id	googleadwords_int	585166272	mc_60587c25	0.30953295040918721	486	8	1	0.1698006788	0.0	0.1698006788	0.54857060799353319	0.30953295040918721
2026-06-30	mock_app_id	googleadwords_int	586123444	mc_e23241e2	0.0	0	0	0	0.0045440013	0.0	0.0045440013
2026-06-30	mock_app_id	googleadwords_int	590094865	mc_23f341fc	0.56115274469999987	509	29	10	0.51408871449999993	0.0	0.51408871449999993	0.91612973358054051	0.05611527446999999
2026-06-30	mock_app_id	googleadwords_int	611748075	mc_628993e1	0.731288464	383	11	3	0.063784173000000013	0.0	0.063784173000000013	0.08722163159953801	0.24376282133333335
2026-06-30	mock_app_id	googleadwords_int	611892113	mc_9bfd19ea	1.9684289932999985	4107	153	55	1.5208098458000021	0.0	1.5208098458000021	0.77260081566387651	0.035789618059999972
2026-06-30	mock_app_id	googleadwords_int	612287821	mc_6b5afb99	0.0	0	0	0	2.6751900000000007e-05	0.0	2.6751900000000007e-05
2026-06-30	mock_app_id	googleadwords_int	624225880	mc_ae3dba5e	0.0	0	0	0	0.1595190319	0.0	0.1595190319
2026-06-30	mock_app_id	googleadwords_int	654635500	mc_67ff1f36	1.0064394916	1227	69	41	0.54094634820000009	0.0	0.54094634820000009	0.53748521666217985	0.02454730467317073
2026-06-30	mock_app_id	googleadwords_int	660741874	mc_7e7497dd	0.032913351300000004	67	3	1	0.0183225037	0.0	0.0183225037	0.55668909352296791	0.032913351300000004
2026-06-30	mock_app_id	googleadwords_int	739276167	mc_1fbdf2e3	42.288713264063183	6486	157	77	58.611114784400016	98.05208300000001	156.66319778440004	3.70461018300909	0.5492040683644569
2026-06-30	mock_app_id	googleadwords_int	742036733	mc_e0586969	2.9842077733027956	165	8	5	2.4956439862	0.0	2.4956439862	0.83628358873883846	0.5968415546605591
2026-06-30	mock_app_id	googleadwords_int	788967442	mc_475f8981	0.21557028620000002	105	5	3	1.7834600000000004e-05	0.0	1.7834600000000004e-05	8.2732181296329342e-05	0.071856762066666677
2026-06-30	mock_app_id	googleadwords_int	792104306	mc_6fcee95d	30.944558582800003	28743	1248	587	18.131795774400107	43.394614955899996	61.5264107303001	1.9882788298844403	0.052716454144463375
2026-06-30	mock_app_id	googleadwords_int	807898159	mc_ce3403c4	0.0	0	0	0	0.0	43.287122	43.287122
2026-06-30	mock_app_id	googleadwords_int	810543724	mc_c492b014	0.2650334818	407	4	1	0.60746431060000006	0.0	0.60746431060000006	2.2920285636152404	0.2650334818
2026-06-30	mock_app_id	googleadwords_int	822177103	mc_96cf8fb0	0.0	0	0	0	0.0134256321	0.0	0.0134256321
2026-06-30	mock_app_id	googleadwords_int	833789410	mc_970b80f7	0.0	0	0	0	0.99078082060000239	79.600389279300018	80.591170099900026
2026-06-30	mock_app_id	googleadwords_int	834117318	mc_ae804aae	0.0	0	0	3	0.0355609185	0.0	0.0355609185
2026-06-30	mock_app_id	googleadwords_int	889798464	mc_2254e49d	0.0	0	0	0	5.0956e-06	0.0	5.0956e-06
2026-06-30	mock_app_id	googleadwords_int	900383572	mc_45368c6d	3.9021935528999974	12397	353	136	5.0678914011000842	0.0	5.0678914011000842	1.2987288642650168	0.028692599653676452
2026-06-30	mock_app_id	googleadwords_int	914138760	mc_0365d47f	0.0	0	0	0	0.0	0.0	0.0
2026-06-30	mock_app_id	googleadwords_int	972671114	mc_9911559c	0.0177183175	17	2	0	0.0	0.0	0.0	0.0
2026-06-30	mock_app_id	googleadwords_int	974591165	mc_674dbd59	1.0307585435	2650	108	51	0.5950692635999999	0.0	0.5950692635999999	0.57731198771286241	0.020210951833333334
2026-06-30	mock_app_id	googleadwords_int	989105150	mc_58ab9c06	0.0	2	0	0	0.0	0.0	0.0
2026-06-30	mock_app_id	googleadwords_int	998337322	mc_fe944d1c	25.180239431999986	27192	1143	463	24.346016281699963	214.8082473365	239.15426361819996	9.497696170206936	0.054384966375809904
2026-06-30	mock_app_id	other		Unattributed	0.0	0	0	1178	20.42797759420003	0.0	20.42797759420003
2026-06-30	mock_app_id	unknown		Unattributed	0.0	0	0	13	0.20539981429999993	109.3835279598	109.5889277741
2026-07-01	mock_app_id	googleadwords_int		Unattributed	0.0	0	0	945	4.2911538062999988	216.29744917550002	220.58860298180002
2026-07-01	mock_app_id	googleadwords_int	109075442	mc_df87094f	0.0	0	0	0	0.2607469476	85.325822	85.5865689476
2026-07-01	mock_app_id	googleadwords_int	126634786	mc_fb57024c	0.0	0	0	0	0.9828240412	0.0	0.9828240412
2026-07-01	mock_app_id	googleadwords_int	140410898	mc_a2e93e84	48.904311450900018	9035	230	90	47.266794517299743	126.052405	173.31919951729975	3.5440474341676893	0.54338123834333352
2026-07-01	mock_app_id	googleadwords_int	148918961	mc_993fe179	19.347414064499976	35303	857	246	3.983583390300002	41.157361202299995	45.1409445926	2.3331771595992175	0.078648024652438919
2026-07-01	mock_app_id	googleadwords_int	161332031	mc_12520749	0.11462022310000003	760	40	16	0.11267518110000004	0.0	0.11267518110000004	0.98303055126403782	0.0071637639437500018
2026-07-01	mock_app_id	googleadwords_int	161694703	mc_2c0c0430	43.681866864400021	66112	3195	1011	24.020230369600142	120.6356650012	144.65589537080012	3.3115776809596986	0.043206594326805167
2026-07-01	mock_app_id	googleadwords_int	170783281	mc_79db2905	0.0	0	0	0	0.0	0.0	0.0
2026-07-01	mock_app_id	googleadwords_int	180761354	mc_07fb7039	0.0522045509	187	11	3	0.021455023800000004	0.0	0.021455023800000004	0.410979951558208	0.017401516966666666
2026-07-01	mock_app_id	googleadwords_int	199581943	mc_f81bdda1	0.0	0	0	0	0.0340424297	0.0	0.0340424297
2026-07-01	mock_app_id	googleadwords_int	232552584	mc_a5da28b5	22.541113138464425	2899	59	23	12.071662389399995	0.0	12.071662389399995	0.53553976306523943	0.98004839732454019
2026-07-01	mock_app_id	googleadwords_int	240191289	mc_149c320f	0.0	0	0	0	0.0015006542000000011	0.0	0.0015006542000000011
2026-07-01	mock_app_id	googleadwords_int	243641668	mc_1e8723bd	8.626973228046193	19393	518	209	8.9800395750000082	39.413277451300004	48.393317026300011	5.6095360153632887	0.041277383866249726
2026-07-01	mock_app_id	googleadwords_int	258346999	mc_8ba2a925	0.2854809491	93	7	2	0.198639227	0.0	0.198639227	0.6958055436841758	0.14274047455
2026-07-01	mock_app_id	googleadwords_int	261307969	mc_b4ba1e63	0.0	0	0	0	0.7042297546	83.9288186735	84.633048428100011
2026-07-01	mock_app_id	googleadwords_int	262368493	mc_c13d8f45	0.0	0	0	17	0.5286442959	5.8178337833	6.3464780792000006
2026-07-01	mock_app_id	googleadwords_int	265069104	mc_b8b1eac5	0.0	0	0	0	0.028503512499999994	0.0	0.028503512499999994
2026-07-01	mock_app_id	googleadwords_int	280939212	mc_45884f7b	0.30516272470000005	598	12	5	0.0104816492	0.0	0.0104816492	0.034347737621966509	0.061032544940000009
2026-07-01	mock_app_id	googleadwords_int	300652860	mc_a0dc7a81	0.0	0	0	0	0.0	0.0	0.0
2026-07-01	mock_app_id	googleadwords_int	324659865	mc_cb530cbb	0.0	0	0	0	0.0010904584	0.0	0.0010904584
2026-07-01	mock_app_id	googleadwords_int	351751429	mc_b7e37028	20.373792353564308	5432	101	44	16.182383547499988	0.0	16.182383547499988	0.79427449081019763	0.46304073530827972
2026-07-01	mock_app_id	googleadwords_int	369626124	mc_617ec63b	0.79085862729999989	1133	31	9	1.1803919182999998	0.0	1.1803919182999998	1.492544783041529	0.0878731808111111
2026-07-01	mock_app_id	googleadwords_int	369804654	mc_92e554bf	0.5299204976	1341	30	13	1.1853435676	0.0	1.1853435676	2.2368328324124063	0.040763115200000005
2026-07-01	mock_app_id	googleadwords_int	414724209	mc_5dcabbd9	0.0	0	0	0	0.034560907	136.256344	136.29090490700003
2026-07-01	mock_app_id	googleadwords_int	429833705	mc_a544a26e	0.0	0	0	0	0.000140129	0.0	0.000140129
2026-07-01	mock_app_id	googleadwords_int	432166127	mc_f8b84857	3.0837049284	3742	93	34	3.6429552692999883	0.0	3.6429552692999883	1.1813566323254407	0.090697203776470586
2026-07-01	mock_app_id	googleadwords_int	434877610	mc_0dfbbe6f	0.6549813054000001	1747	41	16	1.0857615307000001	0.0	1.0857615307000001	1.6576985049014805	0.040936331587500006
2026-07-01	mock_app_id	googleadwords_int	442262115	mc_1941c5ac	0.0	0	0	0	0.0006866321	0.0	0.0006866321
2026-07-01	mock_app_id	googleadwords_int	444817371	mc_3016a669	0.0	0	0	0	0.0036369845000000004	0.0	0.0036369845000000004
2026-07-01	mock_app_id	googleadwords_int	448176306	mc_d1c03fd5	0.0	0	0	0	0.36481183860000005	71.6765593028	72.0413711414
2026-07-01	mock_app_id	googleadwords_int	458610769	mc_e6a4a79e	0.0	0	0	0	0.3246674279	0.0	0.3246674279
2026-07-01	mock_app_id	googleadwords_int	464541057	mc_d8ff83e7	2.4307139332000007	2786	48	11	1.7164528600000004	0.0	1.7164528600000004	0.70615173449897262	0.22097399392727279
2026-07-01	mock_app_id	googleadwords_int	502057685	mc_befecb98	2.0043302510000003	7471	151	58	1.849399611799994	0.0	1.849399611799994	0.92270204018389268	0.034557418120689659
2026-07-01	mock_app_id	googleadwords_int	510225620	mc_10287894	21.872792228300014	149811	5727	1834	7.6020683144999879	0.0	7.6020683144999879	0.34755820085302536	0.011926277114667401
2026-07-01	mock_app_id	googleadwords_int	514288304	mc_c95b5395	0.0	0	0	7	0.091988319000000013	0.0	0.091988319000000013
2026-07-01	mock_app_id	googleadwords_int	516932962	mc_60e17b09	0.0	3	0	0	0.0	0.0	0.0
2026-07-01	mock_app_id	googleadwords_int	525989111	mc_c82cc8f4	1.481623203899999	2895	112	36	0.61432044039999933	0.0	0.61432044039999933	0.41462663299478292	0.041156200108333305
2026-07-01	mock_app_id	googleadwords_int	529859974	mc_d2ea5396	3.1117035317	11150	350	98	3.2774810027000147	0.0	3.2774810027000147	1.0532754709152663	0.031752076854081629
2026-07-01	mock_app_id	googleadwords_int	532599141	mc_759b1811	0.0	0	0	0	0.0038000437	0.0	0.0038000437
2026-07-01	mock_app_id	googleadwords_int	542533692	mc_796ef0d2	0.0	0	0	1	0.036917622000000004	0.0	0.036917622000000004
2026-07-01	mock_app_id	googleadwords_int	544153460	mc_21ff68ff	0.0	0	0	0	0.0	46.343560970300004	46.343560970300004
2026-07-01	mock_app_id	googleadwords_int	557162896	mc_b0c8a1e0	0.0	0	0	5	0.11453889680000001	83.111918833400011	83.226457730200011
2026-07-01	mock_app_id	googleadwords_int	571438578	mc_756e1c81	0.13563321190000036	745	34	11	0.1724134477	0.0	0.1724134477	1.2711742594956534	0.012330291990909124
2026-07-01	mock_app_id	googleadwords_int	574617314	mc_a3bfa925	0.0	0	0	0	0.059655463099999993	0.0	0.059655463099999993
2026-07-01	mock_app_id	googleadwords_int	585166272	mc_60587c25	0.26434802572688482	522	7	2	0.386590433	0.0	0.386590433	1.4624298098575996	0.13217401286344241
2026-07-01	mock_app_id	googleadwords_int	590094865	mc_23f341fc	0.033580585300000007	179	5	0	0.0032497189000000003	0.0	0.0032497189000000003	0.09677374205862932
2026-07-01	mock_app_id	googleadwords_int	611748075	mc_628993e1	0.86257895899999992	370	9	5	0.3329426822999999	0.0	0.3329426822999999	0.38598516556210122	0.17251579179999998
2026-07-01	mock_app_id	googleadwords_int	611892113	mc_9bfd19ea	1.8094295721999982	4353	155	51	1.7894562472999986	7.082820305	8.8722765522999989	4.903355559461	0.035479011219607809
2026-07-01	mock_app_id	googleadwords_int	612287821	mc_6b5afb99	0.0	0	0	0	0.022241020100000009	0.0	0.022241020100000009
2026-07-01	mock_app_id	googleadwords_int	622845378	mc_1700d8b1	0.0	0	0	0	0.0	0.0	0.0
2026-07-01	mock_app_id	googleadwords_int	654635500	mc_67ff1f36	0.7973893835000001	1344	82	44	0.47483221210000015	0.0	0.47483221210000015	0.59548348890200653	0.018122485988636364
2026-07-01	mock_app_id	googleadwords_int	660741874	mc_7e7497dd	0.001423975	61	0	0	0.0	0.0	0.0	0.0
2026-07-01	mock_app_id	googleadwords_int	739276167	mc_1fbdf2e3	47.55047594789346	8000	160	69	56.18615950920023	38.204261	94.390420509200226	1.9850573233511837	0.68913733257816612
2026-07-01	mock_app_id	googleadwords_int	742036733	mc_e0586969	0.622541420807333	125	3	1	0.2258522788	0.0	0.2258522788	0.36279076580495967	0.622541420807333
2026-07-01	mock_app_id	googleadwords_int	788967442	mc_475f8981	0.15892700180000002	132	5	2	0.1232103341	0.0	0.1232103341	0.77526369153463748	0.079463500900000011
2026-07-01	mock_app_id	googleadwords_int	792104306	mc_6fcee95d	37.267084884299976	31182	1380	628	17.786645308399851	0.0	17.786645308399851	0.47727492943493094	0.059342491853980855
2026-07-01	mock_app_id	googleadwords_int	810543724	mc_c492b014	0.8014757849	334	5	2	0.8608914288	0.0	0.8608914288	1.0741327997918406	0.40073789245
2026-07-01	mock_app_id	googleadwords_int	821866242	mc_e6535e2b	0.0	0	0	0	0.0008267611	0.0	0.0008267611
2026-07-01	mock_app_id	googleadwords_int	833789410	mc_970b80f7	0.0	0	0	0	0.93206167400000228	167.46578698090002	168.39784865490003
2026-07-01	mock_app_id	googleadwords_int	834117318	mc_ae804aae	0.0	0	0	5	0.0	0.0	0.0
2026-07-01	mock_app_id	googleadwords_int	848321939	mc_c41abc99	0.0	1	0	0	0.0	0.0	0.0
2026-07-01	mock_app_id	googleadwords_int	889798464	mc_2254e49d	0.0	0	0	0	2.5478e-06	0.0	2.5478e-06
2026-07-01	mock_app_id	googleadwords_int	900383572	mc_45368c6d	3.6938481090000006	14213	349	141	8.5267120688001281	0.0	8.5267120688001281	2.3083548151384279	0.02619750431914894
2026-07-01	mock_app_id	googleadwords_int	914138760	mc_0365d47f	0.0	0	0	0	0.0072268347	0.0	0.0072268347
2026-07-01	mock_app_id	googleadwords_int	969393970	mc_d64553bd	0.0	0	0	0	0.0084000966	0.0	0.0084000966
2026-07-01	mock_app_id	googleadwords_int	972671114	mc_9911559c	0.0	13	0	0	0.0	0.0	0.0
2026-07-01	mock_app_id	googleadwords_int	974591165	mc_674dbd59	1.2947797824999998	3028	126	59	0.75314624070000014	0.0	0.75314624070000014	0.58167902440197417	0.02194542004237288
2026-07-01	mock_app_id	googleadwords_int	989105150	mc_58ab9c06	0.0	4	0	0	0.0	0.0	0.0
2026-07-01	mock_app_id	googleadwords_int	998337322	mc_fe944d1c	26.6194371316	31463	1156	470	27.108528305	80.9322160601	108.04074436510001	4.0587163368997228	0.056637100280000005
2026-07-01	mock_app_id	other		Unattributed	0.0	0	0	1237	14.872455107699999	27.779690163399998	42.6521452711
2026-07-01	mock_app_id	unknown		Unattributed	0.0	0	0	9	0.12813140979999976	372.34708066829995	372.47521207809996
2026-07-02	mock_app_id	googleadwords_int		Unattributed	0.0	0	0	1129	2.7527730577999994	46.411003784100004	49.1637768419
2026-07-02	mock_app_id	googleadwords_int	109075442	mc_df87094f	0.0	0	0	0	0.8279267185	25.465260999999998	26.293187718499997
2026-07-02	mock_app_id	googleadwords_int	140410898	mc_a2e93e84	42.663778443599988	8433	195	71	37.2944811108999	119.695644	156.9901251108999	3.6797051465667843	0.600898287938028
2026-07-02	mock_app_id	googleadwords_int	148918961	mc_993fe179	18.9416869705	31117	796	223	4.106747864000007	65.9626795812	70.06942744520002	3.6992178972404592	0.0849403003161435
2026-07-02	mock_app_id	googleadwords_int	161332031	mc_12520749	0.15444595590000004	875	56	21	0.10559866660000003	22.733167160900003	22.8387658275	147.87545387259956	0.0073545693285714305
2026-07-02	mock_app_id	googleadwords_int	161694703	mc_2c0c0430	42.715826764100008	66251	3106	967	25.143594880499904	38.0756569733	63.2192518537999	1.4799959790765831	0.044173554047673223
2026-07-02	mock_app_id	googleadwords_int	180761354	mc_07fb7039	0.2056398914	758	33	15	0.1817192872	0.0	0.1817192872	0.88367721828119972	0.013709326093333333
2026-07-02	mock_app_id	googleadwords_int	199581943	mc_f81bdda1	0.0	0	0	1	0.006267588	0.0	0.006267588
2026-07-02	mock_app_id	googleadwords_int	232552584	mc_a5da28b5	19.098374346298378	3167	67	21	6.5076378943	0.0	6.5076378943	0.34074302745884244	0.90944639744277989
2026-07-02	mock_app_id	googleadwords_int	243641668	mc_1e8723bd	7.8541766773634425	21308	499	198	8.0771744151000178	39.413277451300004	47.490451866400022	6.0465219738782379	0.039667558976583042
2026-07-02	mock_app_id	googleadwords_int	258346999	mc_8ba2a925	0.0	89	0	0	0.0	0.0	0.0
2026-07-02	mock_app_id	googleadwords_int	261307969	mc_b4ba1e63	0.0	0	0	0	2.0802659609999989	0.0	2.0802659609999989
2026-07-02	mock_app_id	googleadwords_int	262368493	mc_c13d8f45	0.0	0	0	12	0.47171625269999989	83.482138377500007	83.953854630200013
2026-07-02	mock_app_id	googleadwords_int	265069104	mc_b8b1eac5	0.0	0	0	0	0.00017452429999999995	0.0	0.00017452429999999995
2026-07-02	mock_app_id	googleadwords_int	280939212	mc_45884f7b	0.39216678350000006	598	10	5	0.255022041	0.0	0.255022041	0.65028975356858576	0.078433356700000012
2026-07-02	mock_app_id	googleadwords_int	324659865	mc_cb530cbb	0.0	0	0	0	0.0079134668	0.0	0.0079134668
2026-07-02	mock_app_id	googleadwords_int	351751429	mc_b7e37028	17.475690540689651	5352	83	30	18.583952566499974	0.0	18.583952566499974	1.0634173524204891	0.58252301802298834
2026-07-02	mock_app_id	googleadwords_int	369626124	mc_617ec63b	0.83559097110000013	1070	26	8	0.5723161357	0.0	0.5723161357	0.68492379105842138	0.10444887138750002
2026-07-02	mock_app_id	googleadwords_int	369804654	mc_92e554bf	0.2932224909	1148	18	5	0.49096360780000003	0.0	0.49096360780000003	1.6743722703298269	0.058644498180000004
2026-07-02	mock_app_id	googleadwords_int	373680283	mc_541ebe5c	0.0	0	0	0	6.3695000000000006e-06	0.0	6.3695000000000006e-06
2026-07-02	mock_app_id	googleadwords_int	375451353	mc_055f8111	0.0	0	0	0	0.0	0.0	0.0
2026-07-02	mock_app_id	googleadwords_int	414724209	mc_5dcabbd9	0.0	0	0	0	1.4504370620000002	38.204261	39.654698062
2026-07-02	mock_app_id	googleadwords_int	417871389	mc_46e33ad3	0.0	0	0	0	0.0	0.0	0.0
2026-07-02	mock_app_id	googleadwords_int	429833705	mc_a544a26e	0.0	0	0	0	1.9108500000000002e-05	0.0	1.9108500000000002e-05
2026-07-02	mock_app_id	googleadwords_int	432166127	mc_f8b84857	3.503401623999999	3261	102	47	4.8407231836	0.0	4.8407231836	1.381720882481386	0.074540460085106355
2026-07-02	mock_app_id	googleadwords_int	434877610	mc_0dfbbe6f	0.55603050319999991	1658	46	10	0.47926028849999985	0.0	0.47926028849999985	0.86193164896857033	0.055603050319999993
2026-07-02	mock_app_id	googleadwords_int	444817371	mc_3016a669	0.0	0	0	0	1.2739e-06	0.0	1.2739e-06
2026-07-02	mock_app_id	googleadwords_int	448176306	mc_d1c03fd5	0.0	0	0	0	0.79539003859999968	82.5933765645	83.388766603100009
2026-07-02	mock_app_id	googleadwords_int	464541057	mc_d8ff83e7	2.502280475600001	2259	49	12	1.4786144560999996	0.0	1.4786144560999996	0.59090676305798817	0.20852337296666676
2026-07-02	mock_app_id	googleadwords_int	502057685	mc_befecb98	2.2535169252999996	6652	153	69	1.3753432048000005	0.0	1.3753432048000005	0.61030968499023275	0.032659665584057966
2026-07-02	mock_app_id	googleadwords_int	510225620	mc_10287894	15.979626937300051	144738	5254	1572	4.92264132310001	0.0	4.92264132310001	0.30805733715907074	0.01016515708479647
2026-07-02	mock_app_id	googleadwords_int	513913086	mc_2472b5d9	0.0	0	0	0	0.0	0.0	0.0
2026-07-02	mock_app_id	googleadwords_int	514288304	mc_c95b5395	0.0	0	0	5	0.14965649809999823	0.0	0.14965649809999823
2026-07-02	mock_app_id	googleadwords_int	525989111	mc_c82cc8f4	1.0353234005	1881	74	34	0.44682679450000007	0.0	0.44682679450000007	0.43158185576044078	0.03045068825
2026-07-02	mock_app_id	googleadwords_int	529859974	mc_d2ea5396	2.6554415992000004	9262	311	93	2.4064034695	0.0	2.4064034695	0.90621592665603046	0.028553135475268821
2026-07-02	mock_app_id	googleadwords_int	532599141	mc_759b1811	0.0	0	0	0	0.00092612530000000018	0.0	0.00092612530000000018
2026-07-02	mock_app_id	googleadwords_int	542533692	mc_796ef0d2	0.0	0	0	0	0.016858792600000005	0.0	0.016858792600000005
2026-07-02	mock_app_id	googleadwords_int	557162896	mc_b0c8a1e0	0.0	0	0	5	0.0128676639	-41.555959416700006	-41.5430917528
2026-07-02	mock_app_id	googleadwords_int	571438578	mc_756e1c81	0.12530329040000002	576	30	7	0.083948736099999963	0.0	0.083948736099999963	0.66996433878164108	0.017900470057142858
2026-07-02	mock_app_id	googleadwords_int	574617314	mc_a3bfa925	0.0	0	0	0	0.053786605800000005	0.0	0.053786605800000005
2026-07-02	mock_app_id	googleadwords_int	585166272	mc_60587c25	0.29350896422828382	380	7	2	0.3350369739	0.0	0.3350369739	1.1414880454534149	0.14675448211414191
2026-07-02	mock_app_id	googleadwords_int	590094865	mc_23f341fc	0.0253532646	147	5	0	0.0054879612000000005	0.0	0.0054879612000000005	0.21645974538521562
2026-07-02	mock_app_id	googleadwords_int	611748075	mc_628993e1	0.69124547330000008	345	8	2	0.24338114279999998	0.0	0.24338114279999998	0.35209075820504177	0.34562273665000004
2026-07-02	mock_app_id	googleadwords_int	611892113	mc_9bfd19ea	2.1819959500999988	4149	167	70	2.3462651983000011	0.0	2.3462651983000011	1.0752839381725132	0.031171370715714269
2026-07-02	mock_app_id	googleadwords_int	612287821	mc_6b5afb99	0.0	0	0	0	0.0091376847	0.0	0.0091376847
2026-07-02	mock_app_id	googleadwords_int	614391176	mc_c7abcb25	0.0	0	0	0	0.058064361999999987	0.0	0.058064361999999987
2026-07-02	mock_app_id	googleadwords_int	654635500	mc_67ff1f36	1.3302986011999995	2106	117	56	0.53749025749999968	0.0	0.53749025749999968	0.40403730186226994	0.023755332164285707
2026-07-02	mock_app_id	googleadwords_int	660741874	mc_7e7497dd	0.0082484769	30	1	0	0.0	0.0	0.0	0.0
2026-07-02	mock_app_id	googleadwords_int	739276167	mc_1fbdf2e3	48.201119495373725	7481	161	53	43.709063157999907	76.408522	120.11758515799991	2.4920082026212822	0.90945508481837212
2026-07-02	mock_app_id	googleadwords_int	742036733	mc_e0586969	0.51256421413596776	68	1	0	1.2521723616	0.0	1.2521723616	2.442957052143786
2026-07-02	mock_app_id	googleadwords_int	788967442	mc_475f8981	0.1182664128	113	3	1	0.17104400519999996	-35.1019947511	-34.9309507459	-295.35816567778744	0.1182664128
2026-07-02	mock_app_id	googleadwords_int	792104306	mc_6fcee95d	41.2904277891	30209	1416	685	20.838467665100072	168.84070597700003	189.6791736421001	4.5937807816118656	0.060277996772408762
2026-07-02	mock_app_id	googleadwords_int	807898159	mc_ce3403c4	0.0	0	0	0	0.2333224284	21.643561	21.8768834284
2026-07-02	mock_app_id	googleadwords_int	810543724	mc_c492b014	0.83719558749999989	279	7	4	1.8786916684000001	0.0	1.8786916684000001	2.2440295869332929	0.20929889687499997
2026-07-02	mock_app_id	googleadwords_int	821866242	mc_e6535e2b	0.0	0	0	0	0.002076457	0.0	0.002076457
2026-07-02	mock_app_id	googleadwords_int	827748605	mc_cdc62e82	0.0	0	0	0	8.40774e-05	0.0	8.40774e-05
2026-07-02	mock_app_id	googleadwords_int	833789410	mc_970b80f7	0.0	0	0	0	1.4355553622000008	25.541695	26.977250362200003
2026-07-02	mock_app_id	googleadwords_int	834117318	mc_ae804aae	0.0	0	0	4	0.0	0.0	0.0
2026-07-02	mock_app_id	googleadwords_int	900383572	mc_45368c6d	3.5347559261000008	12408	333	149	7.5216138861000319	0.0	7.5216138861000319	2.1279019098777909	0.023723194134899334
2026-07-02	mock_app_id	googleadwords_int	913642206	mc_6fdcae3c	0.0	0	0	0	0.015238391799999997	44.8359105115	44.8511489033
2026-07-02	mock_app_id	googleadwords_int	972671114	mc_9911559c	0.0	30	0	0	0.0	0.0	0.0
2026-07-02	mock_app_id	googleadwords_int	974591165	mc_674dbd59	1.0399907836999998	2475	105	49	0.714347068399999	35.4265793755	36.1409264439	34.751198770551191	0.021224301708163262
2026-07-02	mock_app_id	googleadwords_int	989105150	mc_58ab9c06	0.0	1	0	0	0.0	0.0	0.0
2026-07-02	mock_app_id	googleadwords_int	998337322	mc_fe944d1c	23.976606255000007	28407	1056	449	26.241458461199837	178.8286335757	205.07009203689984	8.5529240400373663	0.0534000139309577
2026-07-02	mock_app_id	other		Unattributed	0.0	0	0	1068	21.876098706000349	59.847822	81.723920706000342
2026-07-02	mock_app_id	unknown		Unattributed	0.0	0	0	22	0.44058086279999992	186.77636446400004	187.21694532680004
2026-07-03	mock_app_id	googleadwords_int		Unattributed	0.0	0	0	1013	3.9885044659999944	46.6707927589	50.659297224899994
2026-07-03	mock_app_id	googleadwords_int	126634786	mc_fb57024c	0.0	0	0	0	0.10097186179999999	0.0	0.10097186179999999
2026-07-03	mock_app_id	googleadwords_int	140410898	mc_a2e93e84	56.06206906809998	9634	268	101	47.0716330372993	98.05208300000001	145.12371603729932	2.5886257580149952	0.55506999077326713
2026-07-03	mock_app_id	googleadwords_int	148918961	mc_993fe179	23.4108373902	29850	851	246	4.5472459233000073	0.0	4.5472459233000073	0.19423679074391109	0.095166005651219521
2026-07-03	mock_app_id	googleadwords_int	161332031	mc_12520749	0.20422242600000004	1115	73	21	0.076128263999999987	0.0	0.076128263999999987	0.37277132336093183	0.00972487742857143
2026-07-03	mock_app_id	googleadwords_int	161694703	mc_2c0c0430	45.349703685900046	64093	3227	1002	22.115790634399833	165.28789187170003	187.40368250609987	4.1324125027164555	0.045259185315269505
2026-07-03	mock_app_id	googleadwords_int	180761354	mc_07fb7039	0.67545969329999977	1889	69	33	0.50916509100000007	0.0	0.50916509100000007	0.75380529149332776	0.020468475554545448
2026-07-03	mock_app_id	googleadwords_int	199581943	mc_f81bdda1	0.0	0	0	0	0.0057720409000000007	0.0	0.0057720409000000007
2026-07-03	mock_app_id	googleadwords_int	232552584	mc_a5da28b5	19.56399916830043	3252	56	25	11.880507324900009	0.0	11.880507324900009	0.60726374105300551	0.78255996673201722
2026-07-03	mock_app_id	googleadwords_int	243641668	mc_1e8723bd	9.0348636044988986	20867	588	214	10.32627926040001	0.0	10.32627926040001	1.1429369288162861	0.04221898880606962
2026-07-03	mock_app_id	googleadwords_int	258346999	mc_8ba2a925	0.11215633950000001	98	3	1	0.1292358811	0.0	0.1292358811	1.1522833366008705	0.11215633950000001
2026-07-03	mock_app_id	googleadwords_int	261307969	mc_b4ba1e63	0.0	0	0	0	0.4721939652	0.0	0.4721939652
2026-07-03	mock_app_id	googleadwords_int	262368493	mc_c13d8f45	0.0	0	0	18	0.24280406609999974	82.959495424499991	83.2022994906
2026-07-03	mock_app_id	googleadwords_int	265069104	mc_b8b1eac5	0.0	0	0	0	0.02320663630000001	0.0	0.02320663630000001
2026-07-03	mock_app_id	googleadwords_int	280939212	mc_45884f7b	0.63224652740000009	767	11	1	0.0022331467	0.0	0.0022331467	0.0035320821913936216	0.63224652740000009
2026-07-03	mock_app_id	googleadwords_int	300652860	mc_a0dc7a81	0.0	0	0	0	0.0	-39.887159334	-39.887159334
2026-07-03	mock_app_id	googleadwords_int	351751429	mc_b7e37028	19.724423880618463	5158	104	45	16.895506398000002	0.0	16.895506398000002	0.8565779411484763	0.43832053068041027
2026-07-03	mock_app_id	googleadwords_int	369626124	mc_617ec63b	0.5446387032	1302	25	11	1.0336539250999992	0.0	1.0336539250999992	1.8978708619619071	0.04951260938181818
2026-07-03	mock_app_id	googleadwords_int	369804654	mc_92e554bf	0.3095461266	1364	22	9	0.85249897559999988	0.0	0.85249897559999988	2.7540288905039714	0.034394014066666673
2026-07-03	mock_app_id	googleadwords_int	414724209	mc_5dcabbd9	0.0	0	0	0	1.367213175	76.408522	77.775735175000008
2026-07-03	mock_app_id	googleadwords_int	429833705	mc_a544a26e	0.0	0	0	0	0.0136485646	0.0	0.0136485646
2026-07-03	mock_app_id	googleadwords_int	432166127	mc_f8b84857	4.1170306953999996	3727	105	47	4.9473511613999985	0.0	4.9473511613999985	1.201679445073782	0.087596397774468079
2026-07-03	mock_app_id	googleadwords_int	434877610	mc_0dfbbe6f	0.48755276600000008	1524	38	13	0.28946702310000016	0.0	0.28946702310000016	0.5937142465109102	0.037504058923076927
2026-07-03	mock_app_id	googleadwords_int	448176306	mc_d1c03fd5	0.0	0	0	0	0.0834926799	25.6084155125	25.6919081924
2026-07-03	mock_app_id	googleadwords_int	464541057	mc_d8ff83e7	2.9385408483999997	2424	55	18	4.4746743881000013	0.0	4.4746743881000013	1.52275384925699	0.16325226935555553
2026-07-03	mock_app_id	googleadwords_int	502057685	mc_befecb98	1.9749190644999999	6048	150	51	0.892917274800001	0.0	0.892917274800001	0.45212854078456394	0.038723903225490193
2026-07-03	mock_app_id	googleadwords_int	510225620	mc_10287894	14.091889318200039	144384	5234	1659	5.1983311177000289	22.7472399342	27.945571051900028	1.9830961215262741	0.0084942069428571663
2026-07-03	mock_app_id	googleadwords_int	513499437	mc_c9d56aa3	0.0	0	0	0	0.0129007853	0.0	0.0129007853
2026-07-03	mock_app_id	googleadwords_int	514288304	mc_c95b5395	0.0	0	0	21	0.068511615899999961	0.0	0.068511615899999961
2026-07-03	mock_app_id	googleadwords_int	525989111	mc_c82cc8f4	0.6309739006	1034	43	22	0.34116570679999986	0.0	0.34116570679999986	0.54069701849091	0.028680631845454548
2026-07-03	mock_app_id	googleadwords_int	529859974	mc_d2ea5396	2.4455989472999984	9596	294	93	6.6553300386000167	0.0	6.6553300386000167	2.7213497315034689	0.026296762874193531
2026-07-03	mock_app_id	googleadwords_int	532599141	mc_759b1811	0.0	0	0	0	0.016407832	0.0	0.016407832
2026-07-03	mock_app_id	googleadwords_int	542533692	mc_796ef0d2	0.0	0	0	0	0.0169441439	0.0	0.0169441439
2026-07-03	mock_app_id	googleadwords_int	544153460	mc_21ff68ff	0.0	0	0	0	0.20561382949999998	0.0	0.20561382949999998
2026-07-03	mock_app_id	googleadwords_int	557162896	mc_b0c8a1e0	0.0	0	0	0	0.080933414799999978	41.4869981141	41.5679315289
2026-07-03	mock_app_id	googleadwords_int	571438578	mc_756e1c81	0.049598269799999956	182	10	3	0.087189537699999958	0.0	0.087189537699999958	1.7579149041203053	0.016532756599999986
2026-07-03	mock_app_id	googleadwords_int	574617314	mc_a3bfa925	0.0	0	0	0	0.008178438	0.0	0.008178438
2026-07-03	mock_app_id	googleadwords_int	585166272	mc_60587c25	1.3655210013233126	426	12	4	0.77630701659999979	0.0	0.77630701659999979	0.56850609829339027	0.34138025033082814
2026-07-03	mock_app_id	googleadwords_int	590094865	mc_23f341fc	0.11356892269999999	66	5	2	0.0121326236	0.0	0.0121326236	0.10683048946452674	0.056784461349999996
2026-07-03	mock_app_id	googleadwords_int	611748075	mc_628993e1	0.3297201907	232	4	1	0.38299803499999996	0.0	0.38299803499999996	1.1615850220967372	0.3297201907
2026-07-03	mock_app_id	googleadwords_int	611892113	mc_9bfd19ea	2.1537060422000009	3982	163	75	2.0857029661999995	0.0	2.0857029661999995	0.96842508927980875	0.028716080562666679
2026-07-03	mock_app_id	googleadwords_int	612287821	mc_6b5afb99	0.0	0	0	0	0.093705536200000022	0.0	0.093705536200000022
2026-07-03	mock_app_id	googleadwords_int	614391176	mc_c7abcb25	0.0	0	0	0	0.0001732504	0.0	0.0001732504
2026-07-03	mock_app_id	googleadwords_int	622845378	mc_1700d8b1	0.0	0	0	0	0.0	0.0	0.0
2026-07-03	mock_app_id	googleadwords_int	654635500	mc_67ff1f36	2.4992754814999989	3236	181	94	1.3986772311000015	0.0	1.3986772311000015	0.55963307824736175	0.02658803703723403
2026-07-03	mock_app_id	googleadwords_int	660741874	mc_7e7497dd	0.0133666499	40	2	0	0.0	0.0	0.0	0.0
2026-07-03	mock_app_id	googleadwords_int	672267645	mc_caa37664	0.0	0	0	0	0.0001108293	0.0	0.0001108293
2026-07-03	mock_app_id	googleadwords_int	737469531	mc_e1939e16	0.0	0	0	0	0.0	0.0	0.0
2026-07-03	mock_app_id	googleadwords_int	739276167	mc_1fbdf2e3	47.575069260151466	7300	159	59	49.0167611384997	76.408522	125.42528313849971	2.6363657497300803	0.80635710610426214
2026-07-03	mock_app_id	googleadwords_int	742036733	mc_e0586969	2.2240834790678576	56	4	2	0.7278593257	0.0	0.7278593257	0.327262592681573	1.1120417395339288
2026-07-03	mock_app_id	googleadwords_int	788967442	mc_475f8981	0.1126868719	153	2	1	0.18660469370000002	0.0	0.18660469370000002	1.6559577043330813	0.1126868719
2026-07-03	mock_app_id	googleadwords_int	792104306	mc_6fcee95d	43.169637832199939	28544	1521	687	21.740874221000112	71.0469049281	92.787779149100118	2.1493758995562002	0.0628379007746724
2026-07-03	mock_app_id	googleadwords_int	807898159	mc_ce3403c4	0.0	0	0	0	0.0410425102	0.0	0.0410425102
2026-07-03	mock_app_id	googleadwords_int	810543724	mc_c492b014	0.4605761699	307	3	3	1.0013045085000005	0.0	1.0013045085000005	2.174025870069229	0.15352538996666668
2026-07-03	mock_app_id	googleadwords_int	821866242	mc_e6535e2b	0.0	0	0	0	0.0022012992000000004	0.0	0.0022012992000000004
2026-07-03	mock_app_id	googleadwords_int	833789410	mc_970b80f7	0.0	0	0	0	2.5291297216000044	64.4639438746	66.9930735962
2026-07-03	mock_app_id	googleadwords_int	834117318	mc_ae804aae	0.0	0	0	2	0.0191505387	0.0	0.0191505387
2026-07-03	mock_app_id	googleadwords_int	872282435	mc_5dd2fda4	0.0	0	0	0	0.0	0.0	0.0
2026-07-03	mock_app_id	googleadwords_int	889798464	mc_2254e49d	0.0	0	0	0	0.080978001299999977	0.0	0.080978001299999977
2026-07-03	mock_app_id	googleadwords_int	900383572	mc_45368c6d	4.4226010838000036	13168	404	143	9.2492299317999542	0.0	9.2492299317999542	2.0913552356507807	0.030927280306293731
2026-07-03	mock_app_id	googleadwords_int	914138760	mc_0365d47f	0.0	0	0	0	0.0181186797	0.0	0.0181186797
2026-07-03	mock_app_id	googleadwords_int	972671114	mc_9911559c	0.0807816949	60	5	2	0.0	0.0	0.0	0.0	0.04039084745
2026-07-03	mock_app_id	googleadwords_int	974591165	mc_674dbd59	0.3816887686	1462	56	25	0.35168557299999964	0.0	0.35168557299999964	0.92139355918160915	0.015267550744
2026-07-03	mock_app_id	googleadwords_int	989105150	mc_58ab9c06	0.0	1	0	0	0.0	0.0	0.0
2026-07-03	mock_app_id	googleadwords_int	998337322	mc_fe944d1c	26.067418983100019	28440	1093	418	24.29982721550012	77.24023857100002	101.54006578650014	3.8952865204004432	0.062362246371052678
2026-07-03	mock_app_id	other		Unattributed	0.0	0	0	1172	23.06536461169992	0.0	23.06536461169992
2026-07-03	mock_app_id	unknown		Unattributed	0.0	0	0	31	0.1379111401	91.067909689300024	91.205820829400025
2026-07-04	mock_app_id	googleadwords_int		Unattributed	0.0	0	0	893	2.2923664893000018	21.643561	23.9359274893
2026-07-04	mock_app_id	googleadwords_int	109075442	mc_df87094f	0.0	0	0	0	0.4356011877	0.0	0.4356011877
2026-07-04	mock_app_id	googleadwords_int	140410898	mc_a2e93e84	47.2332979446	9122	238	73	30.206450554899941	43.287122	73.493572554899941	1.5559695332115209	0.64703147869315059
2026-07-04	mock_app_id	googleadwords_int	148918961	mc_993fe179	25.556950797700011	34474	987	302	4.8138158678000318	18.7127464043	23.52656227210003	0.92055435166456923	0.08462566489304639
2026-07-04	mock_app_id	googleadwords_int	161332031	mc_12520749	0.14800145189999997	1114	85	24	0.058868192900000019	0.0	0.058868192900000019	0.39775415811309367	0.006166727162499999
2026-07-04	mock_app_id	googleadwords_int	161694703	mc_2c0c0430	51.190604212200014	63884	3380	1121	25.442882398700128	129.7051922295	155.14807462820013	3.0307920177121961	0.045665124185727039
2026-07-04	mock_app_id	googleadwords_int	180761354	mc_07fb7039	0.42754645950000009	1868	66	28	0.40310272479999976	0.0	0.40310272479999976	0.94282788652118321	0.015269516410714289
2026-07-04	mock_app_id	googleadwords_int	199581943	mc_f81bdda1	0.0	0	0	0	1.78346e-05	0.0	1.78346e-05
2026-07-04	mock_app_id	googleadwords_int	206117838	mc_451e8488	0.0	0	0	0	0.0	0.0	0.0
2026-07-04	mock_app_id	googleadwords_int	232552584	mc_a5da28b5	17.932545800112628	3018	59	22	7.7031408144	0.0	7.7031408144	0.4295620320875812	0.81511571818693762
2026-07-04	mock_app_id	googleadwords_int	243641668	mc_1e8723bd	10.032213864434807	22389	614	267	10.990609193100012	0.0	10.990609193100012	1.0955317880595439	0.0375738346982577
2026-07-04	mock_app_id	googleadwords_int	258346999	mc_8ba2a925	0.0	127	0	0	0.0	0.0	0.0
2026-07-04	mock_app_id	googleadwords_int	261307969	mc_b4ba1e63	0.0	0	0	0	0.37186797069999988	46.7538268348	47.125694805500004
2026-07-04	mock_app_id	googleadwords_int	262368493	mc_c13d8f45	0.0	0	0	14	0.42615012359999993	82.319158124399991	82.745308247999986
2026-07-04	mock_app_id	googleadwords_int	280939212	mc_45884f7b	0.96840308510000006	762	19	5	0.1917792755	0.0	0.1917792755	0.19803662178564449	0.19368061702
2026-07-04	mock_app_id	googleadwords_int	295094164	mc_15f5ae79	0.0	0	0	0	0.000624211	0.0	0.000624211
2026-07-04	mock_app_id	googleadwords_int	324659865	mc_cb530cbb	0.0	0	0	0	0.023134024	0.0	0.023134024
2026-07-04	mock_app_id	googleadwords_int	351751429	mc_b7e37028	13.068006240890885	4953	104	47	13.687787981000007	0.0	13.687787981000007	1.047427413844491	0.2780426859764018
2026-07-04	mock_app_id	googleadwords_int	369626124	mc_617ec63b	0.77540076840000016	1067	35	9	0.51718938709999973	0.0	0.51718938709999973	0.66699622721188889	0.086155640933333347
2026-07-04	mock_app_id	googleadwords_int	369804654	mc_92e554bf	0.52512129499999993	1585	36	11	1.0297850908000004	0.0	1.0297850908000004	1.9610423355617306	0.047738299545454541
2026-07-04	mock_app_id	googleadwords_int	414724209	mc_5dcabbd9	0.0	0	0	0	3.8217e-06	59.847822	59.8478258217
2026-07-04	mock_app_id	googleadwords_int	429833705	mc_a544a26e	0.0	0	0	0	0.00024968440000000005	0.0	0.00024968440000000005
2026-07-04	mock_app_id	googleadwords_int	432166127	mc_f8b84857	4.3574725357999995	4301	131	56	4.3004188810000032	0.0	4.3004188810000032	0.98690670926064217	0.077812009567857138
2026-07-04	mock_app_id	googleadwords_int	434877610	mc_0dfbbe6f	0.39813771409999993	1453	36	18	0.49012538159999991	0.0	0.49012538159999991	1.2310448476551394	0.022118761894444439
2026-07-04	mock_app_id	googleadwords_int	458610769	mc_e6a4a79e	0.0	0	0	0	0.4374356037	0.0	0.4374356037
2026-07-04	mock_app_id	googleadwords_int	464541057	mc_d8ff83e7	2.6807362774000008	2697	59	15	2.9067799244000003	0.0	2.9067799244000003	1.0843214787316697	0.17871575182666671
2026-07-04	mock_app_id	googleadwords_int	502057685	mc_befecb98	1.2005313526000003	5071	106	42	1.1517775764999993	0.0	1.1517775764999993	0.95938983518055188	0.028584079823809533
2026-07-04	mock_app_id	googleadwords_int	510225620	mc_10287894	15.977307892300056	139903	5092	1655	5.1184423009000195	22.6783359571	27.796778258000018	1.7397660760731861	0.0096539624726888554
2026-07-04	mock_app_id	googleadwords_int	513499437	mc_c9d56aa3	0.0	0	0	0	0.0	0.0	0.0
2026-07-04	mock_app_id	googleadwords_int	514288304	mc_c95b5395	0.0	0	0	17	0.081234055199999974	0.0	0.081234055199999974
2026-07-04	mock_app_id	googleadwords_int	525989111	mc_c82cc8f4	0.39353949540000011	805	39	18	0.74965957639999981	0.0	0.74965957639999981	1.9049157331414304	0.021863305300000007
2026-07-04	mock_app_id	googleadwords_int	529859974	mc_d2ea5396	2.4928806131999997	9852	318	106	2.6268391255000112	0.0	2.6268391255000112	1.053736433101004	0.023517741633962259
2026-07-04	mock_app_id	googleadwords_int	542533692	mc_796ef0d2	0.0	0	0	0	0.0024879267000000004	0.0	0.0024879267000000004
2026-07-04	mock_app_id	googleadwords_int	557162896	mc_b0c8a1e0	0.0	0	0	0	0.10276551300000003	0.0	0.10276551300000003
2026-07-04	mock_app_id	googleadwords_int	571438578	mc_756e1c81	0.044393030899999977	97	8	4	0.027057636000000003	0.0	0.027057636000000003	0.60950188467532673	0.011098257724999994
2026-07-04	mock_app_id	googleadwords_int	574617314	mc_a3bfa925	0.0	0	0	0	0.0189123194	0.0	0.0189123194
2026-07-04	mock_app_id	googleadwords_int	585166272	mc_60587c25	0.57665718993865867	427	11	5	1.0623217707	0.0	1.0623217707	1.8422067551312475	0.11533143798773174
2026-07-04	mock_app_id	googleadwords_int	590094865	mc_23f341fc	0.0689895545	42	6	2	0.025206659299999996	0.0	0.025206659299999996	0.36536921397281957	0.03449477725
2026-07-04	mock_app_id	googleadwords_int	611748075	mc_628993e1	0.19929547250000001	217	5	1	0.11407137550000003	0.0	0.11407137550000003	0.57237314058903177	0.19929547250000001
2026-07-04	mock_app_id	googleadwords_int	611892113	mc_9bfd19ea	2.3534449812	3879	181	83	1.5898985383999988	0.0	1.5898985383999988	0.6755622294553596	0.028354758809638555
2026-07-04	mock_app_id	googleadwords_int	612287821	mc_6b5afb99	0.0	0	0	0	0.0163887235	0.0	0.0163887235
2026-07-04	mock_app_id	googleadwords_int	654635500	mc_67ff1f36	2.7402625008999979	3532	194	93	1.137239829700001	0.0	1.137239829700001	0.41501127330921461	0.029465188181720406
2026-07-04	mock_app_id	googleadwords_int	660741874	mc_7e7497dd	0.0466290785	54	3	2	0.0252117549	0.0	0.0252117549	0.54068739316819225	0.02331453925
2026-07-04	mock_app_id	googleadwords_int	739276167	mc_1fbdf2e3	47.184984571515677	6018	155	62	36.892542730699837	0.0	36.892542730699837	0.781870399359437	0.76104813825025286
2026-07-04	mock_app_id	googleadwords_int	742036733	mc_e0586969	1.7902478396688952	37	3	1	0.3915675603	0.0	0.3915675603	0.2187225431158292	1.7902478396688952
2026-07-04	mock_app_id	googleadwords_int	770142071	mc_13d78e8d	0.0	0	0	0	0.0052420985	0.0	0.0052420985
2026-07-04	mock_app_id	googleadwords_int	788967442	mc_475f8981	0.0135090474	110	2	1	0.0121096934	0.0	0.0121096934	0.89641356947196738	0.0135090474
2026-07-04	mock_app_id	googleadwords_int	792104306	mc_6fcee95d	43.088602262899919	30577	1657	767	15.921237869200123	-43.545481659000004	-27.62424378979988	-0.64110326952018271	0.056178099430117236
2026-07-04	mock_app_id	googleadwords_int	807898159	mc_ce3403c4	0.0	0	0	0	1.3027729435	31.834761	33.1375339435
2026-07-04	mock_app_id	googleadwords_int	810543724	mc_c492b014	0.3937713999	295	3	2	0.5718881053	0.0	0.5718881053	1.4523353027803279	0.19688569995
2026-07-04	mock_app_id	googleadwords_int	821866242	mc_e6535e2b	0.0	0	0	0	0.0	0.0	0.0
2026-07-04	mock_app_id	googleadwords_int	822177103	mc_96cf8fb0	0.0	0	0	0	0.0	0.0	0.0
2026-07-04	mock_app_id	googleadwords_int	833789410	mc_970b80f7	0.0	0	0	0	1.1529151691999997	65.5061787901	66.6590939593
2026-07-04	mock_app_id	googleadwords_int	834117318	mc_ae804aae	0.0	0	0	3	0.0098676294000000012	0.0	0.0098676294000000012
2026-07-04	mock_app_id	googleadwords_int	900383572	mc_45368c6d	4.2401931410999989	14365	426	171	6.4079998058000758	0.0	6.4079998058000758	1.5112518681490297	0.024796451117543854
2026-07-04	mock_app_id	googleadwords_int	913642206	mc_6fdcae3c	0.0	0	0	0	0.00028280579999999996	0.0	0.00028280579999999996
2026-07-04	mock_app_id	googleadwords_int	972671114	mc_9911559c	0.0755260066	125	4	1	0.0003707049	0.0	0.0003707049	0.0049083079681853589	0.0755260066
2026-07-04	mock_app_id	googleadwords_int	974591165	mc_674dbd59	0.49232186169999992	1260	71	35	0.34809827059999976	0.0	0.34809827059999976	0.70705426201876875	0.014066338905714284
2026-07-04	mock_app_id	googleadwords_int	989105150	mc_58ab9c06	0.0201179188	3	2	1	0.0378564863	0.0	0.0378564863	1.881729749301901	0.0201179188
2026-07-04	mock_app_id	googleadwords_int	998337322	mc_fe944d1c	21.783191652799992	27781	1036	454	21.903372905000129	40.519664696899994	62.42303760190012	2.8656515811298164	0.047980598354185007
2026-07-04	mock_app_id	other		Unattributed	0.0	0	0	1076	16.277546425300173	0.0	16.277546425300173
2026-07-04	mock_app_id	unknown		Unattributed	0.0	0	0	23	0.30529905229999993	491.8344917004	492.1397907527
2026-07-05	mock_app_id	googleadwords_int		Unattributed	0.0	0	0	1070	1.513347339599999	85.308745370499992	86.8220927101
2026-07-05	mock_app_id	googleadwords_int	109075442	mc_df87094f	0.0	0	0	0	0.0	0.0	0.0
2026-07-05	mock_app_id	googleadwords_int	126634786	mc_fb57024c	0.0	0	0	0	5.47777e-05	0.0	5.47777e-05
2026-07-05	mock_app_id	googleadwords_int	140410898	mc_a2e93e84	38.124253551999963	7040	179	75	27.816370840000076	173.161227	200.97759784000007	5.2716467632835	0.50832338069333283
2026-07-05	mock_app_id	googleadwords_int	148918961	mc_993fe179	23.444725554099993	36490	993	277	2.8135113359000021	0.0	2.8135113359000021	0.12000615359764695	0.084637998390252683
2026-07-05	mock_app_id	googleadwords_int	161332031	mc_12520749	0.13065092680000009	1220	69	20	0.048212019400000021	0.0	0.048212019400000021	0.3690139869715795	0.0065325463400000049
2026-07-05	mock_app_id	googleadwords_int	161694703	mc_2c0c0430	47.849501562800029	63948	3354	1095	24.72544102720002	149.958234054	174.68367508120002	3.6506895448416867	0.043698174943196375
2026-07-05	mock_app_id	googleadwords_int	180761354	mc_07fb7039	0.555488579	1611	60	25	0.23250840629999997	0.0	0.23250840629999997	0.41856559268700994	0.02221954316
2026-07-05	mock_app_id	googleadwords_int	199581943	mc_f81bdda1	0.0	0	0	0	0.0	6.5432803424	6.5432803424
2026-07-05	mock_app_id	googleadwords_int	232552584	mc_a5da28b5	16.941985519424097	3647	76	24	12.794471975499999	0.0	12.794471975499999	0.75519318328014462	0.70591606330933743
2026-07-05	mock_app_id	googleadwords_int	243641668	mc_1e8723bd	10.317926312677832	22515	645	232	8.4609571724999935	78.8444672105	87.305424382999988	8.461528192513466	0.044473820313266514
2026-07-05	mock_app_id	googleadwords_int	258346999	mc_8ba2a925	0.0	92	0	0	0.0	0.0	0.0
2026-07-05	mock_app_id	googleadwords_int	261307969	mc_b4ba1e63	0.0	0	0	0	0.1777829362	0.0	0.1777829362
2026-07-05	mock_app_id	googleadwords_int	262368493	mc_c13d8f45	0.0	0	0	10	0.29981491280000006	0.0	0.29981491280000006
2026-07-05	mock_app_id	googleadwords_int	265069104	mc_b8b1eac5	0.0	0	0	0	0.0	0.0	0.0
2026-07-05	mock_app_id	googleadwords_int	280939212	mc_45884f7b	0.9328452088000001	992	20	4	0.56991228639999991	0.0	0.56991228639999991	0.6109398226240853	0.23321130220000003
2026-07-05	mock_app_id	googleadwords_int	324659865	mc_cb530cbb	0.0	0	0	0	0.0065911586000000008	0.0	0.0065911586000000008
2026-07-05	mock_app_id	googleadwords_int	351751429	mc_b7e37028	17.772441300539967	5398	102	54	14.8231182346	0.0	14.8231182346	0.83405076342267292	0.32911928334333274
2026-07-05	mock_app_id	googleadwords_int	369626124	mc_617ec63b	0.32254579780000003	836	16	7	0.19799590749999998	0.0	0.19799590749999998	0.61385362590515191	0.046077971114285722
2026-07-05	mock_app_id	googleadwords_int	369804654	mc_92e554bf	0.3924133346	1224	28	11	1.0723499115000006	0.0	1.0723499115000006	2.7327050763784126	0.03567393950909091
2026-07-05	mock_app_id	googleadwords_int	414724209	mc_5dcabbd9	0.0	0	0	0	0.0	43.287122	43.287122
2026-07-05	mock_app_id	googleadwords_int	429833705	mc_a544a26e	0.0	0	0	0	8.9173e-06	0.0	8.9173e-06
2026-07-05	mock_app_id	googleadwords_int	432166127	mc_f8b84857	4.0971731606000006	3692	113	47	5.183398461899996	0.0	5.183398461899996	1.2651157905029637	0.087173897034042561
2026-07-05	mock_app_id	googleadwords_int	434877610	mc_0dfbbe6f	0.3355828992	1498	33	19	0.40219698190000008	0.0	0.40219698190000008	1.1985026139854031	0.017662257852631581
2026-07-05	mock_app_id	googleadwords_int	448176306	mc_d1c03fd5	0.0	0	0	0	0.11411214030000001	0.0	0.11411214030000001
2026-07-05	mock_app_id	googleadwords_int	458610769	mc_e6a4a79e	0.0	0	0	0	0.0	0.0	0.0
2026-07-05	mock_app_id	googleadwords_int	464541057	mc_d8ff83e7	3.1210675913000014	2901	56	12	1.7679413501999999	0.0	1.7679413501999999	0.56645404128002519	0.26008896594166681
2026-07-05	mock_app_id	googleadwords_int	502057685	mc_befecb98	1.9859129652000005	6243	142	54	1.1510794793000014	0.0	1.1510794793000014	0.57962231954313093	0.03677616602222223
2026-07-05	mock_app_id	googleadwords_int	510225620	mc_10287894	18.805326310800055	158011	6467	2093	5.083482663199967	0.0	5.083482663199967	0.27032142804565323	0.008984866847013882
2026-07-05	mock_app_id	googleadwords_int	513913086	mc_2472b5d9	0.0	0	0	0	0.00028662749999999997	0.0	0.00028662749999999997
2026-07-05	mock_app_id	googleadwords_int	514288304	mc_c95b5395	0.0	0	0	12	0.082668466600000032	0.0	0.082668466600000032
2026-07-05	mock_app_id	googleadwords_int	516932962	mc_60e17b09	0.0	1	0	0	0.0	0.0	0.0
2026-07-05	mock_app_id	googleadwords_int	525989111	mc_c82cc8f4	0.34404700660000015	738	29	13	0.21496680330000004	0.0	0.21496680330000004	0.62481811838557044	0.026465154353846165
2026-07-05	mock_app_id	googleadwords_int	529859974	mc_d2ea5396	2.9428290474000005	10369	322	103	3.0550504193000041	0.0	3.0550504193000041	1.0381338399521207	0.028571155800000005
2026-07-05	mock_app_id	googleadwords_int	532599141	mc_759b1811	0.0	0	0	0	0.038801720100000006	0.0	0.038801720100000006
2026-07-05	mock_app_id	googleadwords_int	542533692	mc_796ef0d2	0.0	0	0	0	0.018867732900000003	0.0	0.018867732900000003
2026-07-05	mock_app_id	googleadwords_int	557162896	mc_b0c8a1e0	0.0	0	0	0	0.0064714119999999993	0.0	0.0064714119999999993
2026-07-05	mock_app_id	googleadwords_int	571438578	mc_756e1c81	0.017868852000000005	88	2	1	0.015535210499999999	0.0	0.015535210499999999	0.86940171086536477	0.017868852000000005
2026-07-05	mock_app_id	googleadwords_int	574617314	mc_a3bfa925	0.0	0	0	0	0.0126944135	0.0	0.0126944135
2026-07-05	mock_app_id	googleadwords_int	585166272	mc_60587c25	0.32086415520185285	411	6	3	0.1923270525	0.0	0.1923270525	0.59940335927834865	0.10695471840061761
2026-07-05	mock_app_id	googleadwords_int	590094865	mc_23f341fc	0.016322822	24	1	1	0.0062484795	0.0	0.0062484795	0.38280632478869153	0.016322822
2026-07-05	mock_app_id	googleadwords_int	611748075	mc_628993e1	0.023135118399999998	118	2	1	0.24184991500000003	0.0	0.24184991500000003	10.453800616814654	0.023135118399999998
2026-07-05	mock_app_id	googleadwords_int	611892113	mc_9bfd19ea	3.0784313387000015	4538	221	90	2.3775088696999997	0.0	2.3775088696999997	0.77231180692956558	0.034204792652222239
2026-07-05	mock_app_id	googleadwords_int	612287821	mc_6b5afb99	0.0	0	0	0	0.0037057751	0.0	0.0037057751
2026-07-05	mock_app_id	googleadwords_int	614391176	mc_c7abcb25	0.0	0	0	0	0.024629582600000005	0.0	0.024629582600000005
2026-07-05	mock_app_id	googleadwords_int	654635500	mc_67ff1f36	3.1393473617999987	3658	223	125	1.2887702346999999	0.0	1.2887702346999999	0.41052170600231425	0.025114778894399989
2026-07-05	mock_app_id	googleadwords_int	660741874	mc_7e7497dd	0.1813314176	297	7	2	0.2242331519	0.0	0.2242331519	1.2365929460422418	0.0906657088
2026-07-05	mock_app_id	googleadwords_int	739276167	mc_1fbdf2e3	46.867794677775038	5582	139	65	44.472563657899229	39.465422000000004	83.937985657899233	1.7909523209911791	0.72104299504269287
2026-07-05	mock_app_id	googleadwords_int	742036733	mc_e0586969	0.815751073976522	56	2	3	1.2103527724	0.0	1.2103527724	1.4837280771202943	0.27191702465884066
2026-07-05	mock_app_id	googleadwords_int	752644188	mc_4245cf49	0.0	0	0	0	0.0	0.0	0.0
2026-07-05	mock_app_id	googleadwords_int	770142071	mc_13d78e8d	0.0	0	0	0	0.009010294700000001	0.0	0.009010294700000001
2026-07-05	mock_app_id	googleadwords_int	788967442	mc_475f8981	0.2804042748	157	7	4	0.21116293790000001	0.0	0.21116293790000001	0.7530660438419251	0.0701010687
2026-07-05	mock_app_id	googleadwords_int	792104306	mc_6fcee95d	43.740061060999921	32614	1576	706	16.388057250300193	27.429017340900003	43.817074591200196	1.001760709252163	0.061954760709631615
2026-07-05	mock_app_id	googleadwords_int	807898159	mc_ce3403c4	0.0	0	0	0	0.5444342864	38.204261	38.7486952864
2026-07-05	mock_app_id	googleadwords_int	810543724	mc_c492b014	1.1541097676	284	12	5	2.0017746125	38.0703371669	40.072111779400004	34.72123094732224	0.23082195352
2026-07-05	mock_app_id	googleadwords_int	822177103	mc_96cf8fb0	0.0	0	0	0	6.3695e-06	0.0	6.3695e-06
2026-07-05	mock_app_id	googleadwords_int	833789410	mc_970b80f7	0.0	0	0	0	1.3562194179999942	-20.002675888	-18.646456470000004
2026-07-05	mock_app_id	googleadwords_int	834117318	mc_ae804aae	0.0	0	0	1	0.0	0.0	0.0
2026-07-05	mock_app_id	googleadwords_int	889798464	mc_2254e49d	0.0	0	0	0	2.16563e-05	0.0	2.16563e-05
2026-07-05	mock_app_id	googleadwords_int	900383572	mc_45368c6d	3.9640388214000022	14144	368	149	4.8426697028000207	0.0	4.8426697028000207	1.2216504229617275	0.026604287391946323
2026-07-05	mock_app_id	googleadwords_int	968884154	mc_90337527	0.0	0	0	0	0.1000826796	0.0	0.1000826796
2026-07-05	mock_app_id	googleadwords_int	972671114	mc_9911559c	0.0036762966	69	1	0	0.0132332732	0.0	0.0132332732	3.5996206617278919
2026-07-05	mock_app_id	googleadwords_int	974591165	mc_674dbd59	0.5376457654	1415	65	23	0.26913430519999981	0.0	0.26913430519999981	0.500579233614475	0.02337590284347826
2026-07-05	mock_app_id	googleadwords_int	989105150	mc_58ab9c06	0.0	2	0	0	0.0	0.0	0.0
2026-07-05	mock_app_id	googleadwords_int	998337322	mc_fe944d1c	25.398848887700012	28701	1163	441	21.098754734800238	101.2180315099	122.31678624470024	4.8158397565779056	0.057593761650113408
2026-07-05	mock_app_id	other		Unattributed	0.0	0	0	1765	14.702856979000593	0.0	14.702856979000593
2026-07-05	mock_app_id	unknown		Unattributed	0.0	0	0	24	0.16388723499999994	168.5435586108	168.7074458458
2026-07-06	mock_app_id	googleadwords_int		Unattributed	0.0	0	0	1274	4.0077722034999992	110.5706664525	114.578438656
2026-07-06	mock_app_id	googleadwords_int	109075442	mc_df87094f	0.0	0	0	0	0.0	75.121883	75.121883
2026-07-06	mock_app_id	googleadwords_int	126634786	mc_fb57024c	0.0	0	0	0	0.0012955563000000003	0.0	0.0012955563000000003
2026-07-06	mock_app_id	googleadwords_int	140410898	mc_a2e93e84	31.161504835700004	7823	184	73	20.913330946401004	66.204583	87.117913946401	2.7956902083430468	0.42686992925616446
2026-07-06	mock_app_id	googleadwords_int	148918961	mc_993fe179	16.58333049609999	24281	657	214	2.6016528486000023	0.0	2.6016528486000023	0.15688361570143283	0.0774921985799065
2026-07-06	mock_app_id	googleadwords_int	161332031	mc_12520749	0.15545982610000009	1210	65	19	0.0837410904	0.0	0.0837410904	0.53866707882545317	0.00818209611052632
2026-07-06	mock_app_id	googleadwords_int	161694703	mc_2c0c0430	44.316867766300014	62302	3170	1018	18.333438857600079	34.6511233241	52.984562181700078	1.1955845449436582	0.043533268925638517
2026-07-06	mock_app_id	googleadwords_int	180761354	mc_07fb7039	0.6306354014	1676	72	37	0.47292008820000003	0.0	0.47292008820000003	0.749910466729469	0.017044200037837836
2026-07-06	mock_app_id	googleadwords_int	199581943	mc_f81bdda1	0.0	0	0	0	0.0018369638	0.0	0.0018369638
2026-07-06	mock_app_id	googleadwords_int	232146533	mc_a35fcde2	0.0	0	0	0	0.0012675305	0.0	0.0012675305
2026-07-06	mock_app_id	googleadwords_int	232552584	mc_a5da28b5	20.485810539906886	2870	72	33	12.33398642520001	0.0	12.33398642520001	0.60207461165244536	0.620782137572936
2026-07-06	mock_app_id	googleadwords_int	240191289	mc_149c320f	0.0	0	0	0	0.025339144900000003	0.0	0.025339144900000003
2026-07-06	mock_app_id	googleadwords_int	243641668	mc_1e8723bd	7.6759176910720166	17480	495	222	8.5334650127000131	39.4365210307	47.969986043400013	6.2494138126565213	0.034576205815639714
2026-07-06	mock_app_id	googleadwords_int	258346999	mc_8ba2a925	0.1613965813	57	2	1	0.0	0.0	0.0	0.0	0.1613965813
2026-07-06	mock_app_id	googleadwords_int	261307969	mc_b4ba1e63	0.0	0	0	0	0.09093352980000001	0.0	0.09093352980000001
2026-07-06	mock_app_id	googleadwords_int	262368493	mc_c13d8f45	0.0	0	0	21	0.21520247480000013	77.38891544	77.6041179148
2026-07-06	mock_app_id	googleadwords_int	265069104	mc_b8b1eac5	0.0	0	0	0	0.0008051048	0.0	0.0008051048
2026-07-06	mock_app_id	googleadwords_int	280939212	mc_45884f7b	1.0949350625	845	19	6	0.5897048707	0.0	0.5897048707	0.538575200390023	0.18248917708333334
2026-07-06	mock_app_id	googleadwords_int	300652860	mc_a0dc7a81	0.0	0	0	0	0.0	0.0	0.0
2026-07-06	mock_app_id	googleadwords_int	303460318	mc_483107f1	0.0	0	0	0	0.0060790508	0.0	0.0060790508
2026-07-06	mock_app_id	googleadwords_int	351751429	mc_b7e37028	17.672218394637142	5004	111	44	12.30165739100001	0.0	12.30165739100001	0.6961014806569561	0.40164132715084411
2026-07-06	mock_app_id	googleadwords_int	369626124	mc_617ec63b	0.4216487619	886	18	9	0.45036314089999985	0.0	0.45036314089999985	1.0681002331670781	0.046849862433333334
2026-07-06	mock_app_id	googleadwords_int	369804654	mc_92e554bf	0.3067095684	1362	24	10	0.5851099134	0.0	0.5851099134	1.9077002274572661	0.030670956840000003
2026-07-06	mock_app_id	googleadwords_int	414724209	mc_5dcabbd9	0.0	0	0	0	0.89001533059999993	0.0	0.89001533059999993
2026-07-06	mock_app_id	googleadwords_int	429833705	mc_a544a26e	0.0	0	0	0	0.0026407946999999991	0.0	0.0026407946999999991
2026-07-06	mock_app_id	googleadwords_int	432166127	mc_f8b84857	3.3047912869000005	3355	88	46	6.3611967198000032	0.0	6.3611967198000032	1.924840683590342	0.071843288845652178
2026-07-06	mock_app_id	googleadwords_int	434877610	mc_0dfbbe6f	0.30816283659999993	1506	30	14	0.4258736873	0.0	0.4258736873	1.3819761396238397	0.022011631185714281
2026-07-06	mock_app_id	googleadwords_int	448176306	mc_d1c03fd5	0.0	0	0	0	0.0481929109	93.5547089878	93.6029018987
2026-07-06	mock_app_id	googleadwords_int	458610769	mc_e6a4a79e	0.0	0	0	0	0.0	43.287122	43.287122
2026-07-06	mock_app_id	googleadwords_int	464541057	mc_d8ff83e7	2.2869738282	2406	43	10	1.9200946922999997	0.0	1.9200946922999997	0.83957877813199189	0.22869738282
2026-07-06	mock_app_id	googleadwords_int	502057685	mc_befecb98	1.6316784345999995	5426	125	52	0.9849514541999983	0.0	0.9849514541999983	0.603643115772046	0.031378431434615377
2026-07-06	mock_app_id	googleadwords_int	510225620	mc_10287894	17.080017044600027	143827	5245	1758	4.4378472130000031	0.0	4.4378472130000031	0.2598268609107191	0.0097155955885096859
2026-07-06	mock_app_id	googleadwords_int	513499437	mc_c9d56aa3	0.0	0	0	0	0.0063300091000000006	0.0	0.0063300091000000006
2026-07-06	mock_app_id	googleadwords_int	513913086	mc_2472b5d9	0.0	0	0	0	0.0001426768	0.0	0.0001426768
2026-07-06	mock_app_id	googleadwords_int	514288304	mc_c95b5395	0.0	0	0	12	0.0086918197	0.0	0.0086918197
2026-07-06	mock_app_id	googleadwords_int	525989111	mc_c82cc8f4	0.3405993597	739	34	15	0.11865104600000001	0.0	0.11865104600000001	0.34835956856908917	0.02270662398
2026-07-06	mock_app_id	googleadwords_int	529859974	mc_d2ea5396	2.0013846569999991	8966	266	85	2.4962248845999695	0.0	2.4962248845999695	1.2472489363147798	0.023545701847058814
2026-07-06	mock_app_id	googleadwords_int	532599141	mc_759b1811	0.0	0	0	0	0.0195454477	0.0	0.0195454477
2026-07-06	mock_app_id	googleadwords_int	542533692	mc_796ef0d2	0.0	0	0	0	0.0125644757	0.0	0.0125644757
2026-07-06	mock_app_id	googleadwords_int	555249599	mc_e731112f	0.0	0	0	0	0.0074637800999999993	0.0	0.0074637800999999993
2026-07-06	mock_app_id	googleadwords_int	557162896	mc_b0c8a1e0	0.0	0	0	0	0.064702654899999962	0.0	0.064702654899999962
2026-07-06	mock_app_id	googleadwords_int	571438578	mc_756e1c81	0.015605138599999999	71	4	2	0.018588748800000006	0.0	0.018588748800000006	1.1911940852611209	0.0078025692999999993
2026-07-06	mock_app_id	googleadwords_int	574617314	mc_a3bfa925	0.0	0	0	0	0.035711238700000023	21.643561	21.679272238699998
2026-07-06	mock_app_id	googleadwords_int	585166272	mc_60587c25	0.44112466998196553	395	10	2	0.3629761487	0.0	0.3629761487	0.82284255087079927	0.22056233499098277
2026-07-06	mock_app_id	googleadwords_int	590094865	mc_23f341fc	0.058152697899999994	31	5	2	0.0030484427000000004	0.0	0.0030484427000000004	0.05242134604386086	0.029076348949999997
2026-07-06	mock_app_id	googleadwords_int	611748075	mc_628993e1	0.1598562472	59	3	1	0.3506932049	0.0	0.3506932049	2.1938035644064589	0.1598562472
2026-07-06	mock_app_id	googleadwords_int	611892113	mc_9bfd19ea	2.3052828919000006	4150	197	75	1.3104864079999976	0.0	1.3104864079999976	0.56847097274031411	0.030737105225333339
2026-07-06	mock_app_id	googleadwords_int	612287821	mc_6b5afb99	0.0	0	0	0	0.013789967500000002	0.0	0.013789967500000002
2026-07-06	mock_app_id	googleadwords_int	654635500	mc_67ff1f36	2.5622631847999995	3043	165	90	0.98568139889999973	0.0	0.98568139889999973	0.38469170721700796	0.028469590942222216
2026-07-06	mock_app_id	googleadwords_int	660741874	mc_7e7497dd	0.0202001025	104	2	1	0.1485966133	0.0	0.1485966133	7.3562306577404746	0.0202001025
2026-07-06	mock_app_id	googleadwords_int	739276167	mc_1fbdf2e3	46.9333916932708	6123	155	65	39.799360872099967	0.0	39.799360872099967	0.84799669140055578	0.72205217989647386
2026-07-06	mock_app_id	googleadwords_int	742036733	mc_e0586969	1.8728787729071505	50	3	0	0.0	0.0	0.0	0.0
2026-07-06	mock_app_id	googleadwords_int	752644188	mc_4245cf49	0.0	0	0	0	0.0	0.0	0.0
2026-07-06	mock_app_id	googleadwords_int	770142071	mc_13d78e8d	0.0	0	0	0	0.0058140796000000008	0.0	0.0058140796000000008
2026-07-06	mock_app_id	googleadwords_int	788967442	mc_475f8981	0.1659231944	93	2	1	0.0013172126	0.0	0.0013172126	0.00793868876960339	0.1659231944
2026-07-06	mock_app_id	googleadwords_int	792104306	mc_6fcee95d	39.746039835699975	27261	1390	665	12.798869478300084	-2.9701373409000027	9.8287321374000811	0.24728833810939557	0.059768480955939812
2026-07-06	mock_app_id	googleadwords_int	807898159	mc_ce3403c4	0.0	0	0	0	0.16451526770000002	0.0	0.16451526770000002
2026-07-06	mock_app_id	googleadwords_int	810543724	mc_c492b014	1.510723557	251	6	1	0.5388163874	0.0	0.5388163874	0.35666114088403011	1.510723557
2026-07-06	mock_app_id	googleadwords_int	821866242	mc_e6535e2b	0.0	0	0	0	0.0	0.0	0.0
2026-07-06	mock_app_id	googleadwords_int	833789410	mc_970b80f7	0.0	0	0	0	0.70736354859999984	158.7634002804	159.470763829
2026-07-06	mock_app_id	googleadwords_int	834117318	mc_ae804aae	0.0	0	0	2	0.0	0.0	0.0
2026-07-06	mock_app_id	googleadwords_int	848321939	mc_c41abc99	9.35755e-05	4	0	0	0.0	0.0	0.0	0.0
2026-07-06	mock_app_id	googleadwords_int	889798464	mc_2254e49d	0.0	0	0	0	0.013349198100000003	0.0	0.013349198100000003
2026-07-06	mock_app_id	googleadwords_int	900383572	mc_45368c6d	3.2903123090999995	12037	341	129	5.5955624374000079	0.0	5.5955624374000079	1.7006174222198878	0.025506296969767438
2026-07-06	mock_app_id	googleadwords_int	914138760	mc_0365d47f	0.0	0	0	0	0.0175441508	0.0	0.0175441508
2026-07-06	mock_app_id	googleadwords_int	953724624	mc_6aedfff8	0.0	0	0	0	0.067404596800000008	0.0	0.067404596800000008
2026-07-06	mock_app_id	googleadwords_int	968884154	mc_90337527	0.0	0	0	0	0.0	0.0	0.0
2026-07-06	mock_app_id	googleadwords_int	972671114	mc_9911559c	0.0095137804	95	1	1	0.0	0.0	0.0	0.0	0.0095137804
2026-07-06	mock_app_id	googleadwords_int	974591165	mc_674dbd59	0.43677056270000009	1480	55	29	0.36114937609999981	0.0	0.36114937609999981	0.82686290455902045	0.015061053886206899
2026-07-06	mock_app_id	googleadwords_int	989105150	mc_58ab9c06	0.0	2	0	0	0.0	0.0	0.0
2026-07-06	mock_app_id	googleadwords_int	998337322	mc_fe944d1c	23.107062024000008	26476	1040	447	23.695221536499893	0.0	23.695221536499893	1.0254536691808329	0.051693651060402704
2026-07-06	mock_app_id	other		Unattributed	0.0	0	0	1162	11.866193784500091	21.643561	33.509754784500089
2026-07-06	mock_app_id	unknown		Unattributed	0.0	0	0	25	0.24511619460000006	352.38759126419995	352.63270745879993
2026-07-07	mock_app_id	googleadwords_int		Unattributed	0.0	0	0	944	2.2100419756999949	99.648300082400013	101.8583420581
2026-07-07	mock_app_id	googleadwords_int	109075442	mc_df87094f	0.0	0	0	0	0.29447727179999961	25.465260999999998	25.759738271799996
2026-07-07	mock_app_id	googleadwords_int	126634786	mc_fb57024c	0.0	0	0	0	0.781461216	0.0	0.781461216
2026-07-07	mock_app_id	googleadwords_int	140410898	mc_a2e93e84	38.836836680399948	8403	228	95	28.911802545600153	136.256344	165.16814654560017	4.2528733198540012	0.40880880716210471
2026-07-07	mock_app_id	googleadwords_int	148918961	mc_993fe179	16.182337508699991	24897	611	187	2.2376359236000019	35.1462360242	37.3838719478	2.3101651370020919	0.086536564217647008
2026-07-07	mock_app_id	googleadwords_int	161332031	mc_12520749	0.21474844920000008	1551	78	27	0.10013236170000003	0.0	0.10013236170000003	0.46627746124836739	0.00795364626666667
2026-07-07	mock_app_id	googleadwords_int	161694703	mc_2c0c0430	38.088679401700013	59574	2933	890	18.536321445500118	-16.508434430799998	2.02788701470012	0.053241200444707711	0.042796268990674173
2026-07-07	mock_app_id	googleadwords_int	180761354	mc_07fb7039	0.7597752873	1536	73	26	0.29336133540000026	0.0	0.29336133540000026	0.386115921778021	0.029222126434615383
2026-07-07	mock_app_id	googleadwords_int	199581943	mc_f81bdda1	0.0	0	0	0	0.017694471	0.0	0.017694471
2026-07-07	mock_app_id	googleadwords_int	232552584	mc_a5da28b5	18.835879543175675	3036	56	25	8.2752493044000026	45.1096041048	53.384853409200005	2.8342108095791883	0.75343518172702706
2026-07-07	mock_app_id	googleadwords_int	243641668	mc_1e8723bd	10.256700622550033	20351	626	258	10.061155192399935	6.1950126431	16.256167835499937	1.5849314934433867	0.039754653575775324
2026-07-07	mock_app_id	googleadwords_int	258346999	mc_8ba2a925	0.0	81	0	0	0.0	0.0	0.0
2026-07-07	mock_app_id	googleadwords_int	261307969	mc_b4ba1e63	0.0	0	0	0	1.1034368932	-26.9582539654	-25.8548170722
2026-07-07	mock_app_id	googleadwords_int	262368493	mc_c13d8f45	0.0	0	0	11	0.28106947429999984	83.6073207088	83.8883901831
2026-07-07	mock_app_id	googleadwords_int	265069104	mc_b8b1eac5	0.0	0	0	0	1.2739e-05	0.0	1.2739e-05
2026-07-07	mock_app_id	googleadwords_int	280939212	mc_45884f7b	0.7899554203	829	19	3	1.0910367505999996	0.0	1.0910367505999996	1.381137115542113	0.26331847343333331
2026-07-07	mock_app_id	googleadwords_int	303460318	mc_483107f1	0.0	0	0	0	0.0	0.0	0.0
2026-07-07	mock_app_id	googleadwords_int	351751429	mc_b7e37028	24.185709925086829	5400	129	55	15.607408782500013	0.0	15.607408782500013	0.645315305229519	0.43974018045612417
2026-07-07	mock_app_id	googleadwords_int	369626124	mc_617ec63b	0.48219780630000009	874	21	7	0.3177705333	0.0	0.3177705333	0.659004518785178	0.068885400900000018
2026-07-07	mock_app_id	googleadwords_int	369804654	mc_92e554bf	0.26496268990000005	1252	20	7	0.4191411258	0.0	0.4191411258	1.5818873440565866	0.037851812842857151
2026-07-07	mock_app_id	googleadwords_int	414724209	mc_5dcabbd9	0.0	0	0	0	0.52284040749999994	38.204261	38.7271014075
2026-07-07	mock_app_id	googleadwords_int	429833705	mc_a544a26e	0.0	0	0	0	0.020834634500000004	49.5475545037	49.5683891382
2026-07-07	mock_app_id	googleadwords_int	432166127	mc_f8b84857	4.1832577384	3444	114	46	3.5871011238000023	0.0	3.5871011238000023	0.85748986749546685	0.0909403856173913
2026-07-07	mock_app_id	googleadwords_int	434877610	mc_0dfbbe6f	0.54269802870000006	1506	44	14	0.29921872759999996	0.0	0.29921872759999996	0.55135399757533687	0.038764144907142861
2026-07-07	mock_app_id	googleadwords_int	448176306	mc_d1c03fd5	0.0	0	0	0	0.6499743536	45.1491969168	45.7991712704
2026-07-07	mock_app_id	googleadwords_int	464541057	mc_d8ff83e7	3.3808746779999987	2472	59	20	2.4121640453000026	0.0	2.4121640453000026	0.71347336859198529	0.16904373389999994
2026-07-07	mock_app_id	googleadwords_int	502057685	mc_befecb98	1.8202200479	5405	124	38	0.92392017909999946	0.0	0.92392017909999946	0.50758708001592023	0.047900527576315785
2026-07-07	mock_app_id	googleadwords_int	510225620	mc_10287894	15.182751812200012	138700	5336	1727	4.3263529372000153	44.158469600000004	48.484822537200017	3.1934146811410247	0.0087914023232194619
2026-07-07	mock_app_id	googleadwords_int	514288304	mc_c95b5395	0.0	0	0	17	0.087637950500000034	0.0	0.087637950500000034
2026-07-07	mock_app_id	googleadwords_int	525989111	mc_c82cc8f4	0.7677226952	1069	44	17	0.20468388250000003	0.0	0.20468388250000003	0.26661173856098869	0.045160158541176471
2026-07-07	mock_app_id	googleadwords_int	529859974	mc_d2ea5396	2.2054012169000012	8968	254	74	1.6900309001000051	0.0	1.6900309001000051	0.766314486066884	0.029802719147297315
2026-07-07	mock_app_id	googleadwords_int	532599141	mc_759b1811	0.0	0	0	0	0.013037092599999998	0.0	0.013037092599999998
2026-07-07	mock_app_id	googleadwords_int	542533692	mc_796ef0d2	0.0	0	0	0	0.0	0.0	0.0
2026-07-07	mock_app_id	googleadwords_int	544153460	mc_21ff68ff	0.0	0	0	0	4.33126e-05	0.0	4.33126e-05
2026-07-07	mock_app_id	googleadwords_int	557162896	mc_b0c8a1e0	0.0	0	0	1	0.14552269260000003	0.0	0.14552269260000003
2026-07-07	mock_app_id	googleadwords_int	562523633	mc_13ddbb14	0.0	0	0	0	0.019567104000000002	0.0	0.019567104000000002
2026-07-07	mock_app_id	googleadwords_int	571438578	mc_756e1c81	0.032550441099999994	52	4	2	0.021074127700000004	0.0	0.021074127700000004	0.64742986539743108	0.016275220549999997
2026-07-07	mock_app_id	googleadwords_int	574617314	mc_a3bfa925	0.0	0	0	0	0.0022127643	0.0	0.0022127643
2026-07-07	mock_app_id	googleadwords_int	585166272	mc_60587c25	0.75302684029906386	374	9	2	0.2135604177	0.0	0.2135604177	0.28360266363837006	0.37651342014953193
2026-07-07	mock_app_id	googleadwords_int	590094865	mc_23f341fc	0.0303680977	28	3	1	0.0083924532	0.0	0.0083924532	0.27635755399983453	0.0303680977
2026-07-07	mock_app_id	googleadwords_int	611748075	mc_628993e1	0.031346978799999994	76	1	0	0.0	0.0	0.0	0.0
2026-07-07	mock_app_id	googleadwords_int	611892113	mc_9bfd19ea	2.7607661135000017	3868	166	59	1.187152505599999	7.1154028453	8.3025553508999987	3.00733745980905	0.046792645991525453
2026-07-07	mock_app_id	googleadwords_int	612287821	mc_6b5afb99	0.0	0	0	0	0.020255009999999997	0.0	0.020255009999999997
2026-07-07	mock_app_id	googleadwords_int	614391176	mc_c7abcb25	0.0	0	0	0	0.008225572300000001	0.0	0.008225572300000001
2026-07-07	mock_app_id	googleadwords_int	654635500	mc_67ff1f36	1.9824197510999997	2566	147	74	0.892670138200002	0.0	0.892670138200002	0.45029320238798043	0.026789456095945942
2026-07-07	mock_app_id	googleadwords_int	660741874	mc_7e7497dd	0.0	29	0	0	0.0	0.0	0.0
2026-07-07	mock_app_id	googleadwords_int	693949602	mc_cc915a95	0.0	0	0	0	0.019163277700000002	0.0	0.019163277700000002
2026-07-07	mock_app_id	googleadwords_int	739276167	mc_1fbdf2e3	47.641080817120482	7252	171	65	35.514526883699986	38.204261	73.718787883699989	1.5473785778849947	0.73293970487877669
2026-07-07	mock_app_id	googleadwords_int	742036733	mc_e0586969	0.0011395574733855994	33	0	0	0.0	0.0	0.0	0.0
2026-07-07	mock_app_id	googleadwords_int	788967442	mc_475f8981	0.1811515899	112	5	1	0.049576366300000008	0.0	0.049576366300000008	0.27367337116592433	0.1811515899
2026-07-07	mock_app_id	googleadwords_int	792104306	mc_6fcee95d	42.59789478199999	29923	1558	716	16.452516590300114	43.066525832599993	59.519042422900107	1.3972296689189967	0.059494266455307247
2026-07-07	mock_app_id	googleadwords_int	807692205	mc_e4bf86e4	0.0	0	0	0	0.0101453396	0.0	0.0101453396
2026-07-07	mock_app_id	googleadwords_int	807898159	mc_ce3403c4	0.0	0	0	0	0.0384310152	21.643561	21.6819920152
2026-07-07	mock_app_id	googleadwords_int	810543724	mc_c492b014	0.75570271880000006	276	4	3	0.6310811427	0.0	0.6310811427	0.83509179866669014	0.25190090626666667
2026-07-07	mock_app_id	googleadwords_int	821866242	mc_e6535e2b	0.0	0	0	0	0.0	0.0	0.0
2026-07-07	mock_app_id	googleadwords_int	822177103	mc_96cf8fb0	0.0	0	0	0	0.0085784426000000014	0.0	0.0085784426000000014
2026-07-07	mock_app_id	googleadwords_int	833789410	mc_970b80f7	0.0	0	0	0	1.0253697534000019	-108.97853349350001	-107.95316374010001
2026-07-07	mock_app_id	googleadwords_int	834117318	mc_ae804aae	0.0	0	0	1	0.0	0.0	0.0
2026-07-07	mock_app_id	googleadwords_int	889798464	mc_2254e49d	0.0	0	0	0	0.0027720064	0.0	0.0027720064
2026-07-07	mock_app_id	googleadwords_int	900383572	mc_45368c6d	4.4279495339	12574	356	134	6.1374629367000084	0.0	6.1374629367000084	1.3860733709162947	0.033044399506716414
2026-07-07	mock_app_id	googleadwords_int	914138760	mc_0365d47f	0.0	0	0	0	0.0099376939	0.0	0.0099376939
2026-07-07	mock_app_id	googleadwords_int	972671114	mc_9911559c	0.011993937999999999	95	2	0	0.0	0.0	0.0	0.0
2026-07-07	mock_app_id	googleadwords_int	974591165	mc_674dbd59	0.66961244510000018	1573	76	39	0.4786488164999998	0.0	0.4786488164999998	0.71481469617626092	0.01716954987435898
2026-07-07	mock_app_id	googleadwords_int	976430758	mc_989b490b	0.0	0	0	0	1.2739e-06	0.0	1.2739e-06
2026-07-07	mock_app_id	googleadwords_int	989105150	mc_58ab9c06	0.0	5	0	0	0.0	0.0	0.0
2026-07-07	mock_app_id	googleadwords_int	998337322	mc_fe944d1c	23.720810709300004	26377	1023	455	23.436464420700052	253.0024814696	276.43894589030009	11.653857419886545	0.052133649910549459
2026-07-07	mock_app_id	other		Unattributed	0.0	0	0	2270	20.1001763723002	21.643561	41.7437373723002
2026-07-07	mock_app_id	unknown		Unattributed	0.0	0	0	24	0.21707128609999998	140.8459967804	141.0630680665
2026-07-08	mock_app_id	googleadwords_int		Unattributed	0.0	0	0	1022	3.4267349484000027	6.3567610000000005	9.7834959484000024
2026-07-08	mock_app_id	googleadwords_int	109075442	mc_df87094f	0.0	0	0	0	0.0019172195000000001	0.0	0.0019172195000000001
2026-07-08	mock_app_id	googleadwords_int	126634786	mc_fb57024c	0.0	0	0	0	0.0	0.0	0.0
2026-07-08	mock_app_id	googleadwords_int	140410898	mc_a2e93e84	38.091322299299989	8344	221	85	47.038171505999976	164.256666	211.29483750599996	5.547059664817227	0.44813320352117636
2026-07-08	mock_app_id	googleadwords_int	148918961	mc_993fe179	15.900530415100006	29262	692	195	2.5645734413000012	35.0221466991	37.5867201404	2.3638658056781305	0.081541181615897462
2026-07-08	mock_app_id	googleadwords_int	161332031	mc_12520749	0.25636106719999996	1327	81	31	0.0610593009	0.0	0.0610593009	0.23817696488353521	0.0082697118451612889
2026-07-08	mock_app_id	googleadwords_int	161694703	mc_2c0c0430	52.418143081500006	66465	3200	1106	26.002641702100284	14.24110135039999	40.243743052500278	0.76774453818268784	0.047394342750000006
2026-07-08	mock_app_id	googleadwords_int	180761354	mc_07fb7039	0.19087123640000006	1030	28	17	0.19957299569999998	0.0	0.19957299569999998	1.0455896837266985	0.011227719788235297
2026-07-08	mock_app_id	googleadwords_int	199581943	mc_f81bdda1	0.0	0	0	0	0.0061745933	0.0	0.0061745933
2026-07-08	mock_app_id	googleadwords_int	232552584	mc_a5da28b5	18.431736778506963	3015	64	29	9.2462413624000011	0.0	9.2462413624000011	0.501647862787512	0.63557713029334351
2026-07-08	mock_app_id	googleadwords_int	240191289	mc_149c320f	0.0	0	0	0	8.15296e-05	0.0	8.15296e-05
2026-07-08	mock_app_id	googleadwords_int	243641668	mc_1e8723bd	9.5735248724938469	20563	563	219	7.4529927147999881	6.1588555394	13.611848254199987	1.4218219971735637	0.043714725445177384
2026-07-08	mock_app_id	googleadwords_int	258346999	mc_8ba2a925	0.0	60	0	0	0.0	0.0	0.0
2026-07-08	mock_app_id	googleadwords_int	261307969	mc_b4ba1e63	0.0	0	0	0	0.1067617373	0.0	0.1067617373
2026-07-08	mock_app_id	googleadwords_int	262368493	mc_c13d8f45	0.0	0	0	10	0.066221143700000012	0.0	0.066221143700000012
2026-07-08	mock_app_id	googleadwords_int	265069104	mc_b8b1eac5	0.0	0	0	0	0.0080867172000000011	0.0	0.0080867172000000011
2026-07-08	mock_app_id	googleadwords_int	280939212	mc_45884f7b	0.46932751339999995	958	17	3	0.0676682941	0.0	0.0676682941	0.14418139181694947	0.15644250446666666
2026-07-08	mock_app_id	googleadwords_int	324659865	mc_cb530cbb	0.0	0	0	0	0.0022382422999999998	0.0	0.0022382422999999998
2026-07-08	mock_app_id	googleadwords_int	351751429	mc_b7e37028	28.570066050090482	5692	134	46	15.066293005600011	45.1096041048	60.175897110400008	2.1062568425602022	0.62108839239327129
2026-07-08	mock_app_id	googleadwords_int	369626124	mc_617ec63b	0.59282520350000023	812	22	8	1.1027553566999997	0.0	1.1027553566999997	1.8601694904153974	0.074103150437500029
2026-07-08	mock_app_id	googleadwords_int	369804654	mc_92e554bf	0.36829119809999994	1250	26	9	1.1761065187000002	0.0	1.1761065187000002	3.1934146804688472	0.040921244233333327
2026-07-08	mock_app_id	googleadwords_int	414724209	mc_5dcabbd9	0.0	0	0	0	1.4709099089	76.408522	77.8794319089
2026-07-08	mock_app_id	googleadwords_int	429833705	mc_a544a26e	0.0	0	0	0	0.0067758741	0.0	0.0067758741
2026-07-08	mock_app_id	googleadwords_int	432166127	mc_f8b84857	4.0378511757999993	3383	111	53	6.4216713006000052	0.0	6.4216713006000052	1.5903684957699591	0.076185871241509426
2026-07-08	mock_app_id	googleadwords_int	434877610	mc_0dfbbe6f	0.3777179126	1586	29	12	0.30990420079999986	0.0	0.30990420079999986	0.82046466546103614	0.031476492716666665
2026-07-08	mock_app_id	googleadwords_int	448176306	mc_d1c03fd5	0.0	0	0	0	0.083916888600000017	22.1080402268	22.1919571154
2026-07-08	mock_app_id	googleadwords_int	458610769	mc_e6a4a79e	0.0	0	0	0	0.0020229532	0.0	0.0020229532
2026-07-08	mock_app_id	googleadwords_int	464541057	mc_d8ff83e7	3.0656912377999994	2733	64	15	2.4029295441999996	0.0	2.4029295441999996	0.78381329292782576	0.2043794158533333
2026-07-08	mock_app_id	googleadwords_int	471019676	mc_bf7e489c	0.0	0	0	0	0.0144192741	0.0	0.0144192741
2026-07-08	mock_app_id	googleadwords_int	502057685	mc_befecb98	1.3871070666999996	4978	117	46	0.960167729700001	0.0	0.960167729700001	0.69220880835413112	0.030154501449999992
2026-07-08	mock_app_id	googleadwords_int	510225620	mc_10287894	21.149384448800028	151661	6081	1991	5.081311937600006	0.0	5.081311937600006	0.24025814793339337	0.010622493444902074
2026-07-08	mock_app_id	googleadwords_int	514288304	mc_c95b5395	0.0	0	0	6	0.0038306173000000002	0.0	0.0038306173000000002
2026-07-08	mock_app_id	googleadwords_int	525989111	mc_c82cc8f4	0.3334363586000002	854	38	16	0.34460268900000007	0.0	0.34460268900000007	1.0334886406715931	0.020839772412500013
2026-07-08	mock_app_id	googleadwords_int	529859974	mc_d2ea5396	2.0110245609000006	8696	264	98	2.0158715899000046	0.0	2.0158715899000046	1.0024102286437688	0.020520658784693883
2026-07-08	mock_app_id	googleadwords_int	542533692	mc_796ef0d2	0.0	0	0	0	7.26123e-05	0.0	7.26123e-05
2026-07-08	mock_app_id	googleadwords_int	544153460	mc_21ff68ff	0.0	0	0	0	0.0	46.7814118654	46.7814118654
2026-07-08	mock_app_id	googleadwords_int	557162896	mc_b0c8a1e0	0.0	0	0	0	0.017505933799999998	0.0	0.017505933799999998
2026-07-08	mock_app_id	googleadwords_int	571438578	mc_756e1c81	0.040685	35	5	1	0.0019516148	0.0	0.0019516148	0.047968902543935113	0.040685
2026-07-08	mock_app_id	googleadwords_int	585166272	mc_60587c25	0.1842699085825813	443	4	1	0.12274790840000004	0.0	0.12274790840000004	0.66613105386650839	0.1842699085825813
2026-07-08	mock_app_id	googleadwords_int	586123444	mc_e23241e2	0.0	0	0	0	0.0010751716	0.0	0.0010751716
2026-07-08	mock_app_id	googleadwords_int	590094865	mc_23f341fc	0.0	18	0	0	0.013345376400000001	0.0	0.013345376400000001
2026-07-08	mock_app_id	googleadwords_int	611748075	mc_628993e1	0.0006843217	61	0	0	0.0	0.0	0.0	0.0
2026-07-08	mock_app_id	googleadwords_int	611892113	mc_9bfd19ea	1.4400244187999991	3369	119	59	0.87357437719999953	0.0	0.87357437719999953	0.60663858598173381	0.024407193538983036
2026-07-08	mock_app_id	googleadwords_int	612287821	mc_6b5afb99	0.0	0	0	0	0.011710962699999997	0.0	0.011710962699999997
2026-07-08	mock_app_id	googleadwords_int	615544794	mc_8c2380d2	0.0	0	0	0	0.0147033538	0.0	0.0147033538
2026-07-08	mock_app_id	googleadwords_int	654635500	mc_67ff1f36	2.2050391204	2868	174	86	0.9407203722999995	0.0	0.9407203722999995	0.42662298532343063	0.025639989772093023
2026-07-08	mock_app_id	googleadwords_int	660741874	mc_7e7497dd	0.0	30	0	0	0.0	0.0	0.0
2026-07-08	mock_app_id	googleadwords_int	739276167	mc_1fbdf2e3	47.47928173851119	7086	154	70	39.907906069399836	0.0	39.907906069399836	0.84053306217204016	0.67827545340730266
2026-07-08	mock_app_id	googleadwords_int	742036733	mc_e0586969	0.31909820037427139	22	1	1	0.4008530174	0.0	0.4008530174	1.2562058229405184	0.31909820037427139
2026-07-08	mock_app_id	googleadwords_int	770142071	mc_13d78e8d	0.0	0	0	0	0.0091771756	0.0	0.0091771756
2026-07-08	mock_app_id	googleadwords_int	788967442	mc_475f8981	0.0765089562	110	3	1	0.0054637571	18.6974596043	18.7029233614	244.4540389821708	0.0765089562
2026-07-08	mock_app_id	googleadwords_int	792104306	mc_6fcee95d	41.593788982000007	30811	1475	626	13.8693200049	0.0	13.8693200049	0.33344690023075424	0.066443752367412151
2026-07-08	mock_app_id	googleadwords_int	810543724	mc_c492b014	0.5121118594	275	3	0	0.0	0.0	0.0	0.0
2026-07-08	mock_app_id	googleadwords_int	821866242	mc_e6535e2b	0.0	0	0	0	0.0	0.0	0.0
2026-07-08	mock_app_id	googleadwords_int	822177103	mc_96cf8fb0	0.0	0	0	0	0.0017274083999999999	0.0	0.0017274083999999999
2026-07-08	mock_app_id	googleadwords_int	833789410	mc_970b80f7	0.0	0	0	0	1.2856058670999946	123.6732489776	124.95885484469999
2026-07-08	mock_app_id	googleadwords_int	834117318	mc_ae804aae	0.0	0	0	5	0.0	0.0	0.0
2026-07-08	mock_app_id	googleadwords_int	900383572	mc_45368c6d	4.1123836547000039	12196	379	158	6.4794452134000018	0.0	6.4794452134000018	1.5755935626275301	0.026027744650000025
2026-07-08	mock_app_id	googleadwords_int	968884154	mc_90337527	0.0	0	0	0	0.0	45.069827851199996	45.069827851199996
2026-07-08	mock_app_id	googleadwords_int	969280161	mc_34262d9c	0.0	0	0	0	0.21163555480000001	0.0	0.21163555480000001
2026-07-08	mock_app_id	googleadwords_int	972671114	mc_9911559c	0.026119769999999997	115	1	0	0.0	0.0	0.0	0.0
2026-07-08	mock_app_id	googleadwords_int	974591165	mc_674dbd59	0.5886606869	1720	70	39	0.40374349649999974	0.0	0.40374349649999974	0.685867946484061	0.015093863766666665
2026-07-08	mock_app_id	googleadwords_int	976430758	mc_989b490b	0.0	0	0	0	3.8217e-06	0.0	3.8217e-06
2026-07-08	mock_app_id	googleadwords_int	998337322	mc_fe944d1c	21.349147798800018	24924	958	401	20.019927041800102	62.5152603185	82.5351873603001	3.8659710513100292	0.053239770071820493
2026-07-08	mock_app_id	other		Unattributed	0.0	0	0	1592	16.922185685700107	52.240472096099992	69.1626577818001
2026-07-08	mock_app_id	unknown		Unattributed	0.0	0	0	19	0.2652234322	321.1878299233	321.4530533555
2026-07-09	mock_app_id	googleadwords_int		Unattributed	0.0	0	0	2727	4.0813437502000012	21.643561	25.7249047502
2026-07-09	mock_app_id	googleadwords_int	126634786	mc_fb57024c	0.0	0	0	0	0.0001095554	0.0	0.0001095554
2026-07-09	mock_app_id	googleadwords_int	132608256	mc_9772a6c4	0.0	0	0	0	0.0048815848	0.0	0.0048815848
2026-07-09	mock_app_id	googleadwords_int	140410898	mc_a2e93e84	48.675832627900036	8622	239	95	39.106650995199807	141.33920500000002	180.44585599519982	3.7070933613937154	0.51237718555684253
2026-07-09	mock_app_id	googleadwords_int	148918961	mc_993fe179	17.476258837700016	35340	762	235	2.2117719319000027	12.3579816056	14.569753537500002	0.83368835817823539	0.074367058883829856
2026-07-09	mock_app_id	googleadwords_int	161332031	mc_12520749	0.1946671469	1604	90	22	0.0381634962	0.0	0.0381634962	0.19604487355847716	0.0088485066772727283
2026-07-09	mock_app_id	googleadwords_int	161694703	mc_2c0c0430	46.083772562800036	70533	3296	945	26.757352291999403	75.945357438	102.70270972999941	2.2286089879044231	0.048765896891851887
2026-07-09	mock_app_id	googleadwords_int	180761354	mc_07fb7039	0.2703176496000001	993	37	15	0.09004307369999999	0.0	0.09004307369999999	0.33310097891588042	0.018021176640000008
2026-07-09	mock_app_id	googleadwords_int	232146533	mc_a35fcde2	0.0	0	0	0	0.0008484174	0.0	0.0008484174
2026-07-09	mock_app_id	googleadwords_int	232552584	mc_a5da28b5	18.258230792191338	2972	63	27	9.1225520418999917	-45.1096041048	-35.987052062900005	-1.9710043362082439	0.67623077008116061
2026-07-09	mock_app_id	googleadwords_int	240042679	mc_decd286e	0.0	0	0	0	0.2839714185	0.0	0.2839714185
2026-07-09	mock_app_id	googleadwords_int	240191289	mc_149c320f	0.0	0	0	0	3.0573599999999995e-05	0.0	3.0573599999999995e-05
2026-07-09	mock_app_id	googleadwords_int	243641668	mc_1e8723bd	9.3526365555412116	20331	561	205	5.8902218768999983	0.0	5.8902218768999983	0.62979266241348641	0.045622617344103472
2026-07-09	mock_app_id	googleadwords_int	258346999	mc_8ba2a925	0.1008849671	27	1	1	0.0	0.0	0.0	0.0	0.1008849671
2026-07-09	mock_app_id	googleadwords_int	261307969	mc_b4ba1e63	0.0	0	0	0	0.5604421138	0.0	0.5604421138
2026-07-09	mock_app_id	googleadwords_int	262368493	mc_c13d8f45	0.0	0	0	19	0.33404460579999984	0.0	0.33404460579999984
2026-07-09	mock_app_id	googleadwords_int	265069104	mc_b8b1eac5	0.0	0	0	0	0.00053885969999999974	0.0	0.00053885969999999974
2026-07-09	mock_app_id	googleadwords_int	280939212	mc_45884f7b	0.5120907032	848	18	6	0.6051190607000001	0.0	0.6051190607000001	1.1816638281434828	0.085348450533333342
2026-07-09	mock_app_id	googleadwords_int	351751429	mc_b7e37028	22.8859158926052	4940	100	46	11.439188874	0.0	11.439188874	0.49983531040137141	0.49751991070880874
2026-07-09	mock_app_id	googleadwords_int	369626124	mc_617ec63b	0.3367285888	747	21	5	0.22768159920000006	0.0	0.22768159920000006	0.6761576140932648	0.06734571776
2026-07-09	mock_app_id	googleadwords_int	369804654	mc_92e554bf	0.4961560161	1322	32	14	1.0648542838999997	0.0	1.0648542838999997	2.1462085500246739	0.035439715435714288
2026-07-09	mock_app_id	googleadwords_int	373680283	mc_541ebe5c	0.0	0	0	0	0.0032751969	0.0	0.0032751969
2026-07-09	mock_app_id	googleadwords_int	414724209	mc_5dcabbd9	0.0	0	0	0	2.4801801141000004	0.0	2.4801801141000004
2026-07-09	mock_app_id	googleadwords_int	429833705	mc_a544a26e	0.0	0	0	0	0.015121193	0.0	0.015121193
2026-07-09	mock_app_id	googleadwords_int	432166127	mc_f8b84857	5.359876075399999	3569	135	53	5.5390254814999977	0.0	5.5390254814999977	1.0334241694359751	0.10112973727169809
2026-07-09	mock_app_id	googleadwords_int	434877610	mc_0dfbbe6f	0.60401195109999994	1500	32	11	0.49280057159999985	0.0	0.49280057159999985	0.81587884263305244	0.05491017737272727
2026-07-09	mock_app_id	googleadwords_int	448176306	mc_d1c03fd5	0.0	0	0	0	0.0076918082000000006	0.0	0.0076918082000000006
2026-07-09	mock_app_id	googleadwords_int	464541057	mc_d8ff83e7	2.9843562269	2634	55	10	3.7568049862000006	0.0	3.7568049862000006	1.258832626057641	0.29843562269
2026-07-09	mock_app_id	googleadwords_int	502057685	mc_befecb98	2.6984887703000004	6290	140	64	1.4777507519000022	0.0	1.4777507519000022	0.5476216051607713	0.042163887035937507
2026-07-09	mock_app_id	googleadwords_int	510225620	mc_10287894	25.451012753600022	162954	6692	2153	5.9637004288999806	0.0	5.9637004288999806	0.23432075126583796	0.011821185672828621
2026-07-09	mock_app_id	googleadwords_int	513913086	mc_2472b5d9	0.0	0	0	0	0.0	0.0	0.0
2026-07-09	mock_app_id	googleadwords_int	514288304	mc_c95b5395	0.0	0	0	46	0.047943226499999984	0.0	0.047943226499999984
2026-07-09	mock_app_id	googleadwords_int	516932962	mc_60e17b09	0.0	1	0	0	0.0	0.0	0.0
2026-07-09	mock_app_id	googleadwords_int	525989111	mc_c82cc8f4	0.34538066090000019	801	34	12	0.12157082479999999	0.0	0.12157082479999999	0.35199082798442788	0.028781721741666683
2026-07-09	mock_app_id	googleadwords_int	529859974	mc_d2ea5396	2.3262999492000023	9182	277	73	1.5878399160000047	0.0	1.5878399160000047	0.68256026766713873	0.031867122591780851
2026-07-09	mock_app_id	googleadwords_int	542533692	mc_796ef0d2	0.0	0	0	0	0.010891845	0.0	0.010891845
2026-07-09	mock_app_id	googleadwords_int	557162896	mc_b0c8a1e0	0.0	0	0	0	0.061035096799999994	0.0	0.061035096799999994
2026-07-09	mock_app_id	googleadwords_int	571438578	mc_756e1c81	0.032548	48	4	2	0.039399179199999988	0.0	0.039399179199999988	1.2104946294703203	0.016274
2026-07-09	mock_app_id	googleadwords_int	574617314	mc_a3bfa925	0.0	0	0	0	0.0073351162	0.0	0.0073351162
2026-07-09	mock_app_id	googleadwords_int	585166272	mc_60587c25	0.70874927053894832	370	10	2	0.38513181750000003	0.0	0.38513181750000003	0.54339642170938307	0.35437463526947416
2026-07-09	mock_app_id	googleadwords_int	590094865	mc_23f341fc	0.008137	14	1	1	0.0017439691	0.0	0.0017439691	0.2143258080373602	0.008137
2026-07-09	mock_app_id	googleadwords_int	611748075	mc_628993e1	0.027249999299999994	146	1	1	0.0	0.0	0.0	0.0	0.027249999299999994
2026-07-09	mock_app_id	googleadwords_int	611892113	mc_9bfd19ea	1.7679658612999978	3446	129	52	1.100309468700001	0.0	1.100309468700001	0.62235900182537218	0.033999343486538422
2026-07-09	mock_app_id	googleadwords_int	612287821	mc_6b5afb99	0.0	0	0	0	0.0185849271	0.0	0.0185849271
2026-07-09	mock_app_id	googleadwords_int	654635500	mc_67ff1f36	2.1708905725	3214	154	97	1.1473151048000021	0.0	1.1473151048000021	0.528499740767105	0.02238031518041237
2026-07-09	mock_app_id	googleadwords_int	660741874	mc_7e7497dd	0.0	41	0	0	0.0	0.0	0.0
2026-07-09	mock_app_id	googleadwords_int	739276167	mc_1fbdf2e3	47.347973326158957	6521	155	57	36.515777888400031	-1.261161	35.254616888400029	0.74458555270247329	0.83066619870454306
2026-07-09	mock_app_id	googleadwords_int	742036733	mc_e0586969	0.92939997815196174	44	2	1	0.4763137578	0.0	0.4763137578	0.51249598557890241	0.92939997815196174
2026-07-09	mock_app_id	googleadwords_int	788967442	mc_475f8981	0.0013963092	134	1	0	0.0059873300000000008	0.0	0.0059873300000000008	4.2879685960674045
2026-07-09	mock_app_id	googleadwords_int	792104306	mc_6fcee95d	32.934317907899995	32892	1452	617	10.100415516500041	154.188690347	164.28910586350005	4.9883864703963345	0.053378148959319277
2026-07-09	mock_app_id	googleadwords_int	807898159	mc_ce3403c4	0.0	0	0	0	0.463368386	0.0	0.463368386
2026-07-09	mock_app_id	googleadwords_int	810543724	mc_c492b014	0.54683243840000006	235	5	0	0.0	0.0	0.0	0.0
2026-07-09	mock_app_id	googleadwords_int	821866242	mc_e6535e2b	0.0	0	0	0	0.0	0.0	0.0
2026-07-09	mock_app_id	googleadwords_int	833789410	mc_970b80f7	0.0	0	0	0	1.0367609672000013	60.532731787200007	61.569492754400009
2026-07-09	mock_app_id	googleadwords_int	834117318	mc_ae804aae	0.0	0	0	4	0.0	0.0	0.0
2026-07-09	mock_app_id	googleadwords_int	900383572	mc_45368c6d	3.6079303397000015	12934	357	147	5.3597495345000006	0.0	5.3597495345000006	1.4855468453821816	0.024543743807483004
2026-07-09	mock_app_id	googleadwords_int	972671114	mc_9911559c	0.0220309275	212	4	1	0.013363211	0.0	0.013363211	0.60656597412886959	0.0220309275
2026-07-09	mock_app_id	googleadwords_int	974591165	mc_674dbd59	0.74372261369999992	1963	88	39	0.37549476400000004	0.0	0.37549476400000004	0.50488550043130154	0.019069810607692306
2026-07-09	mock_app_id	googleadwords_int	989105150	mc_58ab9c06	0.0	6	0	0	0.0	0.0	0.0
2026-07-09	mock_app_id	googleadwords_int	998337322	mc_fe944d1c	23.018968420900013	27058	1016	412	17.452952299000088	145.0339417565	162.4868940555001	7.0588260552966631	0.055871282575000028
2026-07-09	mock_app_id	other		Unattributed	0.0	0	0	1351	12.053629061000041	7.7651045843	19.818733645300043
2026-07-09	mock_app_id	unknown		Unattributed	0.0	0	0	26	0.23116062009999966	212.42516260649998	212.6563232266
2026-07-10	mock_app_id	googleadwords_int		Unattributed	0.0	0	0	1098	2.5868717868999971	30.0128699848	32.599741771699996
2026-07-10	mock_app_id	googleadwords_int	126471238	mc_5e866e66	0.0	0	0	0	0.000178346	0.0	0.000178346
2026-07-10	mock_app_id	googleadwords_int	126634786	mc_fb57024c	0.0	0	0	0	0.0864888927	0.0	0.0864888927
2026-07-10	mock_app_id	googleadwords_int	132608256	mc_9772a6c4	0.0	0	0	0	0.0004343999	0.0	0.0004343999
2026-07-10	mock_app_id	googleadwords_int	140410898	mc_a2e93e84	40.673673296000018	8317	194	74	32.844829940499459	164.25666600000002	197.10149594049949	4.84592317261601	0.54964423372972993
2026-07-10	mock_app_id	googleadwords_int	148918961	mc_993fe179	21.880448331600004	38689	896	236	2.7737924078000042	177.8022689064	180.57606131420002	8.2528501508540817	0.092713764116949163
2026-07-10	mock_app_id	googleadwords_int	161332031	mc_12520749	0.46748285550000035	4564	233	78	0.26959927869999989	0.0	0.26959927869999989	0.57670409840302617	0.0059933699423076964
2026-07-10	mock_app_id	googleadwords_int	161694703	mc_2c0c0430	40.163180699600012	69390	3134	921	20.891436427102995	170.049318602	190.940755029103	4.75412434232343	0.043608230944191112
2026-07-10	mock_app_id	googleadwords_int	180761354	mc_07fb7039	0.28546711620000004	829	33	17	0.14791635069999992	0.0	0.14791635069999992	0.51815548028435188	0.016792183305882356
2026-07-10	mock_app_id	googleadwords_int	232552584	mc_a5da28b5	13.976137984089862	2515	52	21	7.4157133052000059	0.0	7.4157133052000059	0.53059817480636617	0.6655303801947553
2026-07-10	mock_app_id	googleadwords_int	243641668	mc_1e8723bd	9.3309596997125546	22398	655	247	7.9784114959000014	39.6933290795	47.671740575400008	5.1089857966987644	0.03777716477616419
2026-07-10	mock_app_id	googleadwords_int	258346999	mc_8ba2a925	0.0221855305	11	1	0	0.0233824345	0.0	0.0233824345	1.0539497579289347
2026-07-10	mock_app_id	googleadwords_int	261307969	mc_b4ba1e63	0.0	0	0	0	0.6051891252	47.073331146	47.6785202712
2026-07-10	mock_app_id	googleadwords_int	262368493	mc_c13d8f45	0.0	0	0	17	0.09549154399999997	41.381100081	41.476591625
2026-07-10	mock_app_id	googleadwords_int	265069104	mc_b8b1eac5	0.0	0	0	0	0.0065159984999999991	19.2641387325	19.270654731
2026-07-10	mock_app_id	googleadwords_int	280939212	mc_45884f7b	0.78675432449999994	839	17	4	0.15113040039999998	0.0	0.15113040039999998	0.19209351088860777	0.19668858112499998
2026-07-10	mock_app_id	googleadwords_int	324659865	mc_cb530cbb	0.0	0	0	0	0.0014751762000000002	0.0	0.0014751762000000002
2026-07-10	mock_app_id	googleadwords_int	351751429	mc_b7e37028	20.27571849666284	4369	97	38	12.260597046199997	0.0	12.260597046199997	0.604693591904916	0.53357153938586421
2026-07-10	mock_app_id	googleadwords_int	369626124	mc_617ec63b	0.49655228799999995	883	22	12	0.4090773158	0.0	0.4090773158	0.82383532547533045	0.041379357333333332
2026-07-10	mock_app_id	googleadwords_int	369804654	mc_92e554bf	0.63420103480000012	1460	41	12	1.2920874703	0.0	1.2920874703	2.0373468338907221	0.052850086233333343
2026-07-10	mock_app_id	googleadwords_int	373680283	mc_541ebe5c	0.0	0	0	0	0.007528749	0.0	0.007528749
2026-07-10	mock_app_id	googleadwords_int	414724209	mc_5dcabbd9	0.0	0	0	0	1.4184659937	21.643561	23.062026993699998
2026-07-10	mock_app_id	googleadwords_int	429833705	mc_a544a26e	0.0	0	0	0	0.29566964220000008	0.0	0.29566964220000008
2026-07-10	mock_app_id	googleadwords_int	432166127	mc_f8b84857	5.4106265444000012	3869	128	44	5.6758436154000007	0.0	5.6758436154000007	1.0490178113058828	0.12296878510000003
2026-07-10	mock_app_id	googleadwords_int	434877610	mc_0dfbbe6f	1.2425011849	1707	60	18	0.63214484920000136	0.0	0.63214484920000136	0.50876800511934972	0.069027843605555556
2026-07-10	mock_app_id	googleadwords_int	464541057	mc_d8ff83e7	2.4297667863999997	2247	44	9	2.2365722171	0.0	2.2365722171	0.92048843107850642	0.26997408737777773
2026-07-10	mock_app_id	googleadwords_int	502057685	mc_befecb98	2.1878065817999985	6541	163	63	1.540589691100001	0.0	1.540589691100001	0.70417088234211933	0.034727088599999976
2026-07-10	mock_app_id	googleadwords_int	510225620	mc_10287894	13.01871584850004	149487	5586	1681	3.7701095978000394	0.0	3.7701095978000394	0.28959151130366018	0.0077446257278405949
2026-07-10	mock_app_id	googleadwords_int	514288304	mc_c95b5395	0.0	0	0	11	0.0109084057	0.0	0.0109084057
2026-07-10	mock_app_id	googleadwords_int	525989111	mc_c82cc8f4	0.41206418960000019	767	25	15	0.13659392749999991	0.0	0.13659392749999991	0.33148701330390939	0.027470945973333345
2026-07-10	mock_app_id	googleadwords_int	529859974	mc_d2ea5396	1.9718660620999997	8779	258	68	1.5735391146000015	0.0	1.5735391146000015	0.79799492716265541	0.028998030324999997
2026-07-10	mock_app_id	googleadwords_int	532599141	mc_759b1811	0.0	0	0	0	0.0	0.0	0.0
2026-07-10	mock_app_id	googleadwords_int	542533692	mc_796ef0d2	0.0	0	0	1	0.0	0.0	0.0
2026-07-10	mock_app_id	googleadwords_int	557162896	mc_b0c8a1e0	0.0	0	0	0	0.0452476541	41.4167552681	41.4620029222
2026-07-10	mock_app_id	googleadwords_int	571438578	mc_756e1c81	0.032548	50	4	2	0.022991347199999995	0.0	0.022991347199999995	0.70638279464175968	0.016274
2026-07-10	mock_app_id	googleadwords_int	574617314	mc_a3bfa925	0.0	0	0	0	0.0056586638	0.0	0.0056586638
2026-07-10	mock_app_id	googleadwords_int	585166272	mc_60587c25	0.64688157317823658	361	9	3	0.24929586050000002	0.0	0.24929586050000002	0.38538098909691931	0.21562719105941219
2026-07-10	mock_app_id	googleadwords_int	590094865	mc_23f341fc	0.0244118137	16	3	1	0.0	0.0	0.0	0.0	0.0244118137
2026-07-10	mock_app_id	googleadwords_int	611748075	mc_628993e1	0.3375317107	224	6	1	0.020219340800000003	0.0	0.020219340800000003	0.059903529532284637	0.3375317107
2026-07-10	mock_app_id	googleadwords_int	611892113	mc_9bfd19ea	1.4541526918999979	3382	139	48	1.0789296049999995	0.0	1.0789296049999995	0.74196445188315718	0.030294847747916621
2026-07-10	mock_app_id	googleadwords_int	612287821	mc_6b5afb99	0.0	0	0	0	0.010281646900000002	0.0	0.010281646900000002
2026-07-10	mock_app_id	googleadwords_int	654635500	mc_67ff1f36	2.6363627753	3257	201	111	1.4764844953000054	0.0	1.4764844953000054	0.56004602596165531	0.023751015993693694
2026-07-10	mock_app_id	googleadwords_int	660741874	mc_7e7497dd	0.0	43	0	0	0.0	0.0	0.0
2026-07-10	mock_app_id	googleadwords_int	739276167	mc_1fbdf2e3	46.714283583171849	7150	162	68	34.725367490000018	0.0	34.725367490000018	0.74335652452367551	0.68697475857605661
2026-07-10	mock_app_id	googleadwords_int	742036733	mc_e0586969	0.34092638548675142	48	3	1	0.33704591419999996	0.0	0.33704591419999996	0.98861786165007093	0.34092638548675142
2026-07-10	mock_app_id	googleadwords_int	788967442	mc_475f8981	0.07954649829999999	120	4	1	0.009516033	18.7310408822	18.7405569152	235.5924813248505	0.07954649829999999
2026-07-10	mock_app_id	googleadwords_int	791756498	mc_e4c6a03b	0.0	0	0	1	0.0	0.0	0.0
2026-07-10	mock_app_id	googleadwords_int	792104306	mc_6fcee95d	32.362168007699992	33789	1424	611	9.9727860233000545	-17.787977807800004	-7.81519178449995	-0.24149160163313121	0.052965905086252034
2026-07-10	mock_app_id	googleadwords_int	807898159	mc_ce3403c4	0.0	0	0	0	0.0040599193000000009	0.0	0.0040599193000000009
2026-07-10	mock_app_id	googleadwords_int	810543724	mc_c492b014	0.9546605058	279	9	1	1.0028421058	0.0	1.0028421058	1.0504698787760411	0.9546605058
2026-07-10	mock_app_id	googleadwords_int	821866242	mc_e6535e2b	0.0	0	0	0	0.0	0.0	0.0
2026-07-10	mock_app_id	googleadwords_int	833789410	mc_970b80f7	0.0	0	0	0	0.62195364919999974	68.2409541887	68.8629078379
2026-07-10	mock_app_id	googleadwords_int	834117318	mc_ae804aae	0.0	0	0	7	0.0043414512000000006	0.0	0.0043414512000000006
2026-07-10	mock_app_id	googleadwords_int	848321939	mc_c41abc99	0.0002270223	2	0	0	0.0	0.0	0.0	0.0
2026-07-10	mock_app_id	googleadwords_int	900383572	mc_45368c6d	4.3096058196000042	13825	400	154	5.486996857700011	0.0	5.486996857700011	1.273201561206655	0.027984453374026
2026-07-10	mock_app_id	googleadwords_int	914138760	mc_0365d47f	0.0	0	0	0	0.0	0.0	0.0
2026-07-10	mock_app_id	googleadwords_int	972671114	mc_9911559c	0.18338763749999998	355	7	4	0.17084145509999993	0.0	0.17084145509999993	0.93158654219535353	0.045846909374999995
2026-07-10	mock_app_id	googleadwords_int	974591165	mc_674dbd59	0.95580456800000013	2101	102	46	0.57993150990000009	0.0	0.57993150990000009	0.60674695363037856	0.020778360173913046
2026-07-10	mock_app_id	googleadwords_int	989105150	mc_58ab9c06	0.0	2	0	0	0.0	0.0	0.0
2026-07-10	mock_app_id	googleadwords_int	998337322	mc_fe944d1c	20.858144944800003	26824	1041	364	21.771386673800272	93.248464701700016	115.01985137550028	5.514385468117819	0.057302596002197809
2026-07-10	mock_app_id	other		Unattributed	0.0	0	0	2071	13.264026419900018	6.3567610000000005	19.620787419900019
2026-07-10	mock_app_id	unknown		Unattributed	0.0	0	0	44	0.275378963	237.711740023	237.987118986
2026-07-11	mock_app_id	googleadwords_int		Unattributed	0.0	0	0	2566	3.3000201154000082	25.681747566	28.981767681400008
2026-07-11	mock_app_id	googleadwords_int	109075442	mc_df87094f	0.0	0	0	0	0.0	0.0	0.0
2026-07-11	mock_app_id	googleadwords_int	126634786	mc_fb57024c	0.0	0	0	0	0.2858364081	0.0	0.2858364081
2026-07-11	mock_app_id	googleadwords_int	132608256	mc_9772a6c4	0.0	0	0	0	0.025069078100000062	0.0	0.025069078100000062
2026-07-11	mock_app_id	googleadwords_int	140410898	mc_a2e93e84	40.34418582350002	7731	215	92	30.215567857200014	38.204261	68.419828857200017	1.6959030765059153	0.43852375895108719
2026-07-11	mock_app_id	googleadwords_int	148918961	mc_993fe179	28.547540780299979	43072	1123	317	3.5210723390000171	24.8758261961	28.396898535100018	0.994723109554014	0.090055333691798037
2026-07-11	mock_app_id	googleadwords_int	161332031	mc_12520749	0.76618968440000057	7985	378	115	0.41616402149999987	0.0	0.41616402149999987	0.54316056450942163	0.006662518994782614
2026-07-11	mock_app_id	googleadwords_int	161694703	mc_2c0c0430	32.807340022900021	64928	2967	842	19.762948290400757	21.817315864399987	41.580264154800744	1.2674073584075116	0.038963586725534467
2026-07-11	mock_app_id	googleadwords_int	180761354	mc_07fb7039	0.2774082314	1099	42	21	0.1657802504	0.0	0.1657802504	0.59760393396891831	0.01320991578095238
2026-07-11	mock_app_id	googleadwords_int	199581943	mc_f81bdda1	0.0	0	0	0	0.0079949964	0.0	0.0079949964
2026-07-11	mock_app_id	googleadwords_int	232552584	mc_a5da28b5	21.77362146227982	2876	63	26	13.460362435699995	0.0	13.460362435699995	0.61819585037879221	0.83744697931845458
2026-07-11	mock_app_id	googleadwords_int	243641668	mc_1e8723bd	10.144512551282507	25314	699	229	7.6381821056000208	0.0	7.6381821056000208	0.75293732123524981	0.0442991814466485
2026-07-11	mock_app_id	googleadwords_int	258346999	mc_8ba2a925	0.0	16	0	0	0.0	0.0	0.0
2026-07-11	mock_app_id	googleadwords_int	261307969	mc_b4ba1e63	0.0	0	0	0	0.17661604380000009	0.0	0.17661604380000009
2026-07-11	mock_app_id	googleadwords_int	262368493	mc_c13d8f45	0.0	0	0	14	0.22456691369999998	-41.381100081	-41.1565331673
2026-07-11	mock_app_id	googleadwords_int	265069104	mc_b8b1eac5	0.0	0	0	0	0.0	0.0	0.0
2026-07-11	mock_app_id	googleadwords_int	280939212	mc_45884f7b	1.6507930613000004	1000	18	6	0.4453032101	0.0	0.4453032101	0.26975107936867843	0.27513217688333341
2026-07-11	mock_app_id	googleadwords_int	351751429	mc_b7e37028	18.854945769643081	4804	99	37	10.911731852900003	0.0	10.911731852900003	0.57871987467967978	0.50959312890927244
2026-07-11	mock_app_id	googleadwords_int	369626124	mc_617ec63b	0.2847274629	613	10	0	0.0	0.0	0.0	0.0
2026-07-11	mock_app_id	googleadwords_int	369804654	mc_92e554bf	0.28630359980000003	1522	20	10	1.1410080259000004	0.0	1.1410080259000004	3.9853079971647647	0.028630359980000002
2026-07-11	mock_app_id	googleadwords_int	393301962	mc_6b57da8c	0.0	0	0	0	0.0	0.0	0.0
2026-07-11	mock_app_id	googleadwords_int	414724209	mc_5dcabbd9	0.0	0	0	0	0.0163466848	59.847822	59.8641686848
2026-07-11	mock_app_id	googleadwords_int	429833705	mc_a544a26e	0.0	0	0	0	0.028712432100000004	0.0	0.028712432100000004
2026-07-11	mock_app_id	googleadwords_int	432166127	mc_f8b84857	3.7359448785	4054	104	50	3.8287153673000041	0.0	3.8287153673000041	1.0248318676578687	0.07471889757
2026-07-11	mock_app_id	googleadwords_int	434877610	mc_0dfbbe6f	1.0206955156000002	1633	53	17	0.79501805980000007	0.0	0.79501805980000007	0.7788983567079365	0.060040912682352954
2026-07-11	mock_app_id	googleadwords_int	448176306	mc_d1c03fd5	0.0	0	0	0	0.33051080720000003	0.0	0.33051080720000003
2026-07-11	mock_app_id	googleadwords_int	464541057	mc_d8ff83e7	2.1665690118000005	2570	51	9	0.72959182970000014	0.0	0.72959182970000014	0.33674986844469368	0.24072989020000005
2026-07-11	mock_app_id	googleadwords_int	502057685	mc_befecb98	1.8134110062999993	6560	166	54	1.2673585234999996	0.0	1.2673585234999996	0.69888101434095729	0.033581685301851842
2026-07-11	mock_app_id	googleadwords_int	510225620	mc_10287894	13.675668749000028	157298	5767	1858	4.6423603929000077	42.0049824148	46.647342807700007	3.4109734349269671	0.0073604245150699832
2026-07-11	mock_app_id	googleadwords_int	513499437	mc_c9d56aa3	0.0	0	0	0	0.0056663072	0.0	0.0056663072
2026-07-11	mock_app_id	googleadwords_int	513913086	mc_2472b5d9	0.0	0	0	0	0.0	0.0	0.0
2026-07-11	mock_app_id	googleadwords_int	514288304	mc_c95b5395	0.0	0	0	5	0.0071363877999999995	0.0	0.0071363877999999995
2026-07-11	mock_app_id	googleadwords_int	525989111	mc_c82cc8f4	0.41248324510000028	494	29	13	0.11955041940000002	0.0	0.11955041940000002	0.28983097088226417	0.031729480392307712
2026-07-11	mock_app_id	googleadwords_int	529859974	mc_d2ea5396	2.0432356891000008	8809	274	80	2.2479188444000009	0.0	2.2479188444000009	1.1001759886986697	0.025540446113750011
2026-07-11	mock_app_id	googleadwords_int	532599141	mc_759b1811	0.0	0	0	0	0.0047427297	0.0	0.0047427297
2026-07-11	mock_app_id	googleadwords_int	542533692	mc_796ef0d2	0.0	0	0	1	9.04469e-05	0.0	9.04469e-05
2026-07-11	mock_app_id	googleadwords_int	557162896	mc_b0c8a1e0	0.0	0	0	0	0.042535521000000007	0.0	0.042535521000000007
2026-07-11	mock_app_id	googleadwords_int	562523633	mc_13ddbb14	0.0	0	0	0	0.0079771618	0.0	0.0079771618
2026-07-11	mock_app_id	googleadwords_int	571438578	mc_756e1c81	0.024638836	58	3	1	0.0090383205	0.0	0.0090383205	0.36683228460954892	0.024638836
2026-07-11	mock_app_id	googleadwords_int	574617314	mc_a3bfa925	0.0	0	0	0	0.018081736600000002	0.0	0.018081736600000002
2026-07-11	mock_app_id	googleadwords_int	585166272	mc_60587c25	0.57844939733734413	352	6	3	0.6458673	0.0	0.6458673	1.1165493524117869	0.19281646577911471
2026-07-11	mock_app_id	googleadwords_int	590094865	mc_23f341fc	0.008137	14	1	1	0.0262015752	0.0	0.0262015752	3.2200534840850437	0.008137
2026-07-11	mock_app_id	googleadwords_int	611748075	mc_628993e1	0.305780323	141	3	0	0.0	0.0	0.0	0.0
2026-07-11	mock_app_id	googleadwords_int	611892113	mc_9bfd19ea	1.1780903202999995	3542	145	49	0.74660985979999939	0.0	0.74660985979999939	0.63374585711719955	0.024042659597959173
2026-07-11	mock_app_id	googleadwords_int	612287821	mc_6b5afb99	0.0	0	0	0	0.013933918200000001	0.0	0.013933918200000001
2026-07-11	mock_app_id	googleadwords_int	654635500	mc_67ff1f36	2.4380128221999997	3793	193	91	1.5599173018999994	0.0	1.5599173018999994	0.639831459332675	0.02679134969450549
2026-07-11	mock_app_id	googleadwords_int	660741874	mc_7e7497dd	0.015202357100000001	50	1	0	0.0	0.0	0.0	0.0
2026-07-11	mock_app_id	googleadwords_int	739276167	mc_1fbdf2e3	46.533328209351922	7783	155	64	42.903571092400007	59.847822	102.75139309240001	2.2081247365356043	0.72708325327112378
2026-07-11	mock_app_id	googleadwords_int	742036733	mc_e0586969	0.99719165794244724	47	3	2	0.5426763044	0.0	0.5426763044	0.54420461711415613	0.49859582897122362
2026-07-11	mock_app_id	googleadwords_int	770142071	mc_13d78e8d	0.0	0	0	0	0.0001643331	0.0	0.0001643331
2026-07-11	mock_app_id	googleadwords_int	788967442	mc_475f8981	0.0087106585	108	0	0	0.0	35.0185390143	35.0185390143	4020.1942269117776
2026-07-11	mock_app_id	googleadwords_int	792104306	mc_6fcee95d	31.558910219800008	37151	1545	600	10.093161929900017	49.1723845842	59.265546514100024	1.8779338735504536	0.052598183699666679
2026-07-11	mock_app_id	googleadwords_int	807898159	mc_ce3403c4	0.0	0	0	0	0.0070472148	0.0	0.0070472148
2026-07-11	mock_app_id	googleadwords_int	810543724	mc_c492b014	1.2013784143	235	6	1	0.42659726249999996	0.0	0.42659726249999996	0.35508983466176464	1.2013784143
2026-07-11	mock_app_id	googleadwords_int	821866242	mc_e6535e2b	0.0	0	0	0	0.0	0.0	0.0
2026-07-11	mock_app_id	googleadwords_int	822177103	mc_96cf8fb0	0.0	0	0	0	0.0124510986	0.0	0.0124510986
2026-07-11	mock_app_id	googleadwords_int	827748605	mc_cdc62e82	0.0	0	0	0	0.0007248491000000001	0.0	0.0007248491000000001
2026-07-11	mock_app_id	googleadwords_int	833789410	mc_970b80f7	0.0	0	0	0	0.555766900800001	-139.3025127885	-138.7467458877
2026-07-11	mock_app_id	googleadwords_int	834117318	mc_ae804aae	0.0	0	0	2	0.0	0.0	0.0
2026-07-11	mock_app_id	googleadwords_int	848321939	mc_c41abc99	0.0	2	0	0	0.0	0.0	0.0
2026-07-11	mock_app_id	googleadwords_int	900383572	mc_45368c6d	3.6721931108999977	14647	420	130	4.0805424670999937	0.0	4.0805424670999937	1.1112004036465053	0.028247639314615366
2026-07-11	mock_app_id	googleadwords_int	913642206	mc_6fdcae3c	0.0	0	0	0	0.0038153304999999998	0.0	0.0038153304999999998
2026-07-11	mock_app_id	googleadwords_int	972671114	mc_9911559c	0.52244829050000008	702	20	10	0.59389345390000037	0.0	0.59389345390000037	1.1367506884396634	0.052244829050000011
2026-07-11	mock_app_id	googleadwords_int	974591165	mc_674dbd59	0.60686641069999969	1818	90	34	0.36669084110000005	0.0	0.36669084110000005	0.60423650845502341	0.017849012079411756
2026-07-11	mock_app_id	googleadwords_int	989105150	mc_58ab9c06	0.0	4	0	0	0.0	0.0	0.0
2026-07-11	mock_app_id	googleadwords_int	998337322	mc_fe944d1c	23.500053899300021	29674	1106	417	20.978176278099955	154.50969021679998	175.48786649489995	7.4675516595358564	0.0563550453220624
2026-07-11	mock_app_id	other		Unattributed	0.0	0	0	1328	12.877446178100032	59.847822	72.725268178100038
2026-07-11	mock_app_id	unknown		Unattributed	0.0	0	0	40	1.3409861217999999	275.70394635509996	277.04493247689993
2026-07-12	mock_app_id	googleadwords_int		Unattributed	0.0	0	0	2061	1.5639657561000015	83.1052958273	84.6692615834
2026-07-12	mock_app_id	googleadwords_int	109075442	mc_df87094f	0.0	0	0	0	0.5024070515	19.095761	19.5981680515
2026-07-12	mock_app_id	googleadwords_int	126634786	mc_fb57024c	0.0	0	0	0	1.2165388308000002	0.0	1.2165388308000002
2026-07-12	mock_app_id	googleadwords_int	132608256	mc_9772a6c4	0.0	0	0	0	0.0099924716	0.0	0.0099924716
2026-07-12	mock_app_id	googleadwords_int	140410898	mc_a2e93e84	2.3866008150999991	659	14	2	5.9506149280999985	174.46060500000002	180.41121992810002	75.593378996034886	1.1933004075499996
2026-07-12	mock_app_id	googleadwords_int	148918961	mc_993fe179	18.765162078799985	9921	504	234	2.7021151503999983	18.6954786898	21.3975938402	1.1402829216366861	0.080193000336752071
2026-07-12	mock_app_id	googleadwords_int	161332031	mc_12520749	0.3250983747000003	1506	74	26	0.11318219330000003	0.0	0.11318219330000003	0.34814752120629389	0.012503783642307705
2026-07-12	mock_app_id	googleadwords_int	161694703	mc_2c0c0430	12.900315988900001	12749	567	191	6.7488075467021957	125.1775325187	131.9263400654022	10.226597563882731	0.067540921407853408
2026-07-12	mock_app_id	googleadwords_int	180761354	mc_07fb7039	0.0381690396	155	4	1	0.0089937340000000015	0.0	0.0089937340000000015	0.23562903584296632	0.0381690396
2026-07-12	mock_app_id	googleadwords_int	199581943	mc_f81bdda1	0.0	0	0	0	0.0	6.5371872787	6.5371872787
2026-07-12	mock_app_id	googleadwords_int	232552584	mc_a5da28b5	7.5989919862736812	163	9	5	4.6078759199000023	70.841800658600008	75.4496765785	9.9289059278898222	1.5197983972547362
2026-07-12	mock_app_id	googleadwords_int	243641668	mc_1e8723bd	1.5784142727269015	3149	85	29	1.6220390353999974	39.8750674752	41.4971065106	26.29037713838505	0.054428078369893156
2026-07-12	mock_app_id	googleadwords_int	258346999	mc_8ba2a925	0.094133698199999991	5	1	0	0.0	0.0	0.0	0.0
2026-07-12	mock_app_id	googleadwords_int	261307969	mc_b4ba1e63	0.0	0	0	0	0.0	0.0	0.0
2026-07-12	mock_app_id	googleadwords_int	262368493	mc_c13d8f45	0.0	0	0	13	0.16708472399999991	0.0	0.16708472399999991
2026-07-12	mock_app_id	googleadwords_int	265069104	mc_b8b1eac5	0.0	0	0	0	0.09939604749999989	0.0	0.09939604749999989
2026-07-12	mock_app_id	googleadwords_int	280939212	mc_45884f7b	0.0347824202	108	0	0	0.0	0.0	0.0	0.0
2026-07-12	mock_app_id	googleadwords_int	292908581	mc_f42ebe24	0.0	0	0	0	0.22461914360000002	0.0	0.22461914360000002
2026-07-12	mock_app_id	googleadwords_int	303460318	mc_483107f1	0.0	0	0	0	0.0039847592	0.0	0.0039847592
2026-07-12	mock_app_id	googleadwords_int	351751429	mc_b7e37028	8.0529867753897477	484	19	9	3.9913949450999988	0.0	3.9913949450999988	0.4956415621217537	0.89477630837663868
2026-07-12	mock_app_id	googleadwords_int	369626124	mc_617ec63b	0.0414946315	59	1	1	0.336806421	0.0	0.336806421	8.1168673831938971	0.0414946315
2026-07-12	mock_app_id	googleadwords_int	369804654	mc_92e554bf	0.0046063556999999993	118	1	1	0.07486710299999999	0.0	0.07486710299999999	16.25300082666217	0.0046063556999999993
2026-07-12	mock_app_id	googleadwords_int	414724209	mc_5dcabbd9	0.0	0	0	0	0.60944395120000006	0.0	0.60944395120000006
2026-07-12	mock_app_id	googleadwords_int	429833705	mc_a544a26e	0.0	0	0	0	0.11253759990000001	0.0	0.11253759990000001
2026-07-12	mock_app_id	googleadwords_int	432166127	mc_f8b84857	0.9053169241	230	14	6	0.59688584500000019	0.0	0.59688584500000019	0.65931148431073516	0.15088615401666666
2026-07-12	mock_app_id	googleadwords_int	434877610	mc_0dfbbe6f	0.0568589149	135	3	0	0.0	0.0	0.0	0.0
2026-07-12	mock_app_id	googleadwords_int	448176306	mc_d1c03fd5	0.0	0	0	0	0.095050774600000013	0.0	0.095050774600000013
2026-07-12	mock_app_id	googleadwords_int	464541057	mc_d8ff83e7	0.20904848069999998	230	2	0	0.0	0.0	0.0	0.0
2026-07-12	mock_app_id	googleadwords_int	502057685	mc_befecb98	0.34539205270000006	779	20	6	0.25007548729999957	0.0	0.25007548729999957	0.72403370414897661	0.057565342116666675
2026-07-12	mock_app_id	googleadwords_int	510225620	mc_10287894	3.0826593238999997	3986	237	89	0.90821299210000139	128.2080246938	129.11623768590002	41.884692442287047	0.034636621616853928
2026-07-12	mock_app_id	googleadwords_int	513913086	mc_2472b5d9	0.0	0	0	0	5.0956000000000005e-05	0.0	5.0956000000000005e-05
2026-07-12	mock_app_id	googleadwords_int	514288304	mc_c95b5395	0.0	0	0	8	0.017335231200000002	0.0	0.017335231200000002
2026-07-12	mock_app_id	googleadwords_int	525989111	mc_c82cc8f4	0.18560578370000011	181	9	5	0.077575414400000015	0.0	0.077575414400000015	0.4179579582788614	0.037121156740000022
2026-07-12	mock_app_id	googleadwords_int	529859974	mc_d2ea5396	0.27120946479999997	742	25	4	0.24943853730000051	0.0	0.24943853730000051	0.91972652017858536	0.067802366199999992
2026-07-12	mock_app_id	googleadwords_int	542533692	mc_796ef0d2	0.0	0	0	0	0.0205416375	0.0	0.0205416375
2026-07-12	mock_app_id	googleadwords_int	544153460	mc_21ff68ff	0.0	0	0	0	0.26351003669999995	0.0	0.26351003669999995
2026-07-12	mock_app_id	googleadwords_int	557162896	mc_b0c8a1e0	0.0	0	0	0	0.00048408200000000005	0.0	0.00048408200000000005
2026-07-12	mock_app_id	googleadwords_int	562523633	mc_13ddbb14	0.0	0	0	0	0.0053198064	0.0	0.0053198064
2026-07-12	mock_app_id	googleadwords_int	571438578	mc_756e1c81	0.032548	50	4	3	0.052037541099999987	0.0	0.052037541099999987	1.5987938152881893	0.010849333333333334
2026-07-12	mock_app_id	googleadwords_int	574617314	mc_a3bfa925	0.0	0	0	0	0.019400223100000006	0.0	0.019400223100000006
2026-07-12	mock_app_id	googleadwords_int	585166272	mc_60587c25	0.14328636754008833	37	2	1	0.36841187999999997	0.0	0.36841187999999997	2.571157928872239	0.14328636754008833
2026-07-12	mock_app_id	googleadwords_int	590094865	mc_23f341fc	0.024411000000000002	11	2	2	0.0098638077	0.0	0.0098638077	0.40407225021506693	0.012205500000000001
2026-07-12	mock_app_id	googleadwords_int	611748075	mc_628993e1	0.0022694092999999997	10	0	0	0.0	0.0	0.0	0.0
2026-07-12	mock_app_id	googleadwords_int	611892113	mc_9bfd19ea	0.13847872080000015	356	13	2	0.034895942699999995	0.0	0.034895942699999995	0.25199498160008971	0.069239360400000075
2026-07-12	mock_app_id	googleadwords_int	612287821	mc_6b5afb99	0.0	0	0	0	0.021797702900000004	0.0	0.021797702900000004
2026-07-12	mock_app_id	googleadwords_int	654635500	mc_67ff1f36	1.9540037196999998	645	88	62	1.0348577606	0.0	1.0348577606	0.52960890000704952	0.031516189027419352
2026-07-12	mock_app_id	googleadwords_int	660741874	mc_7e7497dd	0.065096	17	1	1	0.1230740268	0.0	0.1230740268	1.8906542153127688	0.065096
2026-07-12	mock_app_id	googleadwords_int	739276167	mc_1fbdf2e3	11.350129770699073	1135	24	4	8.5098456328000243	0.0	8.5098456328000243	0.74975756266405125	2.8375324426747683
2026-07-12	mock_app_id	googleadwords_int	742036733	mc_e0586969	1.3099553759341704	39	4	1	0.1286116701	0.0	0.1286116701	0.098180191831559877	1.3099553759341704
2026-07-12	mock_app_id	googleadwords_int	788967442	mc_475f8981	0.0006867628	11	0	0	0.0027669108000000003	35.0184358284	35.0212027392	50994.612316217477
2026-07-12	mock_app_id	googleadwords_int	792104306	mc_6fcee95d	28.887384212700027	4255	577	364	9.95783553290008	0.0	9.95783553290008	0.34471226122724624	0.0793609456392858
2026-07-12	mock_app_id	googleadwords_int	807898159	mc_ce3403c4	0.0	0	0	0	0.0122778482	0.0	0.0122778482
2026-07-12	mock_app_id	googleadwords_int	810543724	mc_c492b014	0.846248	14	4	2	1.1149618665	0.0	1.1149618665	1.3175356000841361	0.423124
2026-07-12	mock_app_id	googleadwords_int	822177103	mc_96cf8fb0	0.0	0	0	0	0.0010522414000000001	0.0	0.0010522414000000001
2026-07-12	mock_app_id	googleadwords_int	827748605	mc_cdc62e82	0.0	0	0	0	0.00010191200000000002	0.0	0.00010191200000000002
2026-07-12	mock_app_id	googleadwords_int	833789410	mc_970b80f7	0.0	0	0	0	1.0087071413999904	40.6019930322	41.610700173599987
2026-07-12	mock_app_id	googleadwords_int	834117318	mc_ae804aae	0.0	0	0	5	0.0	0.0	0.0
2026-07-12	mock_app_id	googleadwords_int	889798464	mc_2254e49d	0.0	0	0	0	0.0100727273	0.0	0.0100727273
2026-07-12	mock_app_id	googleadwords_int	900383572	mc_45368c6d	0.50269979150000044	1315	33	6	0.78173383059999968	0.0	0.78173383059999968	1.5550709266606071	0.0837832985833334
2026-07-12	mock_app_id	googleadwords_int	913642206	mc_6fdcae3c	0.0	0	0	0	0.0052153466	0.0	0.0052153466
2026-07-12	mock_app_id	googleadwords_int	972671114	mc_9911559c	0.0003197841	15	0	0	0.0	0.0	0.0	0.0
2026-07-12	mock_app_id	googleadwords_int	974591165	mc_674dbd59	0.093302910499999989	116	7	6	0.14440038670000002	0.0	0.14440038670000002	1.5476514711724887	0.015550485083333331
2026-07-12	mock_app_id	googleadwords_int	996181911	mc_25502999	0.0	0	0	0	0.023255044499999995	0.0	0.023255044499999995
2026-07-12	mock_app_id	googleadwords_int	998337322	mc_fe944d1c	6.5678259308999962	2960	176	73	4.3451518795000039	0.1154930479000047	4.4606449274000086	0.67916613112624946	0.0899702182315068
2026-07-12	mock_app_id	other		Unattributed	0.0	0	0	2971	13.326757077600053	56.6919054526	70.018662530200046
2026-07-12	mock_app_id	unknown		Unattributed	0.0	0	0	29	0.31201632700000009	261.1917208677	261.50373719469997
2026-07-13	mock_app_id	googleadwords_int		Unattributed	0.0	0	0	1245	2.9156475422999319	92.4238539449	95.339501487199939
2026-07-13	mock_app_id	googleadwords_int	109075442	mc_df87094f	0.0	0	0	0	1.9439255396	91.695322	93.6392475396
2026-07-13	mock_app_id	googleadwords_int	126634786	mc_fb57024c	0.0	0	0	0	0.2991664977	0.0	0.2991664977
2026-07-13	mock_app_id	googleadwords_int	132608256	mc_9772a6c4	0.0	0	0	0	0.0	0.0	0.0
2026-07-13	mock_app_id	googleadwords_int	140410898	mc_a2e93e84	3.149141055	358	12	5	6.1119734716000007	81.491383	87.6033564716	27.818174842473038	0.629828211
2026-07-13	mock_app_id	googleadwords_int	148918961	mc_993fe179	13.427058174300003	8559	347	149	2.0974941846000017	69.8166780418	71.9141722264	5.3559142511236733	0.090114484391275188
2026-07-13	mock_app_id	googleadwords_int	161332031	mc_12520749	0.34955005970000008	1248	65	29	0.171186682	0.0	0.171186682	0.48973438066902431	0.012053450334482761
2026-07-13	mock_app_id	googleadwords_int	161694703	mc_2c0c0430	12.7317621024	10468	542	206	5.4385784665006343	119.9432060826	125.38178454910063	9.8479521955146758	0.0618046704
2026-07-13	mock_app_id	googleadwords_int	180761354	mc_07fb7039	0.0959775424	139	7	4	0.068072120399999977	0.0	0.068072120399999977	0.709250504834764	0.0239943856
2026-07-13	mock_app_id	googleadwords_int	199581943	mc_f81bdda1	0.0	0	0	0	0.0	0.0	0.0
2026-07-13	mock_app_id	googleadwords_int	232552584	mc_a5da28b5	6.6132863241359567	111	11	5	3.7879352805	45.164083712200004	48.952018992700005	7.4020716166550846	1.3226572648271913
2026-07-13	mock_app_id	googleadwords_int	243641668	mc_1e8723bd	2.4432959113478567	1875	75	50	2.7359448387999956	-39.8750674752	-37.1391226364	-15.200419426851992	0.048865918226957135
2026-07-13	mock_app_id	googleadwords_int	261307969	mc_b4ba1e63	0.0	0	0	0	0.1064139626	0.0	0.1064139626
2026-07-13	mock_app_id	googleadwords_int	262368493	mc_c13d8f45	0.0	0	0	11	0.18735629470000004	31.0653241261	31.252680420799997
2026-07-13	mock_app_id	googleadwords_int	265069104	mc_b8b1eac5	0.0	0	0	0	0.10577956040000001	0.0	0.10577956040000001
2026-07-13	mock_app_id	googleadwords_int	280939212	mc_45884f7b	0.82600558509999977	135	7	4	0.2668935151	0.0	0.2668935151	0.32311345094317817	0.20650139627499994
2026-07-13	mock_app_id	googleadwords_int	292908581	mc_f42ebe24	0.0	0	0	0	0.1080050637	0.0	0.1080050637
2026-07-13	mock_app_id	googleadwords_int	351751429	mc_b7e37028	8.6116836185454524	357	19	13	5.3718120936000009	0.0	5.3718120936000009	0.62378186793017854	0.66243720142657325
2026-07-13	mock_app_id	googleadwords_int	369626124	mc_617ec63b	0.0579899579	34	1	1	0.021049923600000003	47.9832511641	48.0043010877	827.80368922633761	0.0579899579
2026-07-13	mock_app_id	googleadwords_int	369804654	mc_92e554bf	0.0029024679	9	0	0	0.0360157008	0.0	0.0360157008	12.408647413464935
2026-07-13	mock_app_id	googleadwords_int	373680283	mc_541ebe5c	0.0	0	0	0	0.0008496913	0.0	0.0008496913
2026-07-13	mock_app_id	googleadwords_int	414724209	mc_5dcabbd9	0.0	0	0	0	1.3121208217	38.204261	39.5163818217
2026-07-13	mock_app_id	googleadwords_int	429833705	mc_a544a26e	0.0	0	0	0	0.2692744342	0.0	0.2692744342
2026-07-13	mock_app_id	googleadwords_int	432166127	mc_f8b84857	1.2808826002	104	14	9	0.64262522450000015	0.0	0.64262522450000015	0.50170501527591926	0.14232028891111112
2026-07-13	mock_app_id	googleadwords_int	434877610	mc_0dfbbe6f	0.0026070947999999997	19	0	0	0.0069682330000000008	0.0	0.0069682330000000008	2.6727961714318949
2026-07-13	mock_app_id	googleadwords_int	448176306	mc_d1c03fd5	0.0	0	0	0	0.38689999070000003	0.0	0.38689999070000003
2026-07-13	mock_app_id	googleadwords_int	464541057	mc_d8ff83e7	0.1769992788	162	1	1	0.0	0.0	0.0	0.0	0.1769992788
2026-07-13	mock_app_id	googleadwords_int	502057685	mc_befecb98	0.560387053	535	16	8	0.27855861739999987	0.0	0.27855861739999987	0.49708253591647461	0.070048381625
2026-07-13	mock_app_id	googleadwords_int	510225620	mc_10287894	3.5521829390000024	3155	215	107	1.165511492400001	0.0	1.165511492400001	0.32811133672302123	0.033197971392523389
2026-07-13	mock_app_id	googleadwords_int	513913086	mc_2472b5d9	0.0	0	0	0	0.0	0.0	0.0
2026-07-13	mock_app_id	googleadwords_int	514288304	mc_c95b5395	0.0	0	0	4	0.0003528703	0.0	0.0003528703
2026-07-13	mock_app_id	googleadwords_int	525989111	mc_c82cc8f4	0.035853249399999988	124	5	2	0.037609349699999996	0.0	0.037609349699999996	1.0489802271589923	0.017926624699999994
2026-07-13	mock_app_id	googleadwords_int	529859974	mc_d2ea5396	0.1379148267	501	11	4	0.11369430109999991	0.0	0.11369430109999991	0.82438055298662039	0.034478706675
2026-07-13	mock_app_id	googleadwords_int	532599141	mc_759b1811	0.0	0	0	0	2.42041e-05	0.0	2.42041e-05
2026-07-13	mock_app_id	googleadwords_int	542533692	mc_796ef0d2	0.0	0	0	1	0.0110854778	0.0	0.0110854778
2026-07-13	mock_app_id	googleadwords_int	557162896	mc_b0c8a1e0	0.0	0	0	0	0.062743396700000009	5.7906220054	5.8533654021000006
2026-07-13	mock_app_id	googleadwords_int	571438578	mc_756e1c81	0.016275627400000003	64	2	1	0.011688032500000008	0.0	0.011688032500000008	0.71813099506074984	0.016275627400000003
2026-07-13	mock_app_id	googleadwords_int	574617314	mc_a3bfa925	0.0	0	0	0	0.0336742726	0.0	0.0336742726
2026-07-13	mock_app_id	googleadwords_int	585166272	mc_60587c25	0.20607447105499233	28	3	0	0.07199318460000001	0.0	0.07199318460000001	0.34935518325697
2026-07-13	mock_app_id	googleadwords_int	590094865	mc_23f341fc	0.016274	14	1	1	0.0048841326	0.0	0.0048841326	0.3001187538404817	0.016274
2026-07-13	mock_app_id	googleadwords_int	611748075	mc_628993e1	0.0018690688999999999	7	0	0	0.0	0.0	0.0	0.0
2026-07-13	mock_app_id	googleadwords_int	611892113	mc_9bfd19ea	0.1556486045	143	3	0	0.133058855	0.0	0.133058855	0.85486699625373119
2026-07-13	mock_app_id	googleadwords_int	612287821	mc_6b5afb99	0.0	0	0	0	0.027941722600000003	0.0	0.027941722600000003
2026-07-13	mock_app_id	googleadwords_int	654635500	mc_67ff1f36	1.4897260284999994	554	71	53	0.83465418439999994	0.0	0.83465418439999994	0.56027361302159073	0.028108038273584893
2026-07-13	mock_app_id	googleadwords_int	660741874	mc_7e7497dd	0.0	1	0	0	0.0	0.0	0.0
2026-07-13	mock_app_id	googleadwords_int	739276167	mc_1fbdf2e3	18.217845406884919	614	25	21	24.619741722499992	0.0	24.619741722499992	1.3514079833609554	0.86751644794690086
2026-07-13	mock_app_id	googleadwords_int	742036733	mc_e0586969	0.15448092876035149	33	1	3	3.003423074	0.0	3.003423074	19.442031441041205	0.051493642920117162
2026-07-13	mock_app_id	googleadwords_int	788967442	mc_475f8981	0.1976469163	14	1	1	0.1419417597	-35.0184358284	-34.8764940687	-176.45857937779522	0.1976469163
2026-07-13	mock_app_id	googleadwords_int	792104306	mc_6fcee95d	17.102920258500006	2595	366	269	5.7468291451000129	-5.3412206590000011	0.40560848610001177	0.023715744444193838	0.063579629213754665
2026-07-13	mock_app_id	googleadwords_int	807898159	mc_ce3403c4	0.0	0	0	0	2.1732530175999996	64.930682999999988	67.103936017599992
2026-07-13	mock_app_id	googleadwords_int	810543724	mc_c492b014	0.005728448	15	0	0	0.0	0.0	0.0	0.0
2026-07-13	mock_app_id	googleadwords_int	822177103	mc_96cf8fb0	0.0	0	0	0	0.0	0.0	0.0
2026-07-13	mock_app_id	googleadwords_int	833789410	mc_970b80f7	0.0	0	0	0	2.21485604380006	37.230499483399996	39.445355527200057
2026-07-13	mock_app_id	googleadwords_int	834117318	mc_ae804aae	0.0	0	0	1	0.012047272299999998	0.0	0.012047272299999998
2026-07-13	mock_app_id	googleadwords_int	900383572	mc_45368c6d	0.25540090120000003	614	21	7	0.43656425609999966	0.0	0.43656425609999966	1.7093293486781149	0.036485843028571434
2026-07-13	mock_app_id	googleadwords_int	914138760	mc_0365d47f	0.0	0	0	0	0.0196078688	0.0	0.0196078688
2026-07-13	mock_app_id	googleadwords_int	972671114	mc_9911559c	0.0219186369	3	1	0	0.0	0.0	0.0	0.0
2026-07-13	mock_app_id	googleadwords_int	974591165	mc_674dbd59	0.16177169700000002	81	10	4	0.15600179400000008	0.0	0.15600179400000008	0.9643330501750258	0.040442924250000005
2026-07-13	mock_app_id	googleadwords_int	998337322	mc_fe944d1c	5.2964091028	1726	136	86	3.7649834242000044	-74.9309839894	-71.1660005652	-13.436650980676204	0.061586152358139537
2026-07-13	mock_app_id	other		Unattributed	0.0	0	0	1478	13.519198781100032	0.0	13.519198781100032
2026-07-13	mock_app_id	unknown		Unattributed	0.0	0	0	211	0.23776961330000049	212.2588409486	212.4966105619
2026-07-14	mock_app_id	googleadwords_int		Unattributed	0.0	0	0	1897	2.4441019921999976	103.13494399999999	105.5790459922
2026-07-14	mock_app_id	googleadwords_int	109075442	mc_df87094f	0.0	0	0	0	0.5195957842	0.0	0.5195957842
2026-07-14	mock_app_id	googleadwords_int	126634786	mc_fb57024c	0.0	0	0	0	0.0	0.0	0.0
2026-07-14	mock_app_id	googleadwords_int	140410898	mc_a2e93e84	23.381427017400004	3859	111	65	24.321767595200004	119.695644	144.0174115952	6.1594791236661921	0.3597142618061539
2026-07-14	mock_app_id	googleadwords_int	148918961	mc_993fe179	18.798338255199994	29829	753	239	3.3695113604000047	0.0	3.3695113604000047	0.17924517128358039	0.078654134958995786
2026-07-14	mock_app_id	googleadwords_int	161332031	mc_12520749	2.1018619603999977	26367	957	310	0.77504840339999959	0.0	0.77504840339999959	0.36874372247190912	0.0067801998722580572
2026-07-14	mock_app_id	googleadwords_int	161694703	mc_2c0c0430	22.3504577256	44809	2171	680	13.45946688399742	45.118511213599987	58.577978097597409	2.6208849418999933	0.032868320184705882
2026-07-14	mock_app_id	googleadwords_int	180761354	mc_07fb7039	0.89741101490000008	2237	83	52	0.81234055199999977	0.0	0.81234055199999977	0.90520457016066391	0.01725790413269231
2026-07-14	mock_app_id	googleadwords_int	199581943	mc_f81bdda1	0.0	0	0	0	0.0025669085000000003	0.0	0.0025669085000000003
2026-07-14	mock_app_id	googleadwords_int	232552584	mc_a5da28b5	17.173249398211912	2165	52	23	7.8534826707000054	0.0	7.8534826707000054	0.45730906764317497	0.74666301731356133
2026-07-14	mock_app_id	googleadwords_int	243641668	mc_1e8723bd	8.2775184078645427	15567	474	233	8.6725137454999945	6.188236769	14.860750514499994	1.7953147045110363	0.035525830076671858
2026-07-14	mock_app_id	googleadwords_int	258346999	mc_8ba2a925	0.0090605495	9	1	0	0.0	0.0	0.0	0.0
2026-07-14	mock_app_id	googleadwords_int	261307969	mc_b4ba1e63	0.0	0	0	0	0.12589698920000003	0.0	0.12589698920000003
2026-07-14	mock_app_id	googleadwords_int	262368493	mc_c13d8f45	0.0	0	0	13	0.0537305542	43.3344957932	43.3882263474
2026-07-14	mock_app_id	googleadwords_int	280939212	mc_45884f7b	1.4128663675999997	799	23	6	0.94862237400000016	0.0	0.94862237400000016	0.67141691228123779	0.2354777279333333
2026-07-14	mock_app_id	googleadwords_int	295094164	mc_15f5ae79	0.0	0	0	0	0.0013070214000000001	0.0	0.0013070214000000001
2026-07-14	mock_app_id	googleadwords_int	351751429	mc_b7e37028	15.542369967956933	3522	96	41	10.420494356600004	0.0	10.420494356600004	0.67045723258959289	0.379082194340413
2026-07-14	mock_app_id	googleadwords_int	369626124	mc_617ec63b	0.2465380808	283	10	4	0.37917888279999995	-47.9832511641	-47.6040722813	-193.09013896282428	0.0616345202
2026-07-14	mock_app_id	googleadwords_int	369804654	mc_92e554bf	0.38193531970000005	1435	29	10	0.56230965120000032	0.0	0.56230965120000032	1.4722640777021603	0.038193531970000007
2026-07-14	mock_app_id	googleadwords_int	414724209	mc_5dcabbd9	0.0	0	0	0	3.1543649371999996	0.0	3.1543649371999996
2026-07-14	mock_app_id	googleadwords_int	429833705	mc_a544a26e	0.0	0	0	0	0.47459144500000006	0.0	0.47459144500000006
2026-07-14	mock_app_id	googleadwords_int	432166127	mc_f8b84857	5.1478820006999992	3848	123	49	3.9708800594999993	0.0	3.9708800594999993	0.77136190358676571	0.10505881634081631
2026-07-14	mock_app_id	googleadwords_int	434877610	mc_0dfbbe6f	0.42978006600000013	975	27	16	0.39130131519999989	0.0	0.39130131519999989	0.91046874007413781	0.026861254125000008
2026-07-14	mock_app_id	googleadwords_int	448176306	mc_d1c03fd5	0.0	0	0	0	0.08013085780000001	0.0	0.08013085780000001
2026-07-14	mock_app_id	googleadwords_int	458610769	mc_e6a4a79e	0.0	0	0	0	0.1892365711	0.0	0.1892365711
2026-07-14	mock_app_id	googleadwords_int	464541057	mc_d8ff83e7	4.0361887867	2565	71	21	5.9229865848999879	0.0	5.9229865848999879	1.4674701551169609	0.19219946603333335
2026-07-14	mock_app_id	googleadwords_int	502057685	mc_befecb98	1.089214751499999	4004	100	50	1.2069183380000008	0.0	1.2069183380000008	1.1080627914173102	0.02178429502999998
2026-07-14	mock_app_id	googleadwords_int	510225620	mc_10287894	9.8932477676000143	104330	4005	1227	2.4657837702000136	6.5133946483999994	8.9791784186000125	0.90760674649294215	0.0080629566158109331
2026-07-14	mock_app_id	googleadwords_int	514288304	mc_c95b5395	0.0	0	0	7	0.0001375812	0.0	0.0001375812
2026-07-14	mock_app_id	googleadwords_int	525989111	mc_c82cc8f4	0.14779965430000003	364	23	9	0.089544978800000036	0.0	0.089544978800000036	0.60585377702064092	0.016422183811111116
2026-07-14	mock_app_id	googleadwords_int	529859974	mc_d2ea5396	2.0989367089	7911	239	87	2.1951755627000056	0.0	2.1951755627000056	1.0458512414366423	0.024125709297701151
2026-07-14	mock_app_id	googleadwords_int	542533692	mc_796ef0d2	0.0	0	0	0	0.0003095577	0.0	0.0003095577
2026-07-14	mock_app_id	googleadwords_int	557162896	mc_b0c8a1e0	0.0	0	0	0	0.014437108699999998	20.3496900697	20.3641271784
2026-07-14	mock_app_id	googleadwords_int	571438578	mc_756e1c81	0.008137	46	1	1	2.29302e-05	0.0	2.29302e-05	0.0028180164679857439	0.008137
2026-07-14	mock_app_id	googleadwords_int	574617314	mc_a3bfa925	0.0	0	0	0	0.035090849400000006	0.0	0.035090849400000006
2026-07-14	mock_app_id	googleadwords_int	585166272	mc_60587c25	0.54426091711457913	435	9	3	0.30368629489999993	0.0	0.30368629489999993	0.55797924368702589	0.1814203057048597
2026-07-14	mock_app_id	googleadwords_int	590094865	mc_23f341fc	0.0002782854	25	0	1	0.0050038792	0.0	0.0050038792	17.981105728148155	0.0002782854
2026-07-14	mock_app_id	googleadwords_int	611748075	mc_628993e1	0.0747896081	116	2	1	0.044199234399999995	0.0	0.044199234399999995	0.59098096009410694	0.0747896081
2026-07-14	mock_app_id	googleadwords_int	611892113	mc_9bfd19ea	1.2035428562999992	2300	113	55	1.0564860347999998	0.0	1.0564860347999998	0.877813390083931	0.021882597387272714
2026-07-14	mock_app_id	googleadwords_int	612287821	mc_6b5afb99	0.0	0	0	0	0.0034306127000000007	0.0	0.0034306127000000007
2026-07-14	mock_app_id	googleadwords_int	622845378	mc_1700d8b1	0.0	0	0	0	0.10938087569999999	0.0	0.10938087569999999
2026-07-14	mock_app_id	googleadwords_int	654635500	mc_67ff1f36	1.8124597910000002	3211	171	90	1.0212448651999995	38.204261	39.2255058652	21.642138523557456	0.020138442122222225
2026-07-14	mock_app_id	googleadwords_int	660741874	mc_7e7497dd	0.12519018610000002	256	8	3	0.0902125024	0.0	0.0902125024	0.72060362884946616	0.041730062033333341
2026-07-14	mock_app_id	googleadwords_int	739276167	mc_1fbdf2e3	74.635741196129118	9538	213	119	77.724618663600012	0.0	77.724618663600012	1.0413860359389195	0.62719110248848
2026-07-14	mock_app_id	googleadwords_int	742036733	mc_e0586969	0.61166349079495919	48	3	0	0.0	0.0	0.0	0.0
2026-07-14	mock_app_id	googleadwords_int	770142071	mc_13d78e8d	0.0	0	0	0	2.2930200000000003e-05	0.0	2.2930200000000003e-05
2026-07-14	mock_app_id	googleadwords_int	788967442	mc_475f8981	0.0716161781	76	2	0	0.0056242685	6.1349826534	6.1406069219	85.743292714191909
2026-07-14	mock_app_id	googleadwords_int	792104306	mc_6fcee95d	26.997935382499982	27036	1185	553	10.176218935999984	43.5834375095	53.759656445499985	1.9912506524608882	0.048820859642857109
2026-07-14	mock_app_id	googleadwords_int	807898159	mc_ce3403c4	0.0	0	0	0	0.0	0.0	0.0
2026-07-14	mock_app_id	googleadwords_int	810543724	mc_c492b014	1.6533464519000003	271	10	4	2.8501996559	0.0	2.8501996559	1.7238974037320456	0.41333661297500007
2026-07-14	mock_app_id	googleadwords_int	833789410	mc_970b80f7	0.0	0	0	0	0.74622514199998347	60.2180975957	60.964322737699987
2026-07-14	mock_app_id	googleadwords_int	834117318	mc_ae804aae	0.0	0	0	5	0.0	0.0	0.0
2026-07-14	mock_app_id	googleadwords_int	848321939	mc_c41abc99	0.00075429989999999992	78	0	0	0.0	0.0	0.0	0.0
2026-07-14	mock_app_id	googleadwords_int	900383572	mc_45368c6d	2.3037157056999975	9302	253	140	4.4180520808999875	0.0	4.4180520808999875	1.9177939664901213	0.016455112183571412
2026-07-14	mock_app_id	googleadwords_int	913642206	mc_6fdcae3c	0.0	0	0	0	0.0040051416000000005	0.0	0.0040051416000000005
2026-07-14	mock_app_id	googleadwords_int	972671114	mc_9911559c	0.2921003986	427	14	5	0.11250447850000002	0.0	0.11250447850000002	0.38515688112450258	0.05842007972
2026-07-14	mock_app_id	googleadwords_int	974591165	mc_674dbd59	0.2101844059	585	21	5	0.13647418090000002	0.0	0.13647418090000002	0.64930688038260409	0.04203688118
2026-07-14	mock_app_id	googleadwords_int	976430758	mc_989b490b	0.0	0	0	0	0.0	0.0	0.0
2026-07-14	mock_app_id	googleadwords_int	989105150	mc_58ab9c06	0.053929594899999996	169	8	5	0.056884730599999996	0.0	0.056884730599999996	1.0547961783410318	0.01078591898
2026-07-14	mock_app_id	googleadwords_int	998337322	mc_fe944d1c	16.6037413469	19863	810	366	19.367613807799955	101.9985258358	121.36613964359995	7.3095657844766171	0.045365413516120223
2026-07-14	mock_app_id	other		Unattributed	0.0	0	0	1267	14.370087547100084	87.2372669113	101.60735445840008
2026-07-14	mock_app_id	unknown		Unattributed	0.0	0	0	16	0.30348247089999997	71.4443999451	71.747882416
2026-07-15	mock_app_id	googleadwords_int		Unattributed	0.0	0	0	1034	4.3716133303000175	25.8174574069	30.189070737200019
2026-07-15	mock_app_id	googleadwords_int	109075442	mc_df87094f	0.0	0	0	0	1.017374757	59.847822	60.865196757
2026-07-15	mock_app_id	googleadwords_int	117758408	mc_9cb1c00c	0.0	0	0	0	0.0024153144	0.0	0.0024153144
2026-07-15	mock_app_id	googleadwords_int	126634786	mc_fb57024c	0.0	0	0	0	0.1354244873	0.0	0.1354244873
2026-07-15	mock_app_id	googleadwords_int	132608256	mc_9772a6c4	0.0	0	0	0	2.80258e-05	0.0	2.80258e-05
2026-07-15	mock_app_id	googleadwords_int	140410898	mc_a2e93e84	45.4714649402	7598	224	85	27.3063904530001	66.204583	93.5109734530001	2.0564759366336087	0.53495841106117648
2026-07-15	mock_app_id	googleadwords_int	148918961	mc_993fe179	17.928396124900004	30055	765	210	3.6344430695000018	35.0904850646	38.724928134100004	2.1599772709348248	0.085373314880476212
2026-07-15	mock_app_id	googleadwords_int	161332031	mc_12520749	3.6133723653000023	39657	1457	505	1.1733103081999992	0.0	1.1733103081999992	0.32471336734280482	0.0071551928025742617
2026-07-15	mock_app_id	googleadwords_int	161694703	mc_2c0c0430	30.138055759300009	56968	2680	801	16.024566446007611	43.9434633058	59.968029751807613	1.989777649585198	0.037625537776903882
2026-07-15	mock_app_id	googleadwords_int	180761354	mc_07fb7039	0.66788414630000015	2176	79	38	0.41820226149999973	0.0	0.41820226149999973	0.62615988688575885	0.017575898586842109
2026-07-15	mock_app_id	googleadwords_int	232552584	mc_a5da28b5	18.222771829229352	2790	68	26	15.050453333000002	0.0	15.050453333000002	0.82591460146908346	0.70087583958574429
2026-07-15	mock_app_id	googleadwords_int	243641668	mc_1e8723bd	10.747453878493811	22603	680	257	9.7937355566000424	26.3004323878	36.094167944400041	3.3583924483385097	0.041818886686746347
2026-07-15	mock_app_id	googleadwords_int	258346999	mc_8ba2a925	0.0	21	0	0	0.0	0.0	0.0
2026-07-15	mock_app_id	googleadwords_int	261307969	mc_b4ba1e63	0.0	0	0	0	0.56591988380000036	27.210363871000002	27.7762837548
2026-07-15	mock_app_id	googleadwords_int	262368493	mc_c13d8f45	0.0	0	0	15	0.0710403074	41.3191668847	41.3902071921
2026-07-15	mock_app_id	googleadwords_int	265069104	mc_b8b1eac5	0.0	0	0	0	0.0	0.0	0.0
2026-07-15	mock_app_id	googleadwords_int	280939212	mc_45884f7b	1.2909399321999997	1096	29	10	0.1399111631	0.0	0.1399111631	0.108379297603387	0.12909399321999998
2026-07-15	mock_app_id	googleadwords_int	324659865	mc_cb530cbb	0.0	0	0	0	0.0012598871000000002	0.0	0.0012598871000000002
2026-07-15	mock_app_id	googleadwords_int	351751429	mc_b7e37028	19.046496179226693	3833	78	29	10.759472777100008	0.0	10.759472777100008	0.56490562231781849	0.65677573031816183
2026-07-15	mock_app_id	googleadwords_int	369626124	mc_617ec63b	0.2248554169	565	13	1	0.10700123049999999	0.0	0.10700123049999999	0.47586681243968731	0.2248554169
2026-07-15	mock_app_id	googleadwords_int	369804654	mc_92e554bf	0.6812825305	1786	31	11	1.3229617106999998	0.0	1.3229617106999998	1.9418694175661089	0.0619347755
2026-07-15	mock_app_id	googleadwords_int	414724209	mc_5dcabbd9	0.0	0	0	0	1.9615117290999997	-16.560700000000004	-14.599188270900004
2026-07-15	mock_app_id	googleadwords_int	429833705	mc_a544a26e	0.0	0	0	0	0.020867755900000003	0.0	0.020867755900000003
2026-07-15	mock_app_id	googleadwords_int	432166127	mc_f8b84857	4.6743915981000024	3742	111	51	5.8291727671999993	0.0	5.8291727671999993	1.2470441649709836	0.091654737217647109
2026-07-15	mock_app_id	googleadwords_int	434877610	mc_0dfbbe6f	0.44970432420000006	1714	39	14	0.58789465880000014	0.0	0.58789465880000014	1.3072915406046701	0.032121737442857144
2026-07-15	mock_app_id	googleadwords_int	448176306	mc_d1c03fd5	0.0	0	0	0	0.1458730151	21.7656846974	21.911557712500002
2026-07-15	mock_app_id	googleadwords_int	464541057	mc_d8ff83e7	4.2799399450000015	3214	65	14	2.7826829558999955	0.0	2.7826829558999955	0.65016869200485816	0.30570999607142868
2026-07-15	mock_app_id	googleadwords_int	502057685	mc_befecb98	1.9277065631000012	6565	152	60	1.4844400008	0.0	1.4844400008	0.77005496023877651	0.032128442718333351
2026-07-15	mock_app_id	googleadwords_int	510225620	mc_10287894	8.2860226454000241	101195	3788	1145	2.5233767892000016	0.0	2.5233767892000016	0.304534141069582	0.0072367010003493663
2026-07-15	mock_app_id	googleadwords_int	513913086	mc_2472b5d9	0.0	0	0	0	0.0	0.0	0.0
2026-07-15	mock_app_id	googleadwords_int	514288304	mc_c95b5395	0.0	0	0	8	0.049618405000000011	0.0	0.049618405000000011
2026-07-15	mock_app_id	googleadwords_int	525989111	mc_c82cc8f4	0.13538096489999998	292	22	7	0.0885729931	0.0	0.0885729931	0.65424997646770355	0.019340137842857142
2026-07-15	mock_app_id	googleadwords_int	529859974	mc_d2ea5396	2.535347616200001	9594	284	89	1.6986768594000008	0.0	1.6986768594000008	0.66999761632134336	0.028487051867415743
2026-07-15	mock_app_id	googleadwords_int	532599141	mc_759b1811	0.0	0	0	0	0.0314360303	0.0	0.0314360303
2026-07-15	mock_app_id	googleadwords_int	542533692	mc_796ef0d2	0.0	0	0	0	0.006178415	0.0	0.006178415
2026-07-15	mock_app_id	googleadwords_int	557162896	mc_b0c8a1e0	0.0	0	0	0	9.04469e-05	-14.562801865199999	-14.5627114183
2026-07-15	mock_app_id	googleadwords_int	571438578	mc_756e1c81	0.032548	53	4	2	0.0050051531	0.0	0.0050051531	0.1537775930932776	0.016274
2026-07-15	mock_app_id	googleadwords_int	574617314	mc_a3bfa925	0.0	0	0	0	0.0003235706	0.0	0.0003235706
2026-07-15	mock_app_id	googleadwords_int	585166272	mc_60587c25	0.70736438724310136	428	11	4	1.7682802075999995	0.0	1.7682802075999995	2.4998151440613747	0.17684109681077534
2026-07-15	mock_app_id	googleadwords_int	590094865	mc_23f341fc	0.0178452547	16	2	0	0.0012063833	0.0	0.0012063833	0.0676024702522178
2026-07-15	mock_app_id	googleadwords_int	611748075	mc_628993e1	0.21513983890000002	115	3	1	0.0	0.0	0.0	0.0	0.21513983890000002
2026-07-15	mock_app_id	googleadwords_int	611892113	mc_9bfd19ea	1.5014717879999986	3455	147	55	1.5054797332000014	0.0	1.5054797332000014	1.0026693443273693	0.027299487054545428
2026-07-15	mock_app_id	googleadwords_int	612287821	mc_6b5afb99	0.0	0	0	0	0.016240951099999991	0.0	0.016240951099999991
2026-07-15	mock_app_id	googleadwords_int	654635500	mc_67ff1f36	2.4225500811000011	3665	180	89	1.2687317876999995	-38.204261	-36.935529212300004	-15.246549287240651	0.027219663832584281
2026-07-15	mock_app_id	googleadwords_int	660741874	mc_7e7497dd	0.0352885416	74	2	0	0.032494641200000007	0.0	0.032494641200000007	0.92082698027962728
2026-07-15	mock_app_id	googleadwords_int	693949602	mc_cc915a95	0.0	0	0	0	0.0034713775000000005	0.0	0.0034713775000000005
2026-07-15	mock_app_id	googleadwords_int	739276167	mc_1fbdf2e3	82.861118770261953	9179	240	104	68.6587577194997	0.0	68.6587577194997	0.82860041885097813	0.79674152663713416
2026-07-15	mock_app_id	googleadwords_int	742036733	mc_e0586969	0.0019093385592862289	51	0	0	0.0	0.0	0.0	0.0
2026-07-15	mock_app_id	googleadwords_int	788967442	mc_475f8981	0.0011261608	72	0	0	0.0010344068000000001	0.0	0.0010344068000000001	0.91852495664917488
2026-07-15	mock_app_id	googleadwords_int	792104306	mc_6fcee95d	32.461151357900029	32928	1396	592	12.607136063199992	21.643561	34.250697063199993	1.0551288426454548	0.054833025942398694
2026-07-15	mock_app_id	googleadwords_int	807898159	mc_ce3403c4	0.0	0	0	0	0.20761130470000003	0.0	0.20761130470000003
2026-07-15	mock_app_id	googleadwords_int	810543724	mc_c492b014	0.98568688679999994	456	6	4	0.8522683997	0.0	0.8522683997	0.86464414928645483	0.24642172169999998
2026-07-15	mock_app_id	googleadwords_int	827748605	mc_cdc62e82	0.0	0	0	0	0.0047541948	0.0	0.0047541948
2026-07-15	mock_app_id	googleadwords_int	833789410	mc_970b80f7	0.0	0	0	0	0.72588095899999472	53.491061	54.216941958999996
2026-07-15	mock_app_id	googleadwords_int	834117318	mc_ae804aae	0.0	0	0	1	0.0	0.0	0.0
2026-07-15	mock_app_id	googleadwords_int	848321939	mc_c41abc99	0.0	1	0	0	0.0	0.0	0.0
2026-07-15	mock_app_id	googleadwords_int	889798464	mc_2254e49d	0.0	0	0	0	0.0204002346	0.0	0.0204002346
2026-07-15	mock_app_id	googleadwords_int	900383572	mc_45368c6d	4.0998534884000053	14814	392	158	6.0068295872999853	0.0	6.0068295872999853	1.4651327429859426	0.025948439800000035
2026-07-15	mock_app_id	googleadwords_int	914138760	mc_0365d47f	0.0	0	0	0	0.0061745933	0.0	0.0061745933
2026-07-15	mock_app_id	googleadwords_int	972671114	mc_9911559c	0.18689387079999997	493	11	4	0.27216363940000005	0.0	0.27216363940000005	1.4562470039012114	0.046723467699999993
2026-07-15	mock_app_id	googleadwords_int	974591165	mc_674dbd59	0.19829218040000002	730	31	18	0.33293886060000005	0.0	0.33293886060000005	1.6790317193970399	0.011016232244444445
2026-07-15	mock_app_id	googleadwords_int	998337322	mc_fe944d1c	21.156269164499992	27418	1013	395	21.971704901000045	-42.1507038358	-20.178998934799957	-0.95380706200600407	0.053560175099999982
2026-07-15	mock_app_id	other		Unattributed	0.0	0	0	2444	15.402026802800016	21.643561	37.045587802800014
2026-07-15	mock_app_id	unknown		Unattributed	0.0	0	0	29	0.71856367740000016	155.2864074292	156.0049711066
2026-07-16	mock_app_id	googleadwords_int		Unattributed	0.0	0	0	1197	5.95511816459996	108.217805	114.17292316459996
2026-07-16	mock_app_id	googleadwords_int	109075442	mc_df87094f	0.0	0	0	0	0.0	50.943261000000007	50.943261000000007
2026-07-16	mock_app_id	googleadwords_int	126634786	mc_fb57024c	0.0	0	0	0	0.3053742124	38.204261	38.5096352124
2026-07-16	mock_app_id	googleadwords_int	132608256	mc_9772a6c4	0.0	0	0	0	0.0819474392	0.0	0.0819474392
2026-07-16	mock_app_id	googleadwords_int	140410898	mc_a2e93e84	38.6796990049	7814	211	77	25.97520444389988	201.187027	227.16223144389988	5.8729058727970616	0.50233375331038965
2026-07-16	mock_app_id	googleadwords_int	148918961	mc_993fe179	16.945903010599995	29213	794	230	3.1645599589000062	12.1991313712	15.363691330100007	0.90663161004106518	0.073677839176521723
2026-07-16	mock_app_id	googleadwords_int	161332031	mc_12520749	3.7472577496000024	41792	1564	517	1.3380281260000022	0.0	1.3380281260000022	0.35706861267891937	0.0072480807535783408
2026-07-16	mock_app_id	googleadwords_int	161694703	mc_2c0c0430	30.917005073400016	57017	2800	807	16.36102764010532	24.770861931700004	41.131889571805324	1.3303969603185744	0.038311034787360615
2026-07-16	mock_app_id	googleadwords_int	180761354	mc_07fb7039	0.92061122930000017	2252	105	55	0.51301609069999943	0.0	0.51301609069999943	0.55725595601313538	0.01673838598727273
2026-07-16	mock_app_id	googleadwords_int	199581943	mc_f81bdda1	0.0	0	0	0	0.0041287098999999994	0.0	0.0041287098999999994
2026-07-16	mock_app_id	googleadwords_int	232552584	mc_a5da28b5	13.181375725202182	2327	51	19	5.2885448940000073	0.0	5.2885448940000073	0.40121342447500025	0.69375661711590431
2026-07-16	mock_app_id	googleadwords_int	243641668	mc_1e8723bd	8.9903495487180347	20525	608	236	8.3930328244999846	0.0	8.3930328244999846	0.9335602335614166	0.038094701477618793
2026-07-16	mock_app_id	googleadwords_int	258346999	mc_8ba2a925	0.0029691913	19	1	0	0.0	0.0	0.0	0.0
2026-07-16	mock_app_id	googleadwords_int	261307969	mc_b4ba1e63	0.0	0	0	0	0.036805518800000048	0.0	0.036805518800000048
2026-07-16	mock_app_id	googleadwords_int	262368493	mc_c13d8f45	0.0	0	0	14	0.22074521369999997	20.3491397449	20.5698849586
2026-07-16	mock_app_id	googleadwords_int	265069104	mc_b8b1eac5	0.0	0	0	0	0.0097644435	41.4307031992	41.440467642700007
2026-07-16	mock_app_id	googleadwords_int	280939212	mc_45884f7b	1.5224660617	1047	19	7	0.59960816929999983	0.0	0.59960816929999983	0.39384008903979878	0.21749515167142858
2026-07-16	mock_app_id	googleadwords_int	295094164	mc_15f5ae79	0.0	0	0	0	0.003668832	0.0	0.003668832
2026-07-16	mock_app_id	googleadwords_int	324659865	mc_cb530cbb	0.0	0	0	0	0.0036140543	0.0	0.0036140543
2026-07-16	mock_app_id	googleadwords_int	351751429	mc_b7e37028	25.525834024480019	3810	98	49	21.286113577299997	0.0	21.286113577299997	0.83390472400964422	0.52093538825469432
2026-07-16	mock_app_id	googleadwords_int	369626124	mc_617ec63b	0.2264087702	495	11	4	0.12885880669999991	0.0	0.12885880669999991	0.56914229332269883	0.05660219255
2026-07-16	mock_app_id	googleadwords_int	369804654	mc_92e554bf	0.70117586809999988	1602	29	10	0.96447478560000011	0.0	0.96447478560000011	1.3755105237912284	0.07011758681
2026-07-16	mock_app_id	googleadwords_int	414724209	mc_5dcabbd9	0.0	0	0	0	0.9246131807000012	0.0	0.9246131807000012
2026-07-16	mock_app_id	googleadwords_int	429833705	mc_a544a26e	0.0	0	0	0	0.035191487500000007	0.0	0.035191487500000007
2026-07-16	mock_app_id	googleadwords_int	432166127	mc_f8b84857	4.0641743708000018	3558	107	40	3.362614465800001	0.0	3.362614465800001	0.82737947711089377	0.10160435927000004
2026-07-16	mock_app_id	googleadwords_int	434877610	mc_0dfbbe6f	0.5331093879	1401	39	22	0.4983191064	0.0	0.4983191064	0.9347408200087336	0.024232244904545452
2026-07-16	mock_app_id	googleadwords_int	448176306	mc_d1c03fd5	0.0	0	0	0	0.14756730210000002	25.8406780561	25.9882453582
2026-07-16	mock_app_id	googleadwords_int	458610769	mc_e6a4a79e	0.0	0	0	0	0.48570749640000005	0.0	0.48570749640000005
2026-07-16	mock_app_id	googleadwords_int	464541057	mc_d8ff83e7	3.1858202099	2538	58	21	3.3337338788999982	0.0	3.3337338788999982	1.0464287559418304	0.15170572428095239
2026-07-16	mock_app_id	googleadwords_int	502057685	mc_befecb98	1.4506863299000003	5028	118	47	0.99003431520000051	0.0	0.99003431520000051	0.68245925724566947	0.030865666593617027
2026-07-16	mock_app_id	googleadwords_int	510225620	mc_10287894	8.2291857004000111	98549	3651	1127	2.5692613933000068	0.0	2.5692613933000068	0.312213320593205	0.0073018506658385192
2026-07-16	mock_app_id	googleadwords_int	513913086	mc_2472b5d9	0.0	0	0	0	0.0110740127	0.0	0.0110740127
2026-07-16	mock_app_id	googleadwords_int	514288304	mc_c95b5395	0.0	0	0	6	0.0	0.0	0.0
2026-07-16	mock_app_id	googleadwords_int	516932962	mc_60e17b09	0.0	1	0	0	0.0	0.0	0.0
2026-07-16	mock_app_id	googleadwords_int	525989111	mc_c82cc8f4	0.16498662570000003	326	16	9	0.14049715709999994	0.0	0.14049715709999994	0.85156694673827682	0.018331847300000002
2026-07-16	mock_app_id	googleadwords_int	529859974	mc_d2ea5396	2.8104530765999991	10291	337	107	1.7346849168000016	0.0	1.7346849168000016	0.61722607334849044	0.02626591660373831
2026-07-16	mock_app_id	googleadwords_int	542533692	mc_796ef0d2	0.0	0	0	0	0.0036369845	0.0	0.0036369845
2026-07-16	mock_app_id	googleadwords_int	557162896	mc_b0c8a1e0	0.0	0	0	0	0.0137007945	0.0	0.0137007945
2026-07-16	mock_app_id	googleadwords_int	571438578	mc_756e1c81	0.016274	42	2	2	0.0213174426	0.0	0.0213174426	1.3099079882020401	0.008137
2026-07-16	mock_app_id	googleadwords_int	574617314	mc_a3bfa925	0.0	0	0	0	0.0031923934	0.0	0.0031923934
2026-07-16	mock_app_id	googleadwords_int	585166272	mc_60587c25	0.7807747986001442	417	11	6	0.3329095609	0.0	0.3329095609	0.42638358909236768	0.13012913310002402
2026-07-16	mock_app_id	googleadwords_int	590094865	mc_23f341fc	4.8822e-05	12	0	0	0.0	0.0	0.0	0.0
2026-07-16	mock_app_id	googleadwords_int	611748075	mc_628993e1	0.0562282974	84	1	0	0.0	0.0	0.0	0.0
2026-07-16	mock_app_id	googleadwords_int	611892113	mc_9bfd19ea	1.3713237277999992	3263	132	50	1.0392539894999997	0.0	1.0392539894999997	0.75784730361755237	0.027426474555999985
2026-07-16	mock_app_id	googleadwords_int	612287821	mc_6b5afb99	0.0	0	0	0	0.0071414834000000007	0.0	0.0071414834000000007
2026-07-16	mock_app_id	googleadwords_int	614391176	mc_c7abcb25	0.0	0	0	0	0.00089300389999999994	0.0	0.00089300389999999994
2026-07-16	mock_app_id	googleadwords_int	654635500	mc_67ff1f36	2.2753297812	3371	190	110	1.279060568900001	0.0	1.279060568900001	0.56214293834163653	0.020684816192727273
2026-07-16	mock_app_id	googleadwords_int	660741874	mc_7e7497dd	0.0	46	0	0	0.0	0.0	0.0
2026-07-16	mock_app_id	googleadwords_int	739276167	mc_1fbdf2e3	53.154883446845723	6843	162	65	42.458932858100056	0.0	42.458932858100056	0.79877764948085161	0.81776743764378035
2026-07-16	mock_app_id	googleadwords_int	742036733	mc_e0586969	0.74187078492243119	58	1	2	0.6240797883	0.0	0.6240797883	0.84122437624397461	0.3709353924612156
2026-07-16	mock_app_id	googleadwords_int	750609416	mc_09bed4a1	0.0	0	0	0	0.0	0.0	0.0
2026-07-16	mock_app_id	googleadwords_int	788967442	mc_475f8981	0.0015321971	98	1	0	0.0093988342000000009	34.9493687921	34.9587676263	22816.103506722473
2026-07-16	mock_app_id	googleadwords_int	792104306	mc_6fcee95d	34.346494257900005	32072	1424	583	11.642350445999972	65.114979386899989	76.757329832899956	2.2347937246971012	0.058913369224528313
2026-07-16	mock_app_id	googleadwords_int	807898159	mc_ce3403c4	0.0	0	0	0	0.0690797753	0.0	0.0690797753
2026-07-16	mock_app_id	googleadwords_int	810543724	mc_c492b014	1.2993544039	277	9	2	0.6628369219	0.0	0.6628369219	0.5101278911361683	0.64967720195
2026-07-16	mock_app_id	googleadwords_int	814867945	mc_0c4816a3	0.0	0	0	0	0.0	0.0	0.0
2026-07-16	mock_app_id	googleadwords_int	821866242	mc_e6535e2b	0.0	0	0	0	0.0	0.0	0.0
2026-07-16	mock_app_id	googleadwords_int	833789410	mc_970b80f7	0.0	0	0	0	0.91477485099999944	46.8170555874	47.731830438399996
2026-07-16	mock_app_id	googleadwords_int	834117318	mc_ae804aae	0.0	0	0	4	0.0	0.0	0.0
2026-07-16	mock_app_id	googleadwords_int	848321939	mc_c41abc99	0.0	1	0	0	0.0	0.0	0.0
2026-07-16	mock_app_id	googleadwords_int	900383572	mc_45368c6d	4.6061831956000034	14306	379	155	5.6457413584000085	0.0	5.6457413584000085	1.2256875418661224	0.029717310939354862
2026-07-16	mock_app_id	googleadwords_int	914138760	mc_0365d47f	0.0	0	0	0	0.0031223289000000005	0.0	0.0031223289000000005
2026-07-16	mock_app_id	googleadwords_int	968884154	mc_90337527	0.0	0	0	0	0.049592926999999995	0.0	0.049592926999999995
2026-07-16	mock_app_id	googleadwords_int	972671114	mc_9911559c	0.0788361382	444	5	2	0.081786927799999992	0.0	0.081786927799999992	1.0374294031566349	0.0394180691
2026-07-16	mock_app_id	googleadwords_int	974591165	mc_674dbd59	0.2054315842	552	33	10	0.22748414470000006	0.0	0.22748414470000006	1.1073474684327536	0.02054315842
2026-07-16	mock_app_id	googleadwords_int	989105150	mc_58ab9c06	0.0	1	0	0	0.0	0.0	0.0
2026-07-16	mock_app_id	googleadwords_int	998337322	mc_fe944d1c	19.646261663499992	26192	977	398	17.630125037100026	55.734867695199995	73.364992732300024	3.7342978521253194	0.049362466491206007
2026-07-16	mock_app_id	other		Unattributed	0.0	0	0	1386	12.37349006420002	45.4507124861	57.824202550300022
2026-07-16	mock_app_id	unknown		Unattributed	0.0	0	0	23	0.3270878378999999	117.7946552599	118.12174309779999
2026-07-17	mock_app_id	googleadwords_int		Unattributed	0.0	0	0	1847	1.8665705098999892	90.91352957	92.780100079899981
2026-07-17	mock_app_id	googleadwords_int	109075442	mc_df87094f	0.0	0	0	0	0.00039236119999999994	47.096083	47.0964753612
2026-07-17	mock_app_id	googleadwords_int	126634786	mc_fb57024c	0.0	0	0	0	0.5418329826	38.204261	38.7460939826
2026-07-17	mock_app_id	googleadwords_int	132608256	mc_9772a6c4	0.0	0	0	0	0.0	0.0	0.0
2026-07-17	mock_app_id	googleadwords_int	140410898	mc_a2e93e84	35.160612499700015	7587	198	84	26.75727458410001	59.847822	86.605096584100011	2.4631282115702309	0.41857872023452397
2026-07-17	mock_app_id	googleadwords_int	148918961	mc_993fe179	19.730893786799992	36567	874	273	3.8024500971000026	-34.9493687921	-31.146918695	-1.5785863038722225	0.0722743362153846
2026-07-17	mock_app_id	googleadwords_int	161332031	mc_12520749	2.8314766435000003	25421	884	287	1.006870177600002	0.0	1.006870177600002	0.35559896985602729	0.0098657722770034845
2026-07-17	mock_app_id	googleadwords_int	161694703	mc_2c0c0430	36.082773013800015	65517	3073	897	18.420708651000531	43.6495414544	62.070250105400532	1.7202184012204798	0.040226056871571922
2026-07-17	mock_app_id	googleadwords_int	180761354	mc_07fb7039	0.47341716959999997	1595	61	29	0.41242512499999989	0.0	0.41242512499999989	0.8711663866109175	0.016324729986206897
2026-07-17	mock_app_id	googleadwords_int	232552584	mc_a5da28b5	23.5841925918512	2796	72	27	11.787646384399995	45.458851433199996	57.246497817599987	2.4273248954632338	0.87348861451300741
2026-07-17	mock_app_id	googleadwords_int	243641668	mc_1e8723bd	9.9814014829163025	22109	623	258	7.2118574576999981	-26.0999804011	-18.888122943400003	-1.89233175077949	0.038687602646962416
2026-07-17	mock_app_id	googleadwords_int	258346999	mc_8ba2a925	0.0	36	0	0	0.0	0.0	0.0
2026-07-17	mock_app_id	googleadwords_int	261307969	mc_b4ba1e63	0.0	0	0	0	0.52635764540000007	-45.5475760204	-45.021218375000004
2026-07-17	mock_app_id	googleadwords_int	262368493	mc_c13d8f45	0.0	0	0	16	0.067403322899999993	-20.3491397449	-20.281736422
2026-07-17	mock_app_id	googleadwords_int	265069104	mc_b8b1eac5	0.0	0	0	0	0.0224626787	0.0	0.0224626787
2026-07-17	mock_app_id	googleadwords_int	280939212	mc_45884f7b	1.1074448862999997	1210	25	6	0.62639828629999994	0.0	0.62639828629999994	0.56562479456003611	0.18457414771666661
2026-07-17	mock_app_id	googleadwords_int	295094164	mc_15f5ae79	0.0	0	0	0	0.0415660831	0.0	0.0415660831
2026-07-17	mock_app_id	googleadwords_int	324659865	mc_cb530cbb	0.0	0	0	0	0.00063695000000000006	0.0	0.00063695000000000006
2026-07-17	mock_app_id	googleadwords_int	351751429	mc_b7e37028	27.9616110054511	4128	101	50	14.999432364099993	0.0	14.999432364099993	0.53642947687012243	0.559232220109022
2026-07-17	mock_app_id	googleadwords_int	369626124	mc_617ec63b	0.3026972137	471	12	4	0.16153051999999993	0.0	0.16153051999999993	0.53363728732597815	0.075674303425
2026-07-17	mock_app_id	googleadwords_int	369804654	mc_92e554bf	0.51066510079999983	1893	29	11	0.95543901290000011	0.0	0.95543901290000011	1.8709698614673775	0.046424100072727258
2026-07-17	mock_app_id	googleadwords_int	414724209	mc_5dcabbd9	0.0	0	0	0	1.2344434953000012	81.491383	82.7258264953
2026-07-17	mock_app_id	googleadwords_int	429833705	mc_a544a26e	0.0	0	0	0	0.016620573300000004	0.0	0.016620573300000004
2026-07-17	mock_app_id	googleadwords_int	432166127	mc_f8b84857	3.2356992062000005	3813	91	42	3.2302702686999996	0.0	3.2302702686999996	0.99832217485185326	0.0770404572904762
2026-07-17	mock_app_id	googleadwords_int	434877610	mc_0dfbbe6f	0.67655330610000008	1523	44	19	0.4082632937	0.0	0.4082632937	0.60344586305170655	0.035608068742105266
2026-07-17	mock_app_id	googleadwords_int	448176306	mc_d1c03fd5	0.0	0	0	0	0.3370535576	23.140868664699997	23.4779222223
2026-07-17	mock_app_id	googleadwords_int	458610769	mc_e6a4a79e	0.0	0	0	0	0.00038217	38.204261	38.204643170000004
2026-07-17	mock_app_id	googleadwords_int	464541057	mc_d8ff83e7	3.8513218426000004	2694	52	16	2.2244051982	0.0	2.2244051982	0.57756928377045724	0.24070761516250003
2026-07-17	mock_app_id	googleadwords_int	502057685	mc_befecb98	2.809898946899998	7128	191	82	1.4960681599999996	0.0	1.4960681599999996	0.5324277450085978	0.034267060328048757
2026-07-17	mock_app_id	googleadwords_int	510225620	mc_10287894	13.032045881900023	134860	5176	1600	3.9053328089000332	0.0	3.9053328089000332	0.2996715054789732	0.0081450286761875143
2026-07-17	mock_app_id	googleadwords_int	513913086	mc_2472b5d9	0.0	0	0	0	0.0	0.0	0.0
2026-07-17	mock_app_id	googleadwords_int	514288304	mc_c95b5395	0.0	0	0	6	0.0	0.0	0.0
2026-07-17	mock_app_id	googleadwords_int	516932962	mc_60e17b09	0.0	1	0	0	0.0	0.0	0.0
2026-07-17	mock_app_id	googleadwords_int	525989111	mc_c82cc8f4	0.1538096425	312	15	5	0.12584858099999996	0.0	0.12584858099999996	0.81820995715531908	0.0307619285
2026-07-17	mock_app_id	googleadwords_int	529859974	mc_d2ea5396	3.2621184178000004	10817	355	105	2.257125319700013	0.0	2.257125319700013	0.69192010547006344	0.0310677944552381
2026-07-17	mock_app_id	googleadwords_int	542533692	mc_796ef0d2	0.0	0	0	0	0.0096319579	0.0	0.0096319579
2026-07-17	mock_app_id	googleadwords_int	557162896	mc_b0c8a1e0	0.0	0	0	0	0.0085580602000000019	0.0	0.0085580602000000019
2026-07-17	mock_app_id	googleadwords_int	571438578	mc_756e1c81	0.040685	60	5	3	0.0341252332	0.0	0.0341252332	0.83876694604891244	0.013561666666666666
2026-07-17	mock_app_id	googleadwords_int	574617314	mc_a3bfa925	0.0	0	0	0	0.02318498	0.0	0.02318498
2026-07-17	mock_app_id	googleadwords_int	585166272	mc_60587c25	1.0587578522117318	396	17	5	1.1052496529	0.0	1.1052496529	1.0439116466443648	0.21175157044234635
2026-07-17	mock_app_id	googleadwords_int	590094865	mc_23f341fc	0.033849920000000006	19	4	1	0.0160103752	0.0	0.0160103752	0.47298118282111146	0.033849920000000006
2026-07-17	mock_app_id	googleadwords_int	611748075	mc_628993e1	0.12768824510000001	102	5	1	0.039350771000000007	0.0	0.039350771000000007	0.30817849340150422	0.12768824510000001
2026-07-17	mock_app_id	googleadwords_int	611892113	mc_9bfd19ea	1.3326111365999982	3499	133	52	1.2398053404000007	0.0	1.2398053404000007	0.93035793139416445	0.025627137242307658
2026-07-17	mock_app_id	googleadwords_int	612287821	mc_6b5afb99	0.0	0	0	0	0.02197222720000001	0.0	0.02197222720000001
2026-07-17	mock_app_id	googleadwords_int	654635500	mc_67ff1f36	2.9719554388999985	3826	186	99	1.1765676705	0.0	1.1765676705	0.3958900779937265	0.030019751908080792
2026-07-17	mock_app_id	googleadwords_int	660741874	mc_7e7497dd	0.015278844899999998	111	1	0	0.0	0.0	0.0	0.0
2026-07-17	mock_app_id	googleadwords_int	739276167	mc_1fbdf2e3	52.979526994672469	7721	167	83	62.8051400852006	39.465422000000004	102.27056208520059	1.9303789196812713	0.63830755415268037
2026-07-17	mock_app_id	googleadwords_int	742036733	mc_e0586969	0.4297200356521314	53	2	1	0.56065612900000006	0.0	0.56065612900000006	1.3047009273122758	0.4297200356521314
2026-07-17	mock_app_id	googleadwords_int	788967442	mc_475f8981	0.0035664470999999995	103	1	0	0.0103224117	-18.7310408822	-18.7207184705	-5249.1227110868967
2026-07-17	mock_app_id	googleadwords_int	792104306	mc_6fcee95d	34.27577559089994	35426	1434	603	11.798008287000117	48.881829650499995	60.67983793750011	1.7703417907080219	0.056842082240298408
2026-07-17	mock_app_id	googleadwords_int	807898159	mc_ce3403c4	0.0	0	0	0	0.4102225519	44.573761000000005	44.9839835519
2026-07-17	mock_app_id	googleadwords_int	810543724	mc_c492b014	0.784357978	269	6	3	0.3429580841	0.0	0.3429580841	0.43724688690550939	0.26145265933333334
2026-07-17	mock_app_id	googleadwords_int	821866242	mc_e6535e2b	0.0	0	0	0	0.0115580947	0.0	0.0115580947
2026-07-17	mock_app_id	googleadwords_int	822177103	mc_96cf8fb0	0.0	0	0	0	0.0073160077	0.0	0.0073160077
2026-07-17	mock_app_id	googleadwords_int	827748605	mc_cdc62e82	0.0	0	0	0	0.0091427803	0.0	0.0091427803
2026-07-17	mock_app_id	googleadwords_int	833789410	mc_970b80f7	0.0	0	0	0	0.97917049600004147	3.9553524923999941	4.9345229884000359
2026-07-17	mock_app_id	googleadwords_int	834117318	mc_ae804aae	0.0	0	0	5	0.0	0.0	0.0
2026-07-17	mock_app_id	googleadwords_int	889798464	mc_2254e49d	0.0	0	0	0	1.2739000000000001e-05	0.0	1.2739000000000001e-05
2026-07-17	mock_app_id	googleadwords_int	900383572	mc_45368c6d	3.7257207379999979	12875	327	138	4.1130422038999921	0.0	4.1130422038999921	1.1039588023733395	0.026997976362318824
2026-07-17	mock_app_id	googleadwords_int	972671114	mc_9911559c	0.2508531319	569	16	5	0.25221691320000006	0.0	0.25221691320000006	1.0054365727454568	0.050170626380000007
2026-07-17	mock_app_id	googleadwords_int	974591165	mc_674dbd59	0.75295648129999992	1693	86	37	0.3981892924999999	0.0	0.3981892924999999	0.52883440462922271	0.020350175170270268
2026-07-17	mock_app_id	googleadwords_int	989105150	mc_58ab9c06	0.0	2	0	0	0.0	0.0	0.0
2026-07-17	mock_app_id	googleadwords_int	998337322	mc_fe944d1c	18.712064085299993	27420	982	372	16.349790568200024	25.770016097000003	42.119806665200031	2.2509439083360623	0.05030124754112901
2026-07-17	mock_app_id	other		Unattributed	0.0	0	0	1486	11.100383703900009	0.0	11.100383703900009
2026-07-17	mock_app_id	unknown		Unattributed	0.0	0	0	18	0.025979916600000014	387.4014818174	387.427461734
2026-07-18	mock_app_id	googleadwords_int		Unattributed	0.0	0	0	958	6.4731903644000024	66.440132205600008	72.91332257
2026-07-18	mock_app_id	googleadwords_int	109075442	mc_df87094f	0.0	0	0	0	0.293914208	31.834761	32.128675208
2026-07-18	mock_app_id	googleadwords_int	126634786	mc_fb57024c	0.0	0	0	0	0.3888274014	0.0	0.3888274014
2026-07-18	mock_app_id	googleadwords_int	132608256	mc_9772a6c4	0.0	0	0	0	0.061539561199999974	0.0	0.061539561199999974
2026-07-18	mock_app_id	googleadwords_int	140410898	mc_a2e93e84	35.750317163699989	7930	204	87	29.967282199399133	43.287122	73.254404199399133	2.049056064704788	0.41092318578965503
2026-07-18	mock_app_id	googleadwords_int	148918961	mc_993fe179	27.727587495800016	51039	1232	349	4.5125410655999953	0.0	4.5125410655999953	0.16274553515640422	0.079448674773065942
2026-07-18	mock_app_id	googleadwords_int	161332031	mc_12520749	1.7212220511000007	16477	595	178	0.46059383179999885	0.0	0.46059383179999885	0.26759698523827413	0.0096697868039325886
2026-07-18	mock_app_id	googleadwords_int	161694703	mc_2c0c0430	43.060308286499996	75900	3422	1010	20.682036566805102	107.8199316347	128.50196820150509	2.9842324245920979	0.042633968600495044
2026-07-18	mock_app_id	googleadwords_int	180761354	mc_07fb7039	0.65278431540000015	2140	96	41	0.48356734440000043	0.0	0.48356734440000043	0.74077659801567031	0.015921568668292686
2026-07-18	mock_app_id	googleadwords_int	199581943	mc_f81bdda1	0.0	0	0	0	2.5478e-06	0.0	2.5478e-06
2026-07-18	mock_app_id	googleadwords_int	232552584	mc_a5da28b5	15.484166772617893	2759	62	30	8.3607674852999985	25.783302874	34.1440703593	2.2050957510791069	0.51613889242059641
2026-07-18	mock_app_id	googleadwords_int	243641668	mc_1e8723bd	10.672292006629657	25585	699	267	9.1180373403000736	0.0	9.1180373403000736	0.85436542915391778	0.0399711311109725
2026-07-18	mock_app_id	googleadwords_int	258346999	mc_8ba2a925	0.0	43	0	0	0.0	0.0	0.0
2026-07-18	mock_app_id	googleadwords_int	260632737	mc_a999e2ed	0.0	0	0	0	0.0	0.0	0.0
2026-07-18	mock_app_id	googleadwords_int	261307969	mc_b4ba1e63	0.0	0	0	0	0.3146749563	0.0	0.3146749563
2026-07-18	mock_app_id	googleadwords_int	262368493	mc_c13d8f45	0.0	0	0	17	0.084904161100000014	45.153742191999996	45.238646353099995
2026-07-18	mock_app_id	googleadwords_int	265069104	mc_b8b1eac5	0.0	0	0	0	0.0	0.0	0.0
2026-07-18	mock_app_id	googleadwords_int	280939212	mc_45884f7b	1.4718197463000002	1055	22	5	0.57466393339999988	0.0	0.57466393339999988	0.39044450575190642	0.29436394926000004
2026-07-18	mock_app_id	googleadwords_int	295094164	mc_15f5ae79	0.0	0	0	0	0.0846022468	0.0	0.0846022468
2026-07-18	mock_app_id	googleadwords_int	324659865	mc_cb530cbb	0.0	0	0	0	8.66252e-05	0.0	8.66252e-05
2026-07-18	mock_app_id	googleadwords_int	351751429	mc_b7e37028	16.484938725491908	4563	94	43	16.130984230299998	0.0	16.130984230299998	0.97852861323381424	0.38337066803469555
2026-07-18	mock_app_id	googleadwords_int	369626124	mc_617ec63b	0.0787539545	351	4	3	0.079069699100000015	0.0	0.079069699100000015	1.0040092539099101	0.026251318166666666
2026-07-18	mock_app_id	googleadwords_int	369804654	mc_92e554bf	0.813089725	2020	41	15	1.6667745816999993	0.0	1.6667745816999993	2.0499270012297837	0.054205981666666667
2026-07-18	mock_app_id	googleadwords_int	414724209	mc_5dcabbd9	0.0	0	0	0	0.6025432349	63.669522	64.2720652349
2026-07-18	mock_app_id	googleadwords_int	429833705	mc_a544a26e	0.0	0	0	0	0.027049992600000003	0.0	0.027049992600000003
2026-07-18	mock_app_id	googleadwords_int	432166127	mc_f8b84857	4.2535134101000009	4518	111	62	5.7512928907000029	45.153742191999996	50.905035082699996	11.967761747694409	0.068605055001612916
2026-07-18	mock_app_id	googleadwords_int	434877610	mc_0dfbbe6f	0.49199231319999992	1613	44	12	0.52293722389999986	0.0	0.52293722389999986	1.0628971426377154	0.040999359433333327
2026-07-18	mock_app_id	googleadwords_int	442262115	mc_1941c5ac	0.0	0	0	0	0.0053261759	0.0	0.0053261759
2026-07-18	mock_app_id	googleadwords_int	448176306	mc_d1c03fd5	0.0	0	0	0	0.1565648578	21.7967449272	21.953309785
2026-07-18	mock_app_id	googleadwords_int	464541057	mc_d8ff83e7	2.6083088404	2602	44	18	2.7270708514000015	0.0	2.7270708514000015	1.0455321889649343	0.14490604668888887
2026-07-18	mock_app_id	googleadwords_int	502057685	mc_befecb98	2.4409559751	7960	181	64	1.1387532228999997	0.0	1.1387532228999997	0.46651936147817974	0.0381399371109375
2026-07-18	mock_app_id	googleadwords_int	510225620	mc_10287894	15.742824777000038	147912	5542	1785	5.1918278582000328	0.0	5.1918278582000328	0.32979010639724532	0.0088195096789916178
2026-07-18	mock_app_id	googleadwords_int	514288304	mc_c95b5395	0.0	0	0	0	0.0215174449	0.0	0.0215174449
2026-07-18	mock_app_id	googleadwords_int	516932962	mc_60e17b09	0.0	1	0	0	0.0	0.0	0.0
2026-07-18	mock_app_id	googleadwords_int	525989111	mc_c82cc8f4	0.10440015110000002	351	14	6	0.12361670820000001	0.0	0.12361670820000001	1.1840663724863132	0.017400025183333338
2026-07-18	mock_app_id	googleadwords_int	529859974	mc_d2ea5396	2.7967487412000014	11185	353	124	3.2067935656000204	0.0	3.2067935656000204	1.1466148239773877	0.022554425332258075
2026-07-18	mock_app_id	googleadwords_int	542533692	mc_796ef0d2	0.0	0	0	0	0.0028726445000000003	0.0	0.0028726445000000003
2026-07-18	mock_app_id	googleadwords_int	557162896	mc_b0c8a1e0	0.0	0	0	0	0.02089196	41.361727883700006	41.382619843700006
2026-07-18	mock_app_id	googleadwords_int	562523633	mc_13ddbb14	0.0	0	0	0	0.0050102487	0.0	0.0050102487
2026-07-18	mock_app_id	googleadwords_int	571438578	mc_756e1c81	0.008137	44	1	1	0.0072064523	0.0	0.0072064523	0.88563995329974188	0.008137
2026-07-18	mock_app_id	googleadwords_int	574617314	mc_a3bfa925	0.0	0	0	0	0.18209890939999998	0.0	0.18209890939999998
2026-07-18	mock_app_id	googleadwords_int	585166272	mc_60587c25	0.68322085344142525	324	10	8	1.5831850854	0.0	1.5831850854	2.3172376507909558	0.085402606680178156
2026-07-18	mock_app_id	googleadwords_int	590094865	mc_23f341fc	0.0	26	0	0	0.0	0.0	0.0
2026-07-18	mock_app_id	googleadwords_int	611748075	mc_628993e1	0.22796456459999997	188	4	1	0.22326116620000003	0.0	0.22326116620000003	0.97936785303341856	0.22796456459999997
2026-07-18	mock_app_id	googleadwords_int	611892113	mc_9bfd19ea	1.6931209215999987	3859	174	61	1.2602323268999991	0.0	1.2602323268999991	0.7443250572493546	0.027756080681967193
2026-07-18	mock_app_id	googleadwords_int	612287821	mc_6b5afb99	0.0	0	0	0	0.0071516745999999996	0.0	0.0071516745999999996
2026-07-18	mock_app_id	googleadwords_int	654635500	mc_67ff1f36	2.4216639617999984	4002	195	111	1.4291043326000019	0.0	1.4291043326000019	0.590133212181001	0.021816792448648634
2026-07-18	mock_app_id	googleadwords_int	660741874	mc_7e7497dd	0.0082802112	89	1	0	0.0	0.0	0.0	0.0
2026-07-18	mock_app_id	googleadwords_int	739276167	mc_1fbdf2e3	53.157848888682608	7587	178	77	52.560302525699953	38.204261	90.764563525699955	1.7074536577988557	0.69036167387899494
2026-07-18	mock_app_id	googleadwords_int	742036733	mc_e0586969	0.1185894825640966	33	1	0	0.3467657712	0.0	0.3467657712	2.9240853716734625
2026-07-18	mock_app_id	googleadwords_int	788967442	mc_475f8981	0.1305638609	136	4	2	0.311302943	0.0	0.311302943	2.3842963960634531	0.06528193045
2026-07-18	mock_app_id	googleadwords_int	792104306	mc_6fcee95d	29.629595785499976	37042	1411	585	11.163153852500013	-27.2382686505	-16.075114797999987	-0.54253574413818928	0.050648881684615343
2026-07-18	mock_app_id	googleadwords_int	807898159	mc_ce3403c4	0.0	0	0	0	0.2201464807	21.643561	21.863707480699997
2026-07-18	mock_app_id	googleadwords_int	810543724	mc_c492b014	0.69302178040000006	300	6	2	0.20316029810000003	0.0	0.20316029810000003	0.29315138982030181	0.34651089020000003
2026-07-18	mock_app_id	googleadwords_int	821866242	mc_e6535e2b	0.0	0	0	0	0.0	0.0	0.0
2026-07-18	mock_app_id	googleadwords_int	827748605	mc_cdc62e82	0.0	0	0	0	1.14651e-05	0.0	1.14651e-05
2026-07-18	mock_app_id	googleadwords_int	833789410	mc_970b80f7	0.0	0	0	0	0.79021290900003183	5.531928584600001	6.3221414936000331
2026-07-18	mock_app_id	googleadwords_int	834117318	mc_ae804aae	0.0	0	0	8	0.0	0.0	0.0
2026-07-18	mock_app_id	googleadwords_int	848321939	mc_c41abc99	0.0	2	0	0	0.0	0.0	0.0
2026-07-18	mock_app_id	googleadwords_int	889798464	mc_2254e49d	0.0	0	0	0	0.0049147062	0.0	0.0049147062
2026-07-18	mock_app_id	googleadwords_int	900383572	mc_45368c6d	3.0502439569999966	12942	321	137	5.4202457716	0.0	5.4202457716	1.7769876272227645	0.022264554430656908
2026-07-18	mock_app_id	googleadwords_int	972671114	mc_9911559c	0.127295228	636	10	7	0.4664779758999999	0.0	0.4664779758999999	3.6645362377606161	0.018185032571428571
2026-07-18	mock_app_id	googleadwords_int	974591165	mc_674dbd59	0.33401652670000015	924	50	23	0.39722622409999986	0.0	0.39722622409999986	1.1892412271467394	0.014522457682608703
2026-07-18	mock_app_id	googleadwords_int	989105150	mc_58ab9c06	0.0	6	0	0	0.0	0.0	0.0
2026-07-18	mock_app_id	googleadwords_int	998337322	mc_fe944d1c	22.3410310111	30021	1080	444	21.749388968600137	155.1186284297	176.86801739830014	7.9167347876838976	0.050317637412387387
2026-07-18	mock_app_id	other		Unattributed	0.0	0	0	1337	17.52371744400013	0.0	17.52371744400013
2026-07-18	mock_app_id	unknown		Unattributed	0.0	0	0	20	0.34445873829999979	172.87173322499999	173.2161919633
2026-07-19	mock_app_id	googleadwords_int		Unattributed	0.0	0	0	1270	2.643755243600002	43.287122	45.9308772436
2026-07-19	mock_app_id	googleadwords_int	109075442	mc_df87094f	0.0	0	0	0	0.0	63.669522	63.669522
2026-07-19	mock_app_id	googleadwords_int	126634786	mc_fb57024c	0.0	0	0	0	0.041842519400000021	0.0	0.041842519400000021
2026-07-19	mock_app_id	googleadwords_int	132608256	mc_9772a6c4	0.0	0	0	0	0.0	0.0	0.0
2026-07-19	mock_app_id	googleadwords_int	140410898	mc_a2e93e84	46.325250243300012	9785	257	90	43.642798701699796	59.847822	103.4906207016998	2.2340002516590305	0.51472500270333343
2026-07-19	mock_app_id	googleadwords_int	148918961	mc_993fe179	25.155600595999989	59097	1198	303	3.9785387463000155	0.0	3.9785387463000155	0.15815717581923469	0.083021784145214481
2026-07-19	mock_app_id	googleadwords_int	161332031	mc_12520749	1.3939218042	10147	433	137	0.39764788499999931	0.0	0.39764788499999931	0.28527273466980274	0.010174611709489051
2026-07-19	mock_app_id	googleadwords_int	161694703	mc_2c0c0430	46.7969081935	80131	3842	1096	22.930509557700113	35.439482708599996	58.369992266300109	1.2473044591951821	0.042697908935675183
2026-07-19	mock_app_id	googleadwords_int	180761354	mc_07fb7039	0.4372815663	1279	66	29	0.52270919579999975	0.0	0.52270919579999975	1.1953606922487823	0.0150786747
2026-07-19	mock_app_id	googleadwords_int	199581943	mc_f81bdda1	0.0	0	0	0	1.2739e-06	0.0	1.2739e-06
2026-07-19	mock_app_id	googleadwords_int	232552584	mc_a5da28b5	16.069927754395312	2629	52	18	13.211769768000014	0.0	13.211769768000014	0.82214244954439453	0.89277376413307286
2026-07-19	mock_app_id	googleadwords_int	243641668	mc_1e8723bd	12.123051609321282	26645	720	298	10.712400898199993	0.0	10.712400898199993	0.88363897502204358	0.04068138123933316
2026-07-19	mock_app_id	googleadwords_int	258346999	mc_8ba2a925	0.042082936599999995	32	2	0	0.0	0.0	0.0	0.0
2026-07-19	mock_app_id	googleadwords_int	261307969	mc_b4ba1e63	0.0	0	0	0	0.2777942774	0.0	0.2777942774
2026-07-19	mock_app_id	googleadwords_int	262368493	mc_c13d8f45	0.0	0	0	20	0.13933663420000006	0.0	0.13933663420000006
2026-07-19	mock_app_id	googleadwords_int	265069104	mc_b8b1eac5	0.0	0	0	0	0.039541856	19.178870236	19.218412092
2026-07-19	mock_app_id	googleadwords_int	280939212	mc_45884f7b	1.0421397654000002	1095	31	7	1.2054992134000002	0.0	1.2054992134000002	1.1567538764220349	0.14887710934285717
2026-07-19	mock_app_id	googleadwords_int	324659865	mc_cb530cbb	0.0	0	0	0	0.0238270256	0.0	0.0238270256
2026-07-19	mock_app_id	googleadwords_int	351751429	mc_b7e37028	18.234842573112022	4594	116	42	18.556795566300032	0.0	18.556795566300032	1.0176559239213143	0.4341629184074291
2026-07-19	mock_app_id	googleadwords_int	369626124	mc_617ec63b	0.1284254573	278	7	1	0.0053592973	0.0	0.0053592973	0.041730801763709205	0.1284254573
2026-07-19	mock_app_id	googleadwords_int	369804654	mc_92e554bf	0.6640792851	1986	41	12	0.74244802849999991	0.0	0.74244802849999991	1.1180111248135058	0.055339940425000005
2026-07-19	mock_app_id	googleadwords_int	414724209	mc_5dcabbd9	0.0	0	0	0	0.0014777240000000001	0.0	0.0014777240000000001
2026-07-19	mock_app_id	googleadwords_int	429833705	mc_a544a26e	0.0	0	0	0	0.0418807364	24.013790805099998	24.055671541499997
2026-07-19	mock_app_id	googleadwords_int	432166127	mc_f8b84857	6.1725923121000008	5262	146	63	7.7811710111000041	0.0	7.7811710111000041	1.2606001850870243	0.097977655747619061
2026-07-19	mock_app_id	googleadwords_int	434877610	mc_0dfbbe6f	0.64630970449999992	1741	53	19	0.4487325489	0.0	0.4487325489	0.69429956841998808	0.0340163002368421
2026-07-19	mock_app_id	googleadwords_int	448176306	mc_d1c03fd5	0.0	0	0	0	0.0	21.7961207162	21.7961207162
2026-07-19	mock_app_id	googleadwords_int	464541057	mc_d8ff83e7	5.0495121803000025	3025	73	23	4.3671062720999991	0.0	4.3671062720999991	0.86485706265600881	0.21954400783913056
2026-07-19	mock_app_id	googleadwords_int	502057685	mc_befecb98	2.8034259634000009	8365	186	65	1.6628547913999974	0.0	1.6628547913999974	0.59315095640452853	0.04312963020615386
2026-07-19	mock_app_id	googleadwords_int	510225620	mc_10287894	21.600283284600067	196307	7588	2298	5.6785149837000146	41.631179390000007	47.309694373700019	2.1902349034204329	0.0093996010812010741
2026-07-19	mock_app_id	googleadwords_int	513913086	mc_2472b5d9	0.0	0	0	0	0.0	0.0	0.0
2026-07-19	mock_app_id	googleadwords_int	525989111	mc_c82cc8f4	0.166914281	352	16	8	0.1329926122	0.0	0.1329926122	0.7967719203127982	0.020864285125
2026-07-19	mock_app_id	googleadwords_int	529859974	mc_d2ea5396	3.4922653258000009	12495	407	124	2.6447616246000116	0.0	2.6447616246000116	0.7573197846856482	0.028163430046774202
2026-07-19	mock_app_id	googleadwords_int	532599141	mc_759b1811	0.0	0	0	0	8.9173e-06	0.0	8.9173e-06
2026-07-19	mock_app_id	googleadwords_int	542533692	mc_796ef0d2	0.0	0	0	0	3.8217e-06	0.0	3.8217e-06
2026-07-19	mock_app_id	googleadwords_int	557162896	mc_b0c8a1e0	0.0	0	0	0	0.0059300045	0.0	0.0059300045
2026-07-19	mock_app_id	googleadwords_int	562523633	mc_13ddbb14	0.0	0	0	0	0.0043210688	0.0	0.0043210688
2026-07-19	mock_app_id	googleadwords_int	571438578	mc_756e1c81	0.008137	47	1	1	0.017425678100000005	0.0	0.017425678100000005	2.1415359591987224	0.008137
2026-07-19	mock_app_id	googleadwords_int	574617314	mc_a3bfa925	0.0	0	0	0	0.077790703499999989	29.480770872100003	29.558561575600002
2026-07-19	mock_app_id	googleadwords_int	585166272	mc_60587c25	0.67407626233311024	411	9	4	1.5185155519000002	0.0	1.5185155519000002	2.252735538623063	0.16851906558327756
2026-07-19	mock_app_id	googleadwords_int	590094865	mc_23f341fc	8.1369999999999993e-07	15	0	0	0.0	0.0	0.0	0.0
2026-07-19	mock_app_id	googleadwords_int	611748075	mc_628993e1	0.34905044789999995	352	5	2	0.61251532409999965	0.0	0.61251532409999965	1.7548045784931356	0.17452522394999997
2026-07-19	mock_app_id	googleadwords_int	611892113	mc_9bfd19ea	1.4099809873999984	4254	144	64	1.4033715525999995	0.0	1.4033715525999995	0.995312394380447	0.022030952928124976
2026-07-19	mock_app_id	googleadwords_int	612287821	mc_6b5afb99	0.0	0	0	0	0.012439633500000002	0.0	0.012439633500000002
2026-07-19	mock_app_id	googleadwords_int	622845378	mc_1700d8b1	0.0	0	0	0	0.0799588813	0.0	0.0799588813
2026-07-19	mock_app_id	googleadwords_int	654635500	mc_67ff1f36	2.5000639567999992	4604	196	95	1.0634033117999986	0.0	1.0634033117999986	0.42535044309871189	0.026316462703157885
2026-07-19	mock_app_id	googleadwords_int	660741874	mc_7e7497dd	0.0341192547	135	3	3	0.2289236517	0.0	0.2289236517	6.7095150146993108	0.011373084899999998
2026-07-19	mock_app_id	googleadwords_int	728115589	mc_337b8797	0.0	0	0	0	0.0002560539	0.0	0.0002560539
2026-07-19	mock_app_id	googleadwords_int	739276167	mc_1fbdf2e3	45.291925216624669	5105	150	65	48.835788356700029	38.204261	87.040049356700024	1.9217564486473067	0.69679884948653337
2026-07-19	mock_app_id	googleadwords_int	742036733	mc_e0586969	0.13812679561701696	42	1	0	0.0	0.0	0.0	0.0
2026-07-19	mock_app_id	googleadwords_int	788967442	mc_475f8981	0.11458116549999998	148	4	1	0.032967258100000008	0.0	0.032967258100000008	0.28771969595648783	0.11458116549999998
2026-07-19	mock_app_id	googleadwords_int	792104306	mc_6fcee95d	30.887889260000016	39357	1443	583	9.7987139578000484	0.0	9.7987139578000484	0.31723481897124761	0.0529809421269297
2026-07-19	mock_app_id	googleadwords_int	807898159	mc_ce3403c4	0.0	0	0	0	0.0	21.643561	21.643561
2026-07-19	mock_app_id	googleadwords_int	810543724	mc_c492b014	2.0331002419000006	321	14	4	1.9357139802	0.0	1.9357139802	0.95209962613108057	0.50827506047500015
2026-07-19	mock_app_id	googleadwords_int	822177103	mc_96cf8fb0	0.0	0	0	0	0.0089644343	0.0	0.0089644343
2026-07-19	mock_app_id	googleadwords_int	827748605	mc_cdc62e82	0.0	0	0	0	1.9108500000000002e-05	0.0	1.9108500000000002e-05
2026-07-19	mock_app_id	googleadwords_int	833789410	mc_970b80f7	0.0	0	0	0	0.83929627599999024	6.3567610000000005	7.1960572759999906
2026-07-19	mock_app_id	googleadwords_int	834117318	mc_ae804aae	0.0	0	0	3	0.0	0.0	0.0
2026-07-19	mock_app_id	googleadwords_int	848321939	mc_c41abc99	0.0	2	0	0	0.0	0.0	0.0
2026-07-19	mock_app_id	googleadwords_int	866857087	mc_1be3ce39	0.0	0	0	0	0.003426791	0.0	0.003426791
2026-07-19	mock_app_id	googleadwords_int	900383572	mc_45368c6d	4.8434092936000033	14563	391	168	6.0708124887000094	7.6240227071	13.69483519580001	2.8275197006158712	0.028829817223809544
2026-07-19	mock_app_id	googleadwords_int	914138760	mc_0365d47f	0.0	0	0	0	0.0042624694000000006	0.0	0.0042624694000000006
2026-07-19	mock_app_id	googleadwords_int	968884154	mc_90337527	0.0	0	0	0	0.0213722203	0.0	0.0213722203
2026-07-19	mock_app_id	googleadwords_int	972671114	mc_9911559c	0.41946235000000004	763	16	8	0.72381978879999931	0.0	0.72381978879999931	1.725589409395144	0.052432793750000005
2026-07-19	mock_app_id	googleadwords_int	974591165	mc_674dbd59	0.64938549049999994	1957	93	44	0.5369297415	0.0	0.5369297415	0.8268274381778784	0.014758761147727272
2026-07-19	mock_app_id	googleadwords_int	989105150	mc_58ab9c06	0.0	2	0	0	0.0012675305	0.0	0.0012675305
2026-07-19	mock_app_id	googleadwords_int	998337322	mc_fe944d1c	21.640195269599996	31744	1111	448	24.580359104000138	69.364810425	93.94516952900014	4.3412348344644416	0.048304007298214276
2026-07-19	mock_app_id	other		Unattributed	0.0	0	0	1980	16.869355778799651	0.0	16.869355778799651
2026-07-19	mock_app_id	unknown		Unattributed	0.0	0	0	22	1.8897300118999991	104.0101706255	105.8999006374
2026-07-20	mock_app_id	googleadwords_int		Unattributed	0.0	0	0	1428	4.029423407899988	92.3479065747	96.377329982599989
2026-07-20	mock_app_id	googleadwords_int	109075442	mc_df87094f	0.0	0	0	0	0.0003579659	21.643561	21.6439189659
2026-07-20	mock_app_id	googleadwords_int	126634786	mc_fb57024c	0.0	0	0	0	0.0025707302000000003	0.0	0.0025707302000000003
2026-07-20	mock_app_id	googleadwords_int	140410898	mc_a2e93e84	46.072695664700007	9048	221	94	48.28115650080025	38.204261	86.485417500800253	1.8771512335681213	0.49013506026276604
2026-07-20	mock_app_id	googleadwords_int	148918961	mc_993fe179	6.3652756584000016	13283	262	59	0.9943770403000004	24.6575536223	25.6519306626	4.0299795388669724	0.1078860281084746
2026-07-20	mock_app_id	googleadwords_int	161332031	mc_12520749	0.48683915110000014	3120	125	37	0.17471793280000009	0.0	0.17471793280000009	0.35888225588519235	0.013157814894594598
2026-07-20	mock_app_id	googleadwords_int	161694703	mc_2c0c0430	37.8766747489	65998	2854	879	16.193104689903752	82.1053989783	98.29850366820375	2.5952252757103103	0.043090642490216158
2026-07-20	mock_app_id	googleadwords_int	180761354	mc_07fb7039	0.72842179889999981	1586	73	38	0.22207134359999992	0.0	0.22207134359999992	0.30486641659455144	0.019168994707894731
2026-07-20	mock_app_id	googleadwords_int	199581943	mc_f81bdda1	0.0	0	0	0	0.0	0.0	0.0
2026-07-20	mock_app_id	googleadwords_int	232552584	mc_a5da28b5	17.726237770455818	2787	57	15	8.2020854057000019	0.0	8.2020854057000019	0.4627087547798977	1.1817491846970545
2026-07-20	mock_app_id	googleadwords_int	243641668	mc_1e8723bd	9.1797374797747668	23083	602	273	11.142277179299985	0.0	11.142277179299985	1.2137903947524837	0.033625412013826982
2026-07-20	mock_app_id	googleadwords_int	258346999	mc_8ba2a925	0.011972781799999999	16	1	0	0.0	0.0	0.0	0.0
2026-07-20	mock_app_id	googleadwords_int	261307969	mc_b4ba1e63	0.0	0	0	0	0.16516495669999998	45.4238204571	45.5889854138
2026-07-20	mock_app_id	googleadwords_int	262368493	mc_c13d8f45	0.0	0	0	12	0.25878768940000008	5.7910283795	6.0498160689
2026-07-20	mock_app_id	googleadwords_int	265069104	mc_b8b1eac5	0.0	0	0	0	0.0	41.317698078	41.317698078
2026-07-20	mock_app_id	googleadwords_int	280939212	mc_45884f7b	1.2775928110999994	1390	39	7	0.39507842870000009	0.0	0.39507842870000009	0.30923657777930047	0.18251325872857135
2026-07-20	mock_app_id	googleadwords_int	351751429	mc_b7e37028	3.8802504901200208	760	17	7	5.687306167600001	0.0	5.687306167600001	1.4657059336971014	0.55432149858857438
2026-07-20	mock_app_id	googleadwords_int	369626124	mc_617ec63b	0.056308853699999994	114	3	1	0.0	0.0	0.0	0.0	0.056308853699999994
2026-07-20	mock_app_id	googleadwords_int	369804654	mc_92e554bf	0.4386420727	1968	20	6	0.29039951789999996	0.0	0.29039951789999996	0.66204209758650445	0.073107012116666661
2026-07-20	mock_app_id	googleadwords_int	401002100	mc_d1e62852	0.0	0	0	0	0.0066064454	0.0	0.0066064454
2026-07-20	mock_app_id	googleadwords_int	414724209	mc_5dcabbd9	0.0	0	0	0	0.3361401713	76.408522	76.7446621713
2026-07-20	mock_app_id	googleadwords_int	429833705	mc_a544a26e	0.0	0	0	0	0.0216550261	21.643561	21.665216026099998
2026-07-20	mock_app_id	googleadwords_int	432166127	mc_f8b84857	8.180774618900001	5153	162	77	9.6303757162000014	0.0	9.6303757162000014	1.1771960682000693	0.10624382621948053
2026-07-20	mock_app_id	googleadwords_int	434877610	mc_0dfbbe6f	0.73090277019999994	1808	49	21	0.47683860459999972	0.0	0.47683860459999972	0.652396767451737	0.034804893819047618
2026-07-20	mock_app_id	googleadwords_int	448176306	mc_d1c03fd5	0.0	0	0	0	0.18717412700000002	0.0	0.18717412700000002
2026-07-20	mock_app_id	googleadwords_int	464541057	mc_d8ff83e7	6.6264074487000046	3637	75	18	2.2884224949000012	0.0	2.2884224949000012	0.34534889570501026	0.36813374715000025
2026-07-20	mock_app_id	googleadwords_int	480708309	mc_4bf50c0c	0.0	0	0	0	0.0	0.0	0.0
2026-07-20	mock_app_id	googleadwords_int	502057685	mc_befecb98	3.0688182869000009	7046	176	80	2.1152803764000008	0.0	2.1152803764000008	0.68928172952748323	0.03836022858625001
2026-07-20	mock_app_id	googleadwords_int	510225620	mc_10287894	5.2485814442000063	55863	1764	544	1.8130450536000033	0.0	1.8130450536000033	0.34543525195813157	0.0096481276547794228
2026-07-20	mock_app_id	googleadwords_int	514288304	mc_c95b5395	0.0	0	0	0	0.000165607	0.0	0.000165607
2026-07-20	mock_app_id	googleadwords_int	525989111	mc_c82cc8f4	0.25137878209999986	661	25	11	0.14890107539999994	0.0	0.14890107539999994	0.59233748431785416	0.022852616554545443
2026-07-20	mock_app_id	googleadwords_int	529859974	mc_d2ea5396	5.1691032966999995	14683	492	160	3.2243810290000177	0.0	3.2243810290000177	0.62377956947745472	0.032306895604375
2026-07-20	mock_app_id	googleadwords_int	532599141	mc_759b1811	0.0	0	0	0	0.0080701565	0.0	0.0080701565
2026-07-20	mock_app_id	googleadwords_int	542533692	mc_796ef0d2	0.0	0	0	0	0.00522299	0.0	0.00522299
2026-07-20	mock_app_id	googleadwords_int	557162896	mc_b0c8a1e0	0.0	0	0	0	0.0098561643000000011	0.0	0.0098561643000000011
2026-07-20	mock_app_id	googleadwords_int	571438578	mc_756e1c81	0.090462283800000015	462	12	5	0.0212703083	0.0	0.0212703083	0.23512902180344905	0.018092456760000004
2026-07-20	mock_app_id	googleadwords_int	574617314	mc_a3bfa925	0.0	0	0	0	0.0219098061	0.0	0.0219098061
2026-07-20	mock_app_id	googleadwords_int	585166272	mc_60587c25	1.0266933752192955	495	15	4	0.5394342289	0.0	0.5394342289	0.52540928179728452	0.25667334380482387
2026-07-20	mock_app_id	googleadwords_int	590094865	mc_23f341fc	4.8822e-05	39	0	0	0.0	0.0	0.0	0.0
2026-07-20	mock_app_id	googleadwords_int	611748075	mc_628993e1	0.29651634849999997	224	5	1	0.7254898716999999	0.0	0.7254898716999999	2.4467112028394618	0.29651634849999997
2026-07-20	mock_app_id	googleadwords_int	611892113	mc_9bfd19ea	1.4324545676999996	4299	137	56	1.1501087674999997	0.0	1.1501087674999997	0.8028937136531008	0.025579545851785707
2026-07-20	mock_app_id	googleadwords_int	612287821	mc_6b5afb99	0.0	0	0	0	0.0158422204	0.0	0.0158422204
2026-07-20	mock_app_id	googleadwords_int	654635500	mc_67ff1f36	6.3355430603999991	9161	444	212	2.3224942242999997	0.0	2.3224942242999997	0.36658171243703414	0.029884637077358486
2026-07-20	mock_app_id	googleadwords_int	660741874	mc_7e7497dd	0.4628472066	439	17	6	0.2025309915	0.0	0.2025309915	0.43757635049319971	0.0771412011
2026-07-20	mock_app_id	googleadwords_int	739276167	mc_1fbdf2e3	47.193637776041008	6264	154	73	53.007180276199968	36.9431	89.950280276199976	1.9059831900024755	0.64648818871289049
2026-07-20	mock_app_id	googleadwords_int	742036733	mc_e0586969	1.4412476117873285	55	3	2	0.74175502690000006	0.0	0.74175502690000006	0.51466175612955944	0.72062380589366426
2026-07-20	mock_app_id	googleadwords_int	788967442	mc_475f8981	0.005850503	131	0	0	0.0048955977000000005	0.0	0.0048955977000000005	0.83678235871343032
2026-07-20	mock_app_id	googleadwords_int	792104306	mc_6fcee95d	49.188834675100033	34871	1550	689	15.649106077300059	77.9249661905	93.574072267800062	1.902343751094562	0.071391632329608171
2026-07-20	mock_app_id	googleadwords_int	807898159	mc_ce3403c4	0.0	0	0	0	0.21286996390000001	0.0	0.21286996390000001
2026-07-20	mock_app_id	googleadwords_int	810543724	mc_c492b014	1.1904081109	418	10	2	1.1173618941	0.0	1.1173618941	0.9386376687699366	0.59520405545
2026-07-20	mock_app_id	googleadwords_int	833789410	mc_970b80f7	0.0	0	0	0	1.1045375428000022	36.301157585900008	37.40569512870001
2026-07-20	mock_app_id	googleadwords_int	834117318	mc_ae804aae	0.0	0	0	3	0.0	0.0	0.0
2026-07-20	mock_app_id	googleadwords_int	848321939	mc_c41abc99	0.0004670638	7	0	0	0.0	0.0	0.0	0.0
2026-07-20	mock_app_id	googleadwords_int	900383572	mc_45368c6d	5.0043518303000063	15018	401	173	5.56981691839998	0.0	5.56981691839998	1.1129946708934881	0.028926889192485587
2026-07-20	mock_app_id	googleadwords_int	914138760	mc_0365d47f	0.0	0	0	0	0.0012968302	0.0	0.0012968302
2026-07-20	mock_app_id	googleadwords_int	972671114	mc_9911559c	0.4927750926	752	23	12	0.76449032019999985	0.0	0.76449032019999985	1.5513980549754756	0.04106459105
2026-07-20	mock_app_id	googleadwords_int	974591165	mc_674dbd59	1.1210076378999996	2143	106	60	0.70904764439999934	0.0	0.70904764439999934	0.6325092001409276	0.018683460631666659
2026-07-20	mock_app_id	googleadwords_int	989105150	mc_58ab9c06	0.0031026381	22	1	1	0.0120447245	0.0	0.0120447245	3.8820913402694304	0.0031026381
2026-07-20	mock_app_id	googleadwords_int	998337322	mc_fe944d1c	16.183754160400003	24904	905	353	14.601142433500062	104.2981764853	118.89931891880006	7.3468317511727026	0.045846329066288959
2026-07-20	mock_app_id	other		Unattributed	0.0	0	0	1430	12.943282604000061	46.6120328475	59.555315451500057
2026-07-20	mock_app_id	unknown		Unattributed	0.0	0	0	6	0.0189709188	304.5011947171	304.5201656359
2026-07-21	mock_app_id	googleadwords_int		Unattributed	0.0	0	0	2663	2.9191023591000103	59.847822	62.76692435910001
2026-07-21	mock_app_id	googleadwords_int	109075442	mc_df87094f	0.0	0	0	0	0.0	47.108821999999996	47.108821999999996
2026-07-21	mock_app_id	googleadwords_int	132608256	mc_9772a6c4	0.0	0	0	0	0.0	0.0	0.0
2026-07-21	mock_app_id	googleadwords_int	140410898	mc_a2e93e84	45.81774799439998	10469	223	78	31.539302825200057	38.204261	69.743563825200056	1.5221953692207739	0.58740702556923052
2026-07-21	mock_app_id	googleadwords_int	148918961	mc_993fe179	0.0	0	0	0	0.20371954020000008	18.6724898904	18.876209430600003
2026-07-21	mock_app_id	googleadwords_int	161332031	mc_12520749	0.0	0	0	0	0.025756984100000008	0.0	0.025756984100000008
2026-07-21	mock_app_id	googleadwords_int	161694703	mc_2c0c0430	23.4979122409	46349	1924	658	9.7423056658004956	94.4213393361	104.16364500190051	4.4328893534888314	0.0357111128281155
2026-07-21	mock_app_id	googleadwords_int	180761354	mc_07fb7039	0.90113043759999989	2275	80	36	0.6360608178	0.0	0.6360608178	0.7058476678404455	0.025031401044444443
2026-07-21	mock_app_id	googleadwords_int	199581943	mc_f81bdda1	0.0	0	0	0	9.55425e-05	0.0	9.55425e-05
2026-07-21	mock_app_id	googleadwords_int	232552584	mc_a5da28b5	29.90462373115826	2555	57	29	15.457054187199994	45.5079768389	60.965031026099993	2.0386489920145436	1.031193921764078
2026-07-21	mock_app_id	googleadwords_int	243641668	mc_1e8723bd	12.957133155332311	35189	826	306	8.8709746264999989	6.2374946603	15.108469286799998	1.1660348863963275	0.042343572403046766
2026-07-21	mock_app_id	googleadwords_int	258346999	mc_8ba2a925	0.1012014964	6	1	1	0.023921294199999995	0.0	0.023921294199999995	0.23637292975837851	0.1012014964
2026-07-21	mock_app_id	googleadwords_int	261307969	mc_b4ba1e63	0.0	0	0	0	0.0383673202	0.0	0.0383673202
2026-07-21	mock_app_id	googleadwords_int	262368493	mc_c13d8f45	0.0	0	0	1	0.0243493246	0.0	0.0243493246
2026-07-21	mock_app_id	googleadwords_int	265069104	mc_b8b1eac5	0.0	0	0	0	0.0356539132	0.0	0.0356539132
2026-07-21	mock_app_id	googleadwords_int	280939212	mc_45884f7b	1.0083622647000001	1161	28	4	0.033033500900000005	0.0	0.033033500900000005	0.032759556814462777	0.25209056617500003
2026-07-21	mock_app_id	googleadwords_int	295094164	mc_15f5ae79	0.0	0	0	0	0.0165950953	0.0	0.0165950953
2026-07-21	mock_app_id	googleadwords_int	324659865	mc_cb530cbb	0.0	0	0	0	0.0011872748	0.0	0.0011872748
2026-07-21	mock_app_id	googleadwords_int	351751429	mc_b7e37028	0.0	0	0	1	1.8225547170999996	37.9943757838	39.8169305009
2026-07-21	mock_app_id	googleadwords_int	369626124	mc_617ec63b	0.0818191624	182	3	1	0.0	0.0	0.0	0.0	0.0818191624
2026-07-21	mock_app_id	googleadwords_int	369804654	mc_92e554bf	0.4970380669	2537	22	11	0.94406181199999983	0.0	0.94406181199999983	1.8993752689568892	0.045185278809090908
2026-07-21	mock_app_id	googleadwords_int	414724209	mc_5dcabbd9	0.0	0	0	0	1.1206192564000002	0.0	1.1206192564000002
2026-07-21	mock_app_id	googleadwords_int	429833705	mc_a544a26e	0.0	0	0	0	0.12440652620000002	0.0	0.12440652620000002
2026-07-21	mock_app_id	googleadwords_int	432166127	mc_f8b84857	6.6212738153999995	7280	142	59	4.7557757098999893	0.0	4.7557757098999893	0.71825691588812313	0.1122249799220339
2026-07-21	mock_app_id	googleadwords_int	434877610	mc_0dfbbe6f	0.5762957017	1996	50	16	0.65382917500000015	0.0	0.65382917500000015	1.1345376567468508	0.03601848135625
2026-07-21	mock_app_id	googleadwords_int	442262115	mc_1941c5ac	0.0	0	0	0	0.0334322316	0.0	0.0334322316
2026-07-21	mock_app_id	googleadwords_int	448176306	mc_d1c03fd5	0.0	0	0	0	0.3334000124	25.8253887083	26.1587887207
2026-07-21	mock_app_id	googleadwords_int	458610769	mc_e6a4a79e	0.0	0	0	0	1.7929429116000011	44.573761000000005	46.366703911600005
2026-07-21	mock_app_id	googleadwords_int	464541057	mc_d8ff83e7	6.4861174317000012	4644	74	24	4.4327656259	0.0	4.4327656259	0.68342358469112374	0.27025489298750005
2026-07-21	mock_app_id	googleadwords_int	502057685	mc_befecb98	4.0555922769	12525	273	107	2.3887752413000487	0.0	2.3887752413000487	0.58900773998069966	0.03790273155981308
2026-07-21	mock_app_id	googleadwords_int	510225620	mc_10287894	0.0	0	0	3	0.10343431049999996	6.4691559231000006	6.5725902336000006
2026-07-21	mock_app_id	googleadwords_int	516932962	mc_60e17b09	0.0027852950999999997	1	1	0	0.0	0.0	0.0	0.0
2026-07-21	mock_app_id	googleadwords_int	525989111	mc_c82cc8f4	0.1329667170000001	825	14	3	0.0796849928	0.0	0.0796849928	0.59928525421891821	0.044322239000000034
2026-07-21	mock_app_id	googleadwords_int	529859974	mc_d2ea5396	4.0503821557999995	18429	419	119	2.7241727289000086	0.0	2.7241727289000086	0.672571778196063	0.034036824838655458
2026-07-21	mock_app_id	googleadwords_int	557162896	mc_b0c8a1e0	0.0	0	0	0	0.027704777200000006	41.2993717526	41.3270765298
2026-07-21	mock_app_id	googleadwords_int	571438578	mc_756e1c81	0.1711170415	1005	40	7	0.026221957600000005	0.0	0.026221957600000005	0.15323989574702881	0.024445291642857143
2026-07-21	mock_app_id	googleadwords_int	574617314	mc_a3bfa925	0.0	0	0	0	0.0005082861	0.0	0.0005082861
2026-07-21	mock_app_id	googleadwords_int	585166272	mc_60587c25	0.79393891376087866	658	11	2	1.0048714285	0.0	1.0048714285	1.2656785189428954	0.39696945688043933
2026-07-21	mock_app_id	googleadwords_int	590094865	mc_23f341fc	0.0061133280999999991	41	2	0	0.0	0.0	0.0	0.0
2026-07-21	mock_app_id	googleadwords_int	611748075	mc_628993e1	0.2710499796	552	6	4	0.3828502626	0.0	0.3828502626	1.4124710991123794	0.0677624949
2026-07-21	mock_app_id	googleadwords_int	611892113	mc_9bfd19ea	2.5166243792000014	5451	212	72	1.6332378902999996	7.1207736077	8.754011498	3.4784736134451557	0.034953116377777795
2026-07-21	mock_app_id	googleadwords_int	612287821	mc_6b5afb99	0.0	0	0	0	0.012317339100000001	0.0	0.012317339100000001
2026-07-21	mock_app_id	googleadwords_int	614391176	mc_c7abcb25	0.0	0	0	0	0.0	0.0	0.0
2026-07-21	mock_app_id	googleadwords_int	654635500	mc_67ff1f36	8.8966743885000064	14309	571	269	3.8167967589000082	0.0	3.8167967589000082	0.429013875548111	0.033073138990706345
2026-07-21	mock_app_id	googleadwords_int	660741874	mc_7e7497dd	0.1116298756	359	4	2	0.0	0.0	0.0	0.0	0.0558149378
2026-07-21	mock_app_id	googleadwords_int	677295492	mc_269bb15e	0.0	0	0	0	0.0040076894000000019	0.0	0.0040076894000000019
2026-07-21	mock_app_id	googleadwords_int	728115589	mc_337b8797	0.0	0	0	0	0.0230295642	0.0	0.0230295642
2026-07-21	mock_app_id	googleadwords_int	739276167	mc_1fbdf2e3	56.558117818613134	8227	175	68	52.38874131710002	59.847822	112.23656331710002	1.9844465771837134	0.83173702674431083
2026-07-21	mock_app_id	googleadwords_int	742036733	mc_e0586969	1.5371513904408354	36	3	1	0.4248176242	0.0	0.4248176242	0.27636680865777818	1.5371513904408354
2026-07-21	mock_app_id	googleadwords_int	750609416	mc_09bed4a1	0.0	0	0	0	0.012760656300000001	0.0	0.012760656300000001
2026-07-21	mock_app_id	googleadwords_int	788967442	mc_475f8981	0.0127083666	165	1	0	0.0058535704999999986	0.0	0.0058535704999999986	0.46060762049467463
2026-07-21	mock_app_id	googleadwords_int	792104306	mc_6fcee95d	47.430407818900015	49969	1613	703	13.575372675500185	0.0	13.575372675500185	0.28621665509042254	0.06746857442233288
2026-07-21	mock_app_id	googleadwords_int	810543724	mc_c492b014	0.7793097832	557	5	3	1.1697994398	0.0	1.1697994398	1.5010711594002737	0.25976992773333335
2026-07-21	mock_app_id	googleadwords_int	833789410	mc_970b80f7	0.0	0	0	0	0.90353777909999011	92.9629429469	93.866480725999992
2026-07-21	mock_app_id	googleadwords_int	834117318	mc_ae804aae	0.0	0	0	3	0.0	0.0	0.0
2026-07-21	mock_app_id	googleadwords_int	848321939	mc_c41abc99	0.00034989099999999996	5	0	0	0.0	0.0	0.0	0.0
2026-07-21	mock_app_id	googleadwords_int	900383572	mc_45368c6d	5.0963756044000013	18171	412	157	5.2238995646000044	0.0	5.2238995646000044	1.0250224806997945	0.032460991110828036
2026-07-21	mock_app_id	googleadwords_int	972671114	mc_9911559c	0.526984668	1246	23	12	0.59524378789999977	0.0	0.59524378789999977	1.129527715026426	0.043915389
2026-07-21	mock_app_id	googleadwords_int	974591165	mc_674dbd59	1.5969855213999997	3140	111	66	1.2632578393999971	0.0	1.2632578393999971	0.79102648237697248	0.024196750324242421
2026-07-21	mock_app_id	googleadwords_int	989105150	mc_58ab9c06	0.019341649	15	1	1	0.0342207757	0.0	0.0342207757	1.7692791188589969	0.019341649
2026-07-21	mock_app_id	googleadwords_int	998337322	mc_fe944d1c	14.133897394399987	27266	769	324	15.134179136600087	97.108658138	112.24283727460008	7.94139324366908	0.0436231401061728
2026-07-21	mock_app_id	other		Unattributed	0.0	0	0	1695	10.746250968999991	0.0	10.746250968999991
2026-07-21	mock_app_id	unknown		Unattributed	0.0	0	0	12	0.083906697400000035	213.2996771219	213.38358381930001
2026-07-22	mock_app_id	googleadwords_int		Unattributed	0.0	0	0	1600	3.8700508745000035	21.643561	25.5136118745
2026-07-22	mock_app_id	googleadwords_int	109075442	mc_df87094f	0.0	0	0	0	0.38510761340000005	21.643561	22.028668613399997
2026-07-22	mock_app_id	googleadwords_int	126634786	mc_fb57024c	0.0	0	0	0	0.0023643583999999997	0.0	0.0023643583999999997
2026-07-22	mock_app_id	googleadwords_int	132608256	mc_9772a6c4	0.0	0	0	0	0.0	0.0	0.0
2026-07-22	mock_app_id	googleadwords_int	140410898	mc_a2e93e84	40.253730049299975	7338	184	92	39.289780489699432	142.61310500000002	181.90288548969946	4.5189075712217832	0.43754054401413017
2026-07-22	mock_app_id	googleadwords_int	148918961	mc_993fe179	0.0	0	0	0	0.1114484154	28.8899054785	29.001353893900003
2026-07-22	mock_app_id	googleadwords_int	161332031	mc_12520749	0.0	0	0	0	0.0038586430999999997	0.0	0.0038586430999999997
2026-07-22	mock_app_id	googleadwords_int	161694703	mc_2c0c0430	0.0	0	0	10	0.6726892645000736	104.3798283797	105.05251764420008
2026-07-22	mock_app_id	googleadwords_int	170783281	mc_79db2905	0.0	0	0	0	0.0062701358000001924	0.0	0.0062701358000001924
2026-07-22	mock_app_id	googleadwords_int	180761354	mc_07fb7039	1.1895211778999994	2179	100	54	1.2923537154000002	0.0	1.2923537154000002	1.0864486815455805	0.0220281699611111
2026-07-22	mock_app_id	googleadwords_int	232552584	mc_a5da28b5	33.029586216550619	2499	83	41	17.231823641399973	0.0	17.231823641399973	0.52170873496336356	0.80559966381830783
2026-07-22	mock_app_id	googleadwords_int	243641668	mc_1e8723bd	14.338046826015999	33414	965	335	11.50884063039997	0.0	11.50884063039997	0.80267841011074736	0.042800139779152237
2026-07-22	mock_app_id	googleadwords_int	258346999	mc_8ba2a925	0.0	3	0	0	0.0	0.0	0.0
2026-07-22	mock_app_id	googleadwords_int	261307969	mc_b4ba1e63	0.0	0	0	0	0.0336997506	0.0	0.0336997506
2026-07-22	mock_app_id	googleadwords_int	262368493	mc_c13d8f45	0.0	0	0	0	0.21426743219999994	43.4089870957	43.6232545279
2026-07-22	mock_app_id	googleadwords_int	265069104	mc_b8b1eac5	0.0	0	0	0	0.0	0.0	0.0
2026-07-22	mock_app_id	googleadwords_int	280939212	mc_45884f7b	0.8655782572	935	23	5	0.2848809831	0.0	0.2848809831	0.32912215704394193	0.17311565144000002
2026-07-22	mock_app_id	googleadwords_int	295094164	mc_15f5ae79	0.0	0	0	0	0.0131542914	0.0	0.0131542914
2026-07-22	mock_app_id	googleadwords_int	324659865	mc_cb530cbb	0.0	0	0	0	0.0059822344	0.0	0.0059822344
2026-07-22	mock_app_id	googleadwords_int	351751429	mc_b7e37028	0.0	0	0	0	0.22609686759999997	27.2625772103	27.4886740779
2026-07-22	mock_app_id	googleadwords_int	369626124	mc_617ec63b	0.10394773389999999	91	3	1	0.0	0.0	0.0	0.0	0.10394773389999999
2026-07-22	mock_app_id	googleadwords_int	369804654	mc_92e554bf	0.54089893800000011	1809	31	10	1.3392510700000004	0.0	1.3392510700000004	2.4759728221170962	0.054089893800000011
2026-07-22	mock_app_id	googleadwords_int	414724209	mc_5dcabbd9	0.0	0	0	0	0.23670081120000003	38.204261	38.440961811200005
2026-07-22	mock_app_id	googleadwords_int	429833705	mc_a544a26e	0.0	0	0	0	0.014072773299999999	0.0	0.014072773299999999
2026-07-22	mock_app_id	googleadwords_int	432166127	mc_f8b84857	6.9468303032000005	5897	141	53	5.2445227316999912	0.0	5.2445227316999912	0.75495189932653817	0.13107226987169812
2026-07-22	mock_app_id	googleadwords_int	434877610	mc_0dfbbe6f	0.54773239060000012	1912	39	19	0.75802018209999977	0.0	0.75802018209999977	1.3839243307660607	0.028828020557894744
2026-07-22	mock_app_id	googleadwords_int	448176306	mc_d1c03fd5	0.0	0	0	0	0.0469801581	15.1547793735	15.2017595316
2026-07-22	mock_app_id	googleadwords_int	458610769	mc_e6a4a79e	0.0	0	0	0	0.2830465671	0.0	0.2830465671
2026-07-22	mock_app_id	googleadwords_int	464541057	mc_d8ff83e7	6.7474135893999989	3702	69	21	3.5079116781000006	0.0	3.5079116781000006	0.51988982617144341	0.32130540901904758
2026-07-22	mock_app_id	googleadwords_int	502057685	mc_befecb98	3.9203903259999984	11476	280	99	2.0576071016999986	0.0	2.0576071016999986	0.52484751022212361	0.039599902282828267
2026-07-22	mock_app_id	googleadwords_int	510225620	mc_10287894	0.0	0	0	3	0.16613312069999997	41.6504445797	41.8165777004
2026-07-22	mock_app_id	googleadwords_int	514288304	mc_c95b5395	0.0	0	0	0	3.9490900000000005e-05	0.0	3.9490900000000005e-05
2026-07-22	mock_app_id	googleadwords_int	516932962	mc_60e17b09	0.0	7	0	0	0.0	0.0	0.0
2026-07-22	mock_app_id	googleadwords_int	525989111	mc_c82cc8f4	2.1313927608000016	5674	271	105	0.88892232439999952	0.0	0.88892232439999952	0.41706171699032585	0.02029897867428573
2026-07-22	mock_app_id	googleadwords_int	529859974	mc_d2ea5396	5.1964688413999918	15624	484	136	3.8445168229000224	0.0	3.8445168229000224	0.73983255557523231	0.03820932971617641
2026-07-22	mock_app_id	googleadwords_int	532599141	mc_759b1811	0.0	0	0	0	2.5478e-06	0.0	2.5478e-06
2026-07-22	mock_app_id	googleadwords_int	542533692	mc_796ef0d2	0.0	0	0	0	0.00083695230000000007	0.0	0.00083695230000000007
2026-07-22	mock_app_id	googleadwords_int	557162896	mc_b0c8a1e0	0.0	0	0	0	0.0126141578	0.0	0.0126141578
2026-07-22	mock_app_id	googleadwords_int	571438578	mc_756e1c81	0.1579700906	639	21	8	0.11470832549999997	0.0	0.11470832549999997	0.72613951833740331	0.019746261325
2026-07-22	mock_app_id	googleadwords_int	574617314	mc_a3bfa925	0.0	0	0	0	0.0013044736000000002	0.0	0.0013044736000000002
2026-07-22	mock_app_id	googleadwords_int	585166272	mc_60587c25	0.79760557464817039	449	8	1	0.128944158	0.0	0.128944158	0.16166406316415002	0.79760557464817039
2026-07-22	mock_app_id	googleadwords_int	590094865	mc_23f341fc	0.0082159289	23	1	0	0.0	0.0	0.0	0.0
2026-07-22	mock_app_id	googleadwords_int	611748075	mc_628993e1	0.5138450404	460	9	1	0.89902307749999988	0.0	0.89902307749999988	1.7495996006892662	0.5138450404
2026-07-22	mock_app_id	googleadwords_int	611892113	mc_9bfd19ea	2.5418653532000004	4822	183	85	1.4774997935999989	0.0	1.4774997935999989	0.581265955625835	0.029904298272941183
2026-07-22	mock_app_id	googleadwords_int	612287821	mc_6b5afb99	0.0	0	0	0	0.017523768400000004	0.0	0.017523768400000004
2026-07-22	mock_app_id	googleadwords_int	654635500	mc_67ff1f36	3.0705238021000003	4105	205	88	1.7820510665999987	0.0	1.7820510665999987	0.58037363702610412	0.034892315932954547
2026-07-22	mock_app_id	googleadwords_int	660741874	mc_7e7497dd	0.23744010110000002	288	6	4	0.063895002299999948	0.0	0.063895002299999948	0.26909945710093003	0.059360025275000006
2026-07-22	mock_app_id	googleadwords_int	739276167	mc_1fbdf2e3	56.995969845226895	8691	186	80	56.019952502300022	0.0	56.019952502300022	0.982875677954472	0.71244962306533621
2026-07-22	mock_app_id	googleadwords_int	742036733	mc_e0586969	1.7418679694401438	50	4	2	1.2947677559	0.0	1.2947677559	0.74332141047185862	0.87093398472007189
2026-07-22	mock_app_id	googleadwords_int	788967442	mc_475f8981	0.0223328102	105	1	0	0.0020993872	0.0	0.0020993872	0.0940046138931499
2026-07-22	mock_app_id	googleadwords_int	792104306	mc_6fcee95d	15.199863109499999	14515	568	212	6.8040693286999776	48.8896271924	55.69369652109998	3.6640919802949483	0.0716974674976415
2026-07-22	mock_app_id	googleadwords_int	807898159	mc_ce3403c4	0.0	0	0	0	0.5123651278000001	0.0	0.5123651278000001
2026-07-22	mock_app_id	googleadwords_int	810543724	mc_c492b014	2.2434075165	457	11	7	3.536908189900001	0.0	3.536908189900001	1.5765785591277799	0.32048678807142855
2026-07-22	mock_app_id	googleadwords_int	822177103	mc_96cf8fb0	0.0	0	0	0	0.0039159686	0.0	0.0039159686
2026-07-22	mock_app_id	googleadwords_int	833789410	mc_970b80f7	0.0	0	0	0	0.99013877499999492	25.4919148097	26.482053584699994
2026-07-22	mock_app_id	googleadwords_int	834117318	mc_ae804aae	0.0	0	0	2	0.011401405	0.0	0.011401405
2026-07-22	mock_app_id	googleadwords_int	848321939	mc_c41abc99	0.0138231356	65	1	1	0.0435903102	0.0	0.0435903102	3.1534314255008828	0.0138231356
2026-07-22	mock_app_id	googleadwords_int	889798464	mc_2254e49d	0.0	0	0	0	0.0001222944	0.0	0.0001222944
2026-07-22	mock_app_id	googleadwords_int	900383572	mc_45368c6d	5.2487360471999969	15104	392	161	5.9347039170999949	0.0	5.9347039170999949	1.1306920111301721	0.03260084501366458
2026-07-22	mock_app_id	googleadwords_int	972671114	mc_9911559c	0.6788552633999998	1068	22	10	1.2500920829	0.0	1.2500920829	1.8414707085557529	0.067885526339999974
2026-07-22	mock_app_id	googleadwords_int	974591165	mc_674dbd59	1.4333748624000002	2203	120	49	0.71942738160000019	0.0	0.71942738160000019	0.50191153791787058	0.029252548212244902
2026-07-22	mock_app_id	googleadwords_int	989105150	mc_58ab9c06	0.0207591144	57	2	0	0.0	0.0	0.0	0.0
2026-07-22	mock_app_id	googleadwords_int	998337322	mc_fe944d1c	16.580058608399995	23209	853	385	21.519567217399992	166.85881694350002	188.3783841609	11.361744165696821	0.043065087294545439
2026-07-22	mock_app_id	other		Unattributed	0.0	0	0	1780	17.246265845700119	40.9385714251	58.184837270800116
2026-07-22	mock_app_id	unknown		Unattributed	0.0	0	0	15	0.084529634500000048	68.9105988322	68.9951284667
2026-07-23	mock_app_id	googleadwords_int		Unattributed	0.0	0	0	935	3.735938504199996	1.261161	4.9970995041999959
2026-07-23	mock_app_id	googleadwords_int	109075442	mc_df87094f	0.0	0	0	0	0.000840774	0.0	0.000840774
2026-07-23	mock_app_id	googleadwords_int	126634786	mc_fb57024c	0.0	0	0	0	0.0026624509999999997	0.0	0.0026624509999999997
2026-07-23	mock_app_id	googleadwords_int	132608256	mc_9772a6c4	0.0	0	0	0	4.71343e-05	0.0	4.71343e-05
2026-07-23	mock_app_id	googleadwords_int	140410898	mc_a2e93e84	40.560277691399975	7416	193	80	30.374598985400063	76.408522	106.78312098540007	2.6327019207770705	0.50700347114249966
2026-07-23	mock_app_id	googleadwords_int	148918961	mc_993fe179	0.0	0	0	0	0.0507075895	6.1610249911000006	6.2117325806000006
2026-07-23	mock_app_id	googleadwords_int	161332031	mc_12520749	0.0	0	0	0	0.0510923073	0.0	0.0510923073
2026-07-23	mock_app_id	googleadwords_int	161694703	mc_2c0c0430	0.0	0	0	24	0.673775901199996	55.431234904099995	56.10501080529999
2026-07-23	mock_app_id	googleadwords_int	170783281	mc_79db2905	0.0	0	0	0	0.0017057521000000007	0.0	0.0017057521000000007
2026-07-23	mock_app_id	googleadwords_int	180761354	mc_07fb7039	1.8106558180999996	2607	118	53	0.8434975981999997	0.0	0.8434975981999997	0.465851980132325	0.0341633173226415
2026-07-23	mock_app_id	googleadwords_int	199581943	mc_f81bdda1	0.0	0	0	1	0.0	0.0	0.0
2026-07-23	mock_app_id	googleadwords_int	232552584	mc_a5da28b5	15.290730014911089	2430	49	20	15.253484967200007	0.0	15.253484967200007	0.99756420735473317	0.76453650074555446
2026-07-23	mock_app_id	googleadwords_int	243641668	mc_1e8723bd	14.880627823629709	34192	961	326	11.772085695899994	40.232666492	52.004752187899996	3.494795569399229	0.045646097618496043
2026-07-23	mock_app_id	googleadwords_int	258346999	mc_8ba2a925	0.0	3	0	0	0.0	0.0	0.0
2026-07-23	mock_app_id	googleadwords_int	261307969	mc_b4ba1e63	0.0	0	0	0	0.0028726445	0.0	0.0028726445
2026-07-23	mock_app_id	googleadwords_int	262368493	mc_c13d8f45	0.0	0	0	0	0.088095280599999951	44.158469600000004	44.246564880600005
2026-07-23	mock_app_id	googleadwords_int	265069104	mc_b8b1eac5	0.0	0	0	0	0.015276608799999999	19.1492444176	19.1645210264
2026-07-23	mock_app_id	googleadwords_int	280939212	mc_45884f7b	0.98549729470000025	1051	23	6	0.16854079169999997	0.0	0.16854079169999997	0.17102105972934836	0.1642495491166667
2026-07-23	mock_app_id	googleadwords_int	351751429	mc_b7e37028	0.0	0	0	0	0.44710450469999996	0.0	0.44710450469999996
2026-07-23	mock_app_id	googleadwords_int	369626124	mc_617ec63b	0.0055339737	46	1	1	0.0192537246	0.0	0.0192537246	3.4791861406930793	0.0055339737
2026-07-23	mock_app_id	googleadwords_int	369804654	mc_92e554bf	0.5726519531	1973	34	8	0.2043361078	0.0	0.2043361078	0.35682425720168209	0.0715814941375
2026-07-23	mock_app_id	googleadwords_int	414724209	mc_5dcabbd9	0.0	0	0	0	0.56754283240000014	38.204261	38.7718038324
2026-07-23	mock_app_id	googleadwords_int	429833705	mc_a544a26e	0.0	0	0	0	0.0127975994	0.0	0.0127975994
2026-07-23	mock_app_id	googleadwords_int	432166127	mc_f8b84857	5.9476661033000005	5599	131	52	6.1706798792000024	0.0	6.1706798792000024	1.0374960147437102	0.11437819429423078
2026-07-23	mock_app_id	googleadwords_int	434877610	mc_0dfbbe6f	0.98573408140000007	2002	51	22	0.83231530399999976	0.0	0.83231530399999976	0.84436088769284967	0.044806094609090914
2026-07-23	mock_app_id	googleadwords_int	442262115	mc_1941c5ac	0.0	0	0	0	0.0069287421	0.0	0.0069287421
2026-07-23	mock_app_id	googleadwords_int	448176306	mc_d1c03fd5	0.0	0	0	0	0.5282391957	0.0	0.5282391957
2026-07-23	mock_app_id	googleadwords_int	464541057	mc_d8ff83e7	7.2268358649999991	3850	75	28	6.1599944060000071	0.0	6.1599944060000071	0.85237779314087248	0.25810128089285711
2026-07-23	mock_app_id	googleadwords_int	502057685	mc_befecb98	4.6305616475999987	10924	308	108	2.3271337681000026	0.0	2.3271337681000026	0.5025597206563801	0.0428755708111111
2026-07-23	mock_app_id	googleadwords_int	510225620	mc_10287894	0.0	0	0	2	0.11809052999999992	0.0	0.11809052999999992
2026-07-23	mock_app_id	googleadwords_int	513499437	mc_c9d56aa3	0.0	0	0	0	0.0013987422	0.0	0.0013987422
2026-07-23	mock_app_id	googleadwords_int	513913086	mc_2472b5d9	0.0	0	0	0	0.0	0.0	0.0
2026-07-23	mock_app_id	googleadwords_int	516932962	mc_60e17b09	0.0	3	0	0	0.0	0.0	0.0
2026-07-23	mock_app_id	googleadwords_int	525989111	mc_c82cc8f4	3.9998928845	9022	406	170	1.9031658351999965	0.0	1.9031658351999965	0.47580420030120346	0.023528781673529411
2026-07-23	mock_app_id	googleadwords_int	529859974	mc_d2ea5396	5.0238936494999908	14998	468	137	2.9991274832000165	19.1492444176	22.148371900800015	4.4086068388418926	0.036670756565693366
2026-07-23	mock_app_id	googleadwords_int	532599141	mc_759b1811	0.0	0	0	0	0.0086879979999999971	0.0	0.0086879979999999971
2026-07-23	mock_app_id	googleadwords_int	542533692	mc_796ef0d2	0.0	0	0	0	0.0037503616	0.0	0.0037503616
2026-07-23	mock_app_id	googleadwords_int	544153460	mc_21ff68ff	0.0	0	0	0	0.2317083971	0.0	0.2317083971
2026-07-23	mock_app_id	googleadwords_int	557162896	mc_b0c8a1e0	0.0	0	0	0	0.042871830599999994	0.0	0.042871830599999994
2026-07-23	mock_app_id	googleadwords_int	571438578	mc_756e1c81	0.16264072860000003	654	22	6	0.03154558570000001	0.0	0.03154558570000001	0.19395870869211049	0.027106788100000005
2026-07-23	mock_app_id	googleadwords_int	574617314	mc_a3bfa925	0.0	0	0	0	0.08197419110000001	0.0	0.08197419110000001
2026-07-23	mock_app_id	googleadwords_int	585166272	mc_60587c25	1.2296231614993267	402	12	9	3.0618211977999996	0.0	3.0618211977999996	2.4900484096823643	0.13662479572214742
2026-07-23	mock_app_id	googleadwords_int	590094865	mc_23f341fc	0.011696937499999999	21	2	1	0.020733996400000003	0.0	0.020733996400000003	1.7726004263936612	0.011696937499999999
2026-07-23	mock_app_id	googleadwords_int	611748075	mc_628993e1	0.2799982385	337	4	2	0.0	0.0	0.0	0.0	0.13999911925
2026-07-23	mock_app_id	googleadwords_int	611892113	mc_9bfd19ea	3.4530165063000009	5453	230	80	1.8145520773000008	0.0	1.8145520773000008	0.52549765516306257	0.043162706328750008
2026-07-23	mock_app_id	googleadwords_int	612287821	mc_6b5afb99	0.0	0	0	0	0.0047363602	0.0	0.0047363602
2026-07-23	mock_app_id	googleadwords_int	654635500	mc_67ff1f36	0.0	0	0	1	0.12315428250000002	0.0	0.12315428250000002
2026-07-23	mock_app_id	googleadwords_int	660741874	mc_7e7497dd	0.0796709944	279	4	1	0.0865220141	0.0	0.0865220141	1.0859913918684565	0.0796709944
2026-07-23	mock_app_id	googleadwords_int	693949602	mc_cc915a95	0.0	0	0	0	0.0163670672	0.0	0.0163670672
2026-07-23	mock_app_id	googleadwords_int	739276167	mc_1fbdf2e3	58.902093596878444	8266	181	85	52.837323545799954	38.204261	91.041584545799964	1.5456425907181128	0.69296580702209931
2026-07-23	mock_app_id	googleadwords_int	742036733	mc_e0586969	0.581316483185712	35	1	0	0.0003847178	0.0	0.0003847178	0.00066180438905100679
2026-07-23	mock_app_id	googleadwords_int	752330309	mc_b67b22e1	0.0	0	0	0	0.1906506001	0.0	0.1906506001
2026-07-23	mock_app_id	googleadwords_int	788967442	mc_475f8981	0.1987584305	130	5	3	0.10550821969999997	0.0	0.10550821969999997	0.530836450230472	0.066252810166666662
2026-07-23	mock_app_id	googleadwords_int	792104306	mc_6fcee95d	0.0	0	0	4	0.66656944890000047	103.79671721540001	104.46328666430001
2026-07-23	mock_app_id	googleadwords_int	807898159	mc_ce3403c4	0.0	0	0	0	0.69767044350000007	72.586822000000012	73.284492443500014
2026-07-23	mock_app_id	googleadwords_int	810543724	mc_c492b014	2.0249827707	447	16	5	2.5573631672999961	0.0	2.5573631672999961	1.2629061364388607	0.40499655413999996
2026-07-23	mock_app_id	googleadwords_int	821866242	mc_e6535e2b	0.0	0	0	0	0.0	0.0	0.0
2026-07-23	mock_app_id	googleadwords_int	833789410	mc_970b80f7	0.0	0	0	0	0.86633225570000116	60.3502570773	61.216589333
2026-07-23	mock_app_id	googleadwords_int	848321939	mc_c41abc99	0.0012970378	9	0	0	0.0	0.0	0.0	0.0
2026-07-23	mock_app_id	googleadwords_int	862006792	mc_67a7920a	0.0	0	0	0	8.2803500000000008e-05	0.0	8.2803500000000008e-05
2026-07-23	mock_app_id	googleadwords_int	889798464	mc_2254e49d	0.0	0	0	0	0.0	0.0	0.0
2026-07-23	mock_app_id	googleadwords_int	900383572	mc_45368c6d	6.4969127896	16004	433	163	6.1675855760999836	0.0	6.1675855760999836	0.94931019944931538	0.039858360672392637
2026-07-23	mock_app_id	googleadwords_int	972671114	mc_9911559c	0.91472085499999978	1021	26	9	0.508948528	0.0	0.508948528	0.55639764330069874	0.10163565055555553
2026-07-23	mock_app_id	googleadwords_int	974591165	mc_674dbd59	1.1927572628	1716	96	50	0.5942284896	0.0	0.5942284896	0.49819733497580843	0.023855145256
2026-07-23	mock_app_id	googleadwords_int	989105150	mc_58ab9c06	0.0	31	0	0	0.0003210228	0.0	0.0003210228
2026-07-23	mock_app_id	googleadwords_int	998337322	mc_fe944d1c	19.3286420055	23187	896	383	19.914776788000012	49.0271867361	68.9419635241	3.56682913908191	0.050466428212793735
2026-07-23	mock_app_id	other		Unattributed	0.0	0	0	2313	16.427613119200053	45.115367228400004	61.542980347600057
2026-07-23	mock_app_id	unknown		Unattributed	0.0	0	0	10	0.074134610500000017	284.93501302070007	285.00914763120005
2026-07-24	mock_app_id	googleadwords_int		Unattributed	0.0	0	0	1343	3.1193288655000062	69.117545161099983	72.236874026599992
2026-07-24	mock_app_id	googleadwords_int	109075442	mc_df87094f	0.0	0	0	0	0.1695446249	38.204261	38.3738056249
2026-07-24	mock_app_id	googleadwords_int	132608256	mc_9772a6c4	0.0	0	0	0	0.0	0.0	0.0
2026-07-24	mock_app_id	googleadwords_int	140410898	mc_a2e93e84	30.82808068260001	7841	186	82	27.987985552399909	44.561022	72.549007552399914	2.3533416919253112	0.37595220344634162
2026-07-24	mock_app_id	googleadwords_int	148918961	mc_993fe179	0.0	0	0	0	0.044038723000000016	0.0	0.044038723000000016
2026-07-24	mock_app_id	googleadwords_int	161332031	mc_12520749	0.0	0	0	0	0.006761861200000001	0.0	0.006761861200000001
2026-07-24	mock_app_id	googleadwords_int	161694703	mc_2c0c0430	0.0	0	0	16	0.82877386200000958	99.4327842282	100.26155809020001
2026-07-24	mock_app_id	googleadwords_int	180761354	mc_07fb7039	0.83705969959999982	1805	74	30	0.33131591199999966	0.0	0.33131591199999966	0.39580917843532953	0.02790198998666666
2026-07-24	mock_app_id	googleadwords_int	232552584	mc_a5da28b5	17.960837707227508	2468	53	19	6.9012245861	0.0	6.9012245861	0.38423734452669328	0.94530724774881625
2026-07-24	mock_app_id	googleadwords_int	243641668	mc_1e8723bd	12.766540592789083	31206	892	328	9.8650204527999836	0.0	9.8650204527999836	0.77272463758678978	0.038922379856064275
2026-07-24	mock_app_id	googleadwords_int	260632737	mc_a999e2ed	0.0	0	0	0	1.2739e-06	0.0	1.2739e-06
2026-07-24	mock_app_id	googleadwords_int	261307969	mc_b4ba1e63	0.0	0	0	0	0.5137052706	91.960851168200008	92.474556438800008
2026-07-24	mock_app_id	googleadwords_int	262368493	mc_c13d8f45	0.0	0	0	0	0.0525267187	41.2035209688	41.2560476875
2026-07-24	mock_app_id	googleadwords_int	280939212	mc_45884f7b	0.80981214139999991	1069	19	2	0.74688374830000015	0.0	0.74688374830000015	0.92229260357691178	0.40490607069999995
2026-07-24	mock_app_id	googleadwords_int	295094164	mc_15f5ae79	0.0	0	0	0	0.0097440611000000014	0.0	0.0097440611000000014
2026-07-24	mock_app_id	googleadwords_int	303460318	mc_483107f1	0.0	0	0	0	1.01912e-05	0.0	1.01912e-05
2026-07-24	mock_app_id	googleadwords_int	351751429	mc_b7e37028	0.0	0	0	1	0.5518751363	0.0	0.5518751363
2026-07-24	mock_app_id	googleadwords_int	369626124	mc_617ec63b	0.089468756099999991	79	4	1	0.0676772114	0.0	0.0676772114	0.75643402624662193	0.089468756099999991
2026-07-24	mock_app_id	googleadwords_int	369804654	mc_92e554bf	0.91831171309999993	1663	41	19	2.5851596653000013	0.0	2.5851596653000013	2.8151221730289411	0.048332195426315783
2026-07-24	mock_app_id	googleadwords_int	414724209	mc_5dcabbd9	0.0	0	0	0	3.8762152766	21.643561	25.5197762766
2026-07-24	mock_app_id	googleadwords_int	429833705	mc_a544a26e	0.0	0	0	0	0.0492349611	0.0	0.0492349611
2026-07-24	mock_app_id	googleadwords_int	432166127	mc_f8b84857	6.0437486129999991	4643	110	45	4.0444337716000005	44.9224694687	48.9669032403	8.1020747843437828	0.13430552473333332
2026-07-24	mock_app_id	googleadwords_int	434877610	mc_0dfbbe6f	0.8582883188999999	1881	51	18	0.60551014799999991	0.0	0.60551014799999991	0.70548571460932186	0.047682684383333326
2026-07-24	mock_app_id	googleadwords_int	448176306	mc_d1c03fd5	0.0	0	0	0	0.0	27.131579525499998	27.131579525499998
2026-07-24	mock_app_id	googleadwords_int	464541057	mc_d8ff83e7	5.6907972873	3019	67	23	2.9367624348000003	0.0	2.9367624348000003	0.51605465570771514	0.24742596901304345
2026-07-24	mock_app_id	googleadwords_int	502057685	mc_befecb98	2.4106131020999997	5429	145	38	1.102593571400005	0.0	1.102593571400005	0.45739134597728826	0.063437186897368408
2026-07-24	mock_app_id	googleadwords_int	510225620	mc_10287894	0.0	0	0	6	0.11509941280000004	0.0	0.11509941280000004
2026-07-24	mock_app_id	googleadwords_int	513913086	mc_2472b5d9	0.0	0	0	0	0.0	0.0	0.0
2026-07-24	mock_app_id	googleadwords_int	516932962	mc_60e17b09	0.013641680499999998	3	1	0	0.0	0.0	0.0	0.0
2026-07-24	mock_app_id	googleadwords_int	525989111	mc_c82cc8f4	6.3968944129999965	10392	476	233	2.6432189317000043	0.0	2.6432189317000043	0.413203464219819	0.027454482459227453
2026-07-24	mock_app_id	googleadwords_int	529859974	mc_d2ea5396	4.619151132499999	14049	479	139	3.1592490698000253	0.0	3.1592490698000253	0.68394581150891276	0.033231303111510783
2026-07-24	mock_app_id	googleadwords_int	532599141	mc_759b1811	0.0	0	0	0	0.0035261552	0.0	0.0035261552
2026-07-24	mock_app_id	googleadwords_int	542533692	mc_796ef0d2	0.0	0	0	0	0.00046752130000000014	0.0	0.00046752130000000014
2026-07-24	mock_app_id	googleadwords_int	571438578	mc_756e1c81	0.20639337760000015	663	30	17	0.17171789829999998	0.0	0.17171789829999998	0.8319932562603688	0.012140786917647068
2026-07-24	mock_app_id	googleadwords_int	574617314	mc_a3bfa925	0.0	0	0	0	0.026611771	0.0	0.026611771
2026-07-24	mock_app_id	googleadwords_int	585166272	mc_60587c25	0.64960699316701509	380	13	5	1.4632919868999998	0.0	1.4632919868999998	2.2525804098352507	0.12992139863340302
2026-07-24	mock_app_id	googleadwords_int	590094865	mc_23f341fc	0.040318835	33	3	0	0.0	0.0	0.0	0.0
2026-07-24	mock_app_id	googleadwords_int	611748075	mc_628993e1	0.23777860029999998	318	10	2	0.3282598259	0.0	0.3282598259	1.3805272025566719	0.11888930014999999
2026-07-24	mock_app_id	googleadwords_int	611892113	mc_9bfd19ea	2.7252472948000013	4752	201	116	1.2708349965999999	0.0	1.2708349965999999	0.466319147999838	0.023493511162068978
2026-07-24	mock_app_id	googleadwords_int	612287821	mc_6b5afb99	0.0	0	0	0	0.0139963393	0.0	0.0139963393
2026-07-24	mock_app_id	googleadwords_int	614391176	mc_c7abcb25	0.0	0	0	0	0.0004038263	0.0	0.0004038263
2026-07-24	mock_app_id	googleadwords_int	654635500	mc_67ff1f36	0.0	0	0	1	0.0176396933	38.204261	38.2219006933
2026-07-24	mock_app_id	googleadwords_int	660741874	mc_7e7497dd	0.1792776388	397	7	1	0.0	0.0	0.0	0.0	0.1792776388
2026-07-24	mock_app_id	googleadwords_int	739276167	mc_1fbdf2e3	57.185076922071367	7151	182	94	69.93321313990009	0.0	69.93321313990009	1.2229276745609903	0.60835188214969538
2026-07-24	mock_app_id	googleadwords_int	742036733	mc_e0586969	2.0363850245302846	854	19	10	3.6581911132999996	0.0	3.6581911132999996	1.7964142680453088	0.20363850245302845
2026-07-24	mock_app_id	googleadwords_int	752330309	mc_b67b22e1	0.0	0	0	0	0.0	0.0	0.0
2026-07-24	mock_app_id	googleadwords_int	788967442	mc_475f8981	0.0626801247	140	2	1	0.0344398865	0.0	0.0344398865	0.54945465831212681	0.0626801247
2026-07-24	mock_app_id	googleadwords_int	792104306	mc_6fcee95d	0.0	0	0	2	0.40563141629999938	50.9354468974	51.341078313699995
2026-07-24	mock_app_id	googleadwords_int	807898159	mc_ce3403c4	0.0	0	0	0	0.291774056	21.643561	21.935335056
2026-07-24	mock_app_id	googleadwords_int	810543724	mc_c492b014	0.8939983571	365	7	1	0.5235461481	0.0	0.5235461481	0.585623165794518	0.8939983571
2026-07-24	mock_app_id	googleadwords_int	822177103	mc_96cf8fb0	0.0	0	0	0	0.013002697300000005	0.0	0.013002697300000005
2026-07-24	mock_app_id	googleadwords_int	833789410	mc_970b80f7	0.0	0	0	0	0.78224976010000957	55.4710735788	56.25332333890001
2026-07-24	mock_app_id	googleadwords_int	848321939	mc_c41abc99	0.001082221	3	0	0	0.0	0.0	0.0	0.0
2026-07-24	mock_app_id	googleadwords_int	900383572	mc_45368c6d	5.6933034833000056	15044	441	188	6.0456733460999939	0.0	6.0456733460999939	1.0618919865827605	0.030283529166489392
2026-07-24	mock_app_id	googleadwords_int	914138760	mc_0365d47f	0.0	0	0	0	0.00058599400000000005	0.0	0.00058599400000000005
2026-07-24	mock_app_id	googleadwords_int	972671114	mc_9911559c	0.638681267	1139	23	8	0.5381768896000001	0.0	0.5381768896000001	0.84263766201866708	0.079835158375
2026-07-24	mock_app_id	googleadwords_int	974591165	mc_674dbd59	1.2714542583000006	2423	111	70	0.8527766858000001	38.204261	39.057037685800005	30.718397795939008	0.018163632261428579
2026-07-24	mock_app_id	googleadwords_int	989105150	mc_58ab9c06	0.0	80	0	0	0.0	0.0	0.0
2026-07-24	mock_app_id	googleadwords_int	998337322	mc_fe944d1c	15.719026493099983	22548	797	384	17.543048876500173	87.6952951085	105.23834398500017	6.694965749386296	0.040934964825781205
2026-07-24	mock_app_id	other		Unattributed	0.0	0	0	1343	15.276161661100019	38.204261	53.480422661100022
2026-07-24	mock_app_id	unknown		Unattributed	0.0	0	0	15	0.55108022270000045	25.431097549799993	25.982177772499995
2026-07-25	mock_app_id	googleadwords_int		Unattributed	0.0	0	0	856	2.8399027222000042	0.0	2.8399027222000042
2026-07-25	mock_app_id	googleadwords_int	109075442	mc_df87094f	0.0	0	0	0	0.026204123000000003	0.0	0.026204123000000003
2026-07-25	mock_app_id	googleadwords_int	126634786	mc_fb57024c	0.0	0	0	0	0.1342512254	0.0	0.1342512254
2026-07-25	mock_app_id	googleadwords_int	140410898	mc_a2e93e84	41.2097038669	7582	204	81	29.912653545699975	120.96954400000001	150.8821975457	3.6613269057458555	0.50876177613456786
2026-07-25	mock_app_id	googleadwords_int	148918961	mc_993fe179	0.0	0	0	0	0.089886384000000041	69.9223467729	70.0122331569
2026-07-25	mock_app_id	googleadwords_int	161332031	mc_12520749	0.0	0	0	0	0.031023286700000006	0.0	0.031023286700000006
2026-07-25	mock_app_id	googleadwords_int	161694703	mc_2c0c0430	0.0	0	0	12	0.57985125419998063	58.5810571139	59.160908368099982
2026-07-25	mock_app_id	googleadwords_int	180761354	mc_07fb7039	0.27838141660000004	789	32	13	0.15346418520000008	0.0	0.15346418520000008	0.55127309528893331	0.021413955123076926
2026-07-25	mock_app_id	googleadwords_int	199581943	mc_f81bdda1	0.0	0	0	0	0.0014840935	0.0	0.0014840935
2026-07-25	mock_app_id	googleadwords_int	232552584	mc_a5da28b5	16.924587357537611	2998	62	21	12.272208644699997	0.0	12.272208644699997	0.72511124705409091	0.80593273131131482
2026-07-25	mock_app_id	googleadwords_int	243641668	mc_1e8723bd	13.88726660601197	33071	971	360	11.47612433060003	0.0	11.47612433060003	0.82637747630133873	0.038575740572255469
2026-07-25	mock_app_id	googleadwords_int	258346999	mc_8ba2a925	0.0	2	0	0	0.0	0.0	0.0
2026-07-25	mock_app_id	googleadwords_int	261307969	mc_b4ba1e63	0.0	0	0	0	0.0036357106	0.0	0.0036357106
2026-07-25	mock_app_id	googleadwords_int	262368493	mc_c13d8f45	0.0	0	0	0	0.028224528400000008	0.0	0.028224528400000008
2026-07-25	mock_app_id	googleadwords_int	265069104	mc_b8b1eac5	0.0	0	0	0	0.028281853900000008	0.0	0.028281853900000008
2026-07-25	mock_app_id	googleadwords_int	280939212	mc_45884f7b	1.4730826087000002	1064	24	6	0.6161765127	0.0	0.6161765127	0.41829053514098408	0.2455137681166667
2026-07-25	mock_app_id	googleadwords_int	324659865	mc_cb530cbb	0.0	0	0	0	0.0111937593	0.0	0.0111937593
2026-07-25	mock_app_id	googleadwords_int	351751429	mc_b7e37028	0.0	0	0	0	0.2853956387	0.0	0.2853956387
2026-07-25	mock_app_id	googleadwords_int	369626124	mc_617ec63b	4.8822e-05	60	0	0	0.0	0.0	0.0	0.0
2026-07-25	mock_app_id	googleadwords_int	369804654	mc_92e554bf	0.8744850174000004	1897	45	17	0.89739885499999994	0.0	0.89739885499999994	1.0262026645900995	0.051440295141176491
2026-07-25	mock_app_id	googleadwords_int	373680283	mc_541ebe5c	0.0	0	0	0	0.0	0.0	0.0
2026-07-25	mock_app_id	googleadwords_int	414724209	mc_5dcabbd9	0.0	0	0	0	0.0010598848	76.408522	76.4095818848
2026-07-25	mock_app_id	googleadwords_int	429833705	mc_a544a26e	0.0	0	0	0	0.0002777102	0.0	0.0002777102
2026-07-25	mock_app_id	googleadwords_int	432166127	mc_f8b84857	5.8291506982999985	4952	132	41	5.2488259659000045	0.0	5.2488259659000045	0.900444376473362	0.14217440727560973
2026-07-25	mock_app_id	googleadwords_int	434877610	mc_0dfbbe6f	1.2290661841999997	2137	63	26	0.63526335639999854	0.0	0.63526335639999854	0.51686667859427926	0.0472717763153846
2026-07-25	mock_app_id	googleadwords_int	444817371	mc_3016a669	0.0	0	0	0	3.8217e-06	0.0	3.8217e-06
2026-07-25	mock_app_id	googleadwords_int	448176306	mc_d1c03fd5	0.0	0	0	0	0.0773142649	27.1403031927	27.2176174576
2026-07-25	mock_app_id	googleadwords_int	464541057	mc_d8ff83e7	6.4898742846000008	3705	72	16	3.1892825361999995	0.0	3.1892825361999995	0.49142439380804875	0.40561714278750005
2026-07-25	mock_app_id	googleadwords_int	502057685	mc_befecb98	0.0	0	0	0	0.033903574599999993	0.0	0.033903574599999993
2026-07-25	mock_app_id	googleadwords_int	510225620	mc_10287894	0.0	0	0	1	0.061399432200000041	41.5851559308	41.646555363
2026-07-25	mock_app_id	googleadwords_int	513913086	mc_2472b5d9	0.0	0	0	0	0.0	0.0	0.0
2026-07-25	mock_app_id	googleadwords_int	516932962	mc_60e17b09	0.0	4	0	0	0.0	0.0	0.0
2026-07-25	mock_app_id	googleadwords_int	525989111	mc_c82cc8f4	7.7343503194	11903	589	276	2.8060411863000074	0.0	2.8060411863000074	0.36280244240574933	0.028023008403623189
2026-07-25	mock_app_id	googleadwords_int	529859974	mc_d2ea5396	5.7632556449	17637	533	153	3.4509963739000127	0.0	3.4509963739000127	0.59879286752685634	0.037668337548366015
2026-07-25	mock_app_id	googleadwords_int	542533692	mc_796ef0d2	0.0	0	0	0	0.0028700967	0.0	0.0028700967
2026-07-25	mock_app_id	googleadwords_int	571438578	mc_756e1c81	0.13888963930000009	683	24	9	0.046311360600000011	0.0	0.046311360600000011	0.33343999475704578	0.015432182144444454
2026-07-25	mock_app_id	googleadwords_int	574617314	mc_a3bfa925	0.0	0	0	0	0.015888080800000003	0.0	0.015888080800000003
2026-07-25	mock_app_id	googleadwords_int	585166272	mc_60587c25	0.94953482267436229	463	13	2	0.8125036112	0.0	0.8125036112	0.85568595463575081	0.47476741133718114
2026-07-25	mock_app_id	googleadwords_int	590094865	mc_23f341fc	0.00042881989999999997	30	0	0	0.0	0.0	0.0	0.0
2026-07-25	mock_app_id	googleadwords_int	611748075	mc_628993e1	0.2640725021	239	4	3	0.1639827775	0.0	0.1639827775	0.62097634625320575	0.08802416736666667
2026-07-25	mock_app_id	googleadwords_int	611892113	mc_9bfd19ea	2.8223786637999995	4745	182	75	1.4362419943000009	0.0	1.4362419943000009	0.50887643558298112	0.037631715517333325
2026-07-25	mock_app_id	googleadwords_int	612287821	mc_6b5afb99	0.0	0	0	0	0.015693174100000002	0.0	0.015693174100000002
2026-07-25	mock_app_id	googleadwords_int	654635500	mc_67ff1f36	0.0	0	0	0	0.041546974599999995	0.0	0.041546974599999995
2026-07-25	mock_app_id	googleadwords_int	660741874	mc_7e7497dd	0.11698727639999998	321	6	1	0.020219340800000003	0.0	0.020219340800000003	0.1728336740729525	0.11698727639999998
2026-07-25	mock_app_id	googleadwords_int	739276167	mc_1fbdf2e3	54.6101248884943	8452	179	73	61.352853320399973	38.204261	99.557114320399975	1.8230523098725868	0.74808390258211366
2026-07-25	mock_app_id	googleadwords_int	742036733	mc_e0586969	5.09727293871906	2191	54	23	10.225408036699998	0.0	10.225408036699998	2.00605464130191	0.22162056255300261
2026-07-25	mock_app_id	googleadwords_int	752330309	mc_b67b22e1	0.0	0	0	0	0.0	0.0	0.0
2026-07-25	mock_app_id	googleadwords_int	770142071	mc_13d78e8d	0.0	0	0	0	0.0043108776	0.0	0.0043108776
2026-07-25	mock_app_id	googleadwords_int	788967442	mc_475f8981	0.0019048716999999998	138	0	0	0.0011617968000000002	0.0	0.0011617968000000002	0.60990816336869313
2026-07-25	mock_app_id	googleadwords_int	792104306	mc_6fcee95d	0.0	0	0	6	0.28070131720000013	-11.740782151200001	-11.460080834000001
2026-07-25	mock_app_id	googleadwords_int	807898159	mc_ce3403c4	0.0	0	0	0	0.0	0.0	0.0
2026-07-25	mock_app_id	googleadwords_int	810543724	mc_c492b014	1.0934655203	493	10	3	1.5014987956999999	0.0	1.5014987956999999	1.3731560509453036	0.36448850676666672
2026-07-25	mock_app_id	googleadwords_int	821866242	mc_e6535e2b	0.0	0	0	0	0.0	0.0	0.0
2026-07-25	mock_app_id	googleadwords_int	833789410	mc_970b80f7	0.0	0	0	0	0.89252363970000659	31.502201761600002	32.394725401300008
2026-07-25	mock_app_id	googleadwords_int	848321939	mc_c41abc99	0.0003995267	3	0	0	0.0	0.0	0.0	0.0
2026-07-25	mock_app_id	googleadwords_int	900383572	mc_45368c6d	6.0901433459000041	15729	443	185	6.5183985276000334	0.0	6.5183985276000334	1.0703193927263368	0.032919693761621641
2026-07-25	mock_app_id	googleadwords_int	941990559	mc_7be9c95b	0.0	0	0	0	0.0056714027999999984	0.0	0.0056714027999999984
2026-07-25	mock_app_id	googleadwords_int	972671114	mc_9911559c	0.87339059089999993	1057	34	9	1.0965973241	0.0	1.0965973241	1.2555634735771459	0.097043398988888876
2026-07-25	mock_app_id	googleadwords_int	974591165	mc_674dbd59	3.5978241856999982	4041	220	119	1.5647466567999986	0.0	1.5647466567999986	0.43491470845609403	0.030233816686554605
2026-07-25	mock_app_id	googleadwords_int	989105150	mc_58ab9c06	0.0	55	0	1	0.0105771917	0.0	0.0105771917		0.0
2026-07-25	mock_app_id	googleadwords_int	998337322	mc_fe944d1c	18.724637377699992	24840	931	388	19.417345589900137	143.401508971	162.81885456090015	8.6954343241278682	0.048259374684793792
2026-07-25	mock_app_id	other		Unattributed	0.0	0	0	2580	18.393500694800021	0.0	18.393500694800021
2026-07-25	mock_app_id	unknown		Unattributed	0.0	0	0	14	0.3102698101	184.92856996619997	185.23883977629998
2026-07-26	mock_app_id	googleadwords_int		Unattributed	0.0	0	0	2014	1.5572739594000025	50.854512208700008	52.411786168100008
2026-07-26	mock_app_id	googleadwords_int	109075442	mc_df87094f	0.0	0	0	0	0.5276213542	38.204261	38.7318823542
2026-07-26	mock_app_id	googleadwords_int	132608256	mc_9772a6c4	0.0	0	0	0	0.0	0.0	0.0
2026-07-26	mock_app_id	googleadwords_int	140410898	mc_a2e93e84	36.781556603899972	7736	186	73	21.884777786700045	0.0	21.884777786700045	0.59499324681597587	0.50385693977945167
2026-07-26	mock_app_id	googleadwords_int	148918961	mc_993fe179	0.0	0	0	0	0.0633281168	-34.9521764677	-34.8888483509
2026-07-26	mock_app_id	googleadwords_int	161332031	mc_12520749	0.0	0	0	0	0.004624257	0.0	0.004624257
2026-07-26	mock_app_id	googleadwords_int	161694703	mc_2c0c0430	0.0	0	0	14	0.675696942400032	35.857555032299992	36.533251974700022
2026-07-26	mock_app_id	googleadwords_int	180761354	mc_07fb7039	1.5482928996999978	2291	124	69	0.73729637689999894	0.0	0.73729637689999894	0.4761995466380165	0.022439027531884027
2026-07-26	mock_app_id	googleadwords_int	199581943	mc_f81bdda1	0.0	0	0	0	0.043251452799999993	0.0	0.043251452799999993
2026-07-26	mock_app_id	googleadwords_int	232552584	mc_a5da28b5	23.80311167574229	2471	73	32	14.605598535700008	0.0	14.605598535700008	0.61360038698572961	0.74384723986694656
2026-07-26	mock_app_id	googleadwords_int	243641668	mc_1e8723bd	11.998903629222662	30206	879	315	8.1623639297999873	0.0	8.1623639297999873	0.68025914550401123	0.038091757553087816
2026-07-26	mock_app_id	googleadwords_int	258346999	mc_8ba2a925	0.0	3	0	0	0.0	0.0	0.0
2026-07-26	mock_app_id	googleadwords_int	261307969	mc_b4ba1e63	0.0	0	0	0	0.49837388409999994	84.864456184799991	85.3628300689
2026-07-26	mock_app_id	googleadwords_int	262368493	mc_c13d8f45	0.0	0	0	0	0.003984759200000001	0.2518614951	0.2558462543
2026-07-26	mock_app_id	googleadwords_int	265069104	mc_b8b1eac5	0.0	0	0	0	0.028139177100000003	0.0	0.028139177100000003
2026-07-26	mock_app_id	googleadwords_int	280939212	mc_45884f7b	0.526594092	1065	16	6	1.0797894874999996	0.0	1.0797894874999996	2.0505157651863661	0.087765682
2026-07-26	mock_app_id	googleadwords_int	292908581	mc_f42ebe24	0.0	0	0	0	0.0549076378	0.0	0.0549076378
2026-07-26	mock_app_id	googleadwords_int	324659865	mc_cb530cbb	0.0	0	0	0	0.0	0.0	0.0
2026-07-26	mock_app_id	googleadwords_int	351751429	mc_b7e37028	0.0	0	0	0	0.2835867007	0.0	0.2835867007
2026-07-26	mock_app_id	googleadwords_int	369626124	mc_617ec63b	0.040710224700000006	40	2	0	0.0	0.0	0.0	0.0
2026-07-26	mock_app_id	googleadwords_int	369804654	mc_92e554bf	0.86224778309999994	2006	39	17	1.3019805777000002	0.0	1.3019805777000002	1.5099842565196853	0.050720457829411758
2026-07-26	mock_app_id	googleadwords_int	373680283	mc_541ebe5c	0.0	0	0	0	0.0028229624	0.0	0.0028229624
2026-07-26	mock_app_id	googleadwords_int	401002100	mc_d1e62852	0.0	0	0	0	0.0167887281	0.0	0.0167887281
2026-07-26	mock_app_id	googleadwords_int	414724209	mc_5dcabbd9	0.0	0	0	0	0.7817198177	21.643561	22.4252808177
2026-07-26	mock_app_id	googleadwords_int	429833705	mc_a544a26e	0.0	0	0	0	0.0137874197	0.0	0.0137874197
2026-07-26	mock_app_id	googleadwords_int	432166127	mc_f8b84857	5.7283031613999995	5069	130	49	4.0748201083000017	0.0	4.0748201083000017	0.71134854310052165	0.1169041461510204
2026-07-26	mock_app_id	googleadwords_int	434877610	mc_0dfbbe6f	0.97261479629999981	2008	52	21	0.5671823187	0.0	0.5671823187	0.58315205655688429	0.04631499029999999
2026-07-26	mock_app_id	googleadwords_int	444817371	mc_3016a669	0.0	0	0	0	1.2739e-06	0.0	1.2739e-06
2026-07-26	mock_app_id	googleadwords_int	448176306	mc_d1c03fd5	0.0	0	0	0	0.00036815709999999996	0.0	0.00036815709999999996
2026-07-26	mock_app_id	googleadwords_int	458610769	mc_e6a4a79e	0.0	0	0	0	0.0743460779	0.0	0.0743460779
2026-07-26	mock_app_id	googleadwords_int	464541057	mc_d8ff83e7	6.7450880348	3720	91	29	6.8351550365000033	0.0	6.8351550365000033	1.0133529764526896	0.23258924257931035
2026-07-26	mock_app_id	googleadwords_int	502057685	mc_befecb98	0.0	0	0	0	0.07376135780000001	0.0	0.07376135780000001
2026-07-26	mock_app_id	googleadwords_int	510225620	mc_10287894	0.0	0	0	1	0.074729521800000032	22.433582824000002	22.5083123458
2026-07-26	mock_app_id	googleadwords_int	513913086	mc_2472b5d9	0.0	0	0	0	0.0	0.0	0.0
2026-07-26	mock_app_id	googleadwords_int	516932962	mc_60e17b09	0.0	2	0	0	0.0	0.0	0.0
2026-07-26	mock_app_id	googleadwords_int	525989111	mc_c82cc8f4	10.498874099500002	13081	652	305	4.5590919193999886	0.0	4.5590919193999886	0.43424579399586388	0.034422538031147545
2026-07-26	mock_app_id	googleadwords_int	529859974	mc_d2ea5396	6.4649408891999984	17182	543	186	4.1069249360999986	0.0	4.1069249360999986	0.63526101885336939	0.034757746716129023
2026-07-26	mock_app_id	googleadwords_int	532599141	mc_759b1811	0.0	0	0	0	0.0061261851	0.0	0.0061261851
2026-07-26	mock_app_id	googleadwords_int	542533692	mc_796ef0d2	0.0	0	0	0	0.0026509859	0.0	0.0026509859
2026-07-26	mock_app_id	googleadwords_int	544153460	mc_21ff68ff	0.0	0	0	0	0.077369042600000007	0.0	0.077369042600000007
2026-07-26	mock_app_id	googleadwords_int	557162896	mc_b0c8a1e0	0.0	0	0	0	0.0127084264	61.621107360699995	61.6338157871
2026-07-26	mock_app_id	googleadwords_int	571438578	mc_756e1c81	0.18723887960000024	1065	52	19	0.28850905029999996	0.0	0.28850905029999996	1.5408608026086457	0.0098546778736842231
2026-07-26	mock_app_id	googleadwords_int	574617314	mc_a3bfa925	0.0	0	0	0	0.007738942500000001	0.0	0.007738942500000001
2026-07-26	mock_app_id	googleadwords_int	585166272	mc_60587c25	0.7919878636405141	493	6	3	0.21845219370000002	0.0	0.21845219370000002	0.27582770359111991	0.26399595454683805
2026-07-26	mock_app_id	googleadwords_int	590094865	mc_23f341fc	0.032596822	29	3	1	0.0056064339000000008	0.0	0.0056064339000000008	0.1719932667055703	0.032596822
2026-07-26	mock_app_id	googleadwords_int	611748075	mc_628993e1	0.6030973523	339	7	2	0.39042487200000003	0.0	0.39042487200000003	0.64736625108874657	0.30154867615
2026-07-26	mock_app_id	googleadwords_int	611892113	mc_9bfd19ea	3.2099154943000014	5309	219	97	1.8837414080000012	0.0	1.8837414080000012	0.58685077888967785	0.033091912312371151
2026-07-26	mock_app_id	googleadwords_int	612287821	mc_6b5afb99	0.0	0	0	0	0.0051108868	0.0	0.0051108868
2026-07-26	mock_app_id	googleadwords_int	614391176	mc_c7abcb25	0.0	0	0	0	0.0094128471	0.0	0.0094128471
2026-07-26	mock_app_id	googleadwords_int	654635500	mc_67ff1f36	0.0	0	0	0	0.0209110685	0.0	0.0209110685
2026-07-26	mock_app_id	googleadwords_int	660741874	mc_7e7497dd	0.025732448800000002	257	2	0	0.0	0.0	0.0	0.0
2026-07-26	mock_app_id	googleadwords_int	693949602	mc_cc915a95	0.0	0	0	0	0.0012942824	0.0	0.0012942824
2026-07-26	mock_app_id	googleadwords_int	739276167	mc_1fbdf2e3	59.083720262717868	7834	186	83	49.020305128299945	59.847822	108.86812712829995	1.8426078561778767	0.71185205135804663
2026-07-26	mock_app_id	googleadwords_int	742036733	mc_e0586969	9.6348440731826877	2560	76	37	25.28954432959998	0.0	25.28954432959998	2.62480058187865	0.26040119116709964
2026-07-26	mock_app_id	googleadwords_int	752330309	mc_b67b22e1	0.0	0	0	0	0.0	0.0	0.0
2026-07-26	mock_app_id	googleadwords_int	788967442	mc_475f8981	0.0620820552	129	1	0	0.0	0.0	0.0	0.0
2026-07-26	mock_app_id	googleadwords_int	792104306	mc_6fcee95d	0.0	0	0	3	0.31354628089999981	8.6745558071999991	8.9881020881
2026-07-26	mock_app_id	googleadwords_int	807692205	mc_e4bf86e4	0.0	0	0	0	0.0021439737	0.0	0.0021439737
2026-07-26	mock_app_id	googleadwords_int	807898159	mc_ce3403c4	0.0	0	0	0	0.3317082732	0.0	0.3317082732
2026-07-26	mock_app_id	googleadwords_int	810543724	mc_c492b014	1.4176639428	439	10	2	0.42811829909999993	0.0	0.42811829909999993	0.30198856454967171	0.7088319714
2026-07-26	mock_app_id	googleadwords_int	822177103	mc_96cf8fb0	0.0	0	0	0	0.0040560976	0.0	0.0040560976
2026-07-26	mock_app_id	googleadwords_int	833789410	mc_970b80f7	0.0	0	0	0	1.0005299772999934	45.1751296991	46.175659676399988
2026-07-26	mock_app_id	googleadwords_int	848321939	mc_c41abc99	4.8822e-05	5	0	0	0.0	0.0	0.0	0.0
2026-07-26	mock_app_id	googleadwords_int	900383572	mc_45368c6d	6.7525073514000109	16783	485	248	6.3698465007999969	0.0	6.3698465007999969	0.943330554016994	0.027227852223387142
2026-07-26	mock_app_id	googleadwords_int	972671114	mc_9911559c	0.43514234900000004	1085	23	12	0.554988547899999	0.0	0.554988547899999	1.2754183755624275	0.036261862416666672
2026-07-26	mock_app_id	googleadwords_int	974591165	mc_674dbd59	1.8900761929	2438	142	69	0.64734884570000018	0.0	0.64734884570000018	0.34249880937696675	0.027392408592753624
2026-07-26	mock_app_id	googleadwords_int	989105150	mc_58ab9c06	0.0411675241	61	4	0	0.0	0.0	0.0	0.0
2026-07-26	mock_app_id	googleadwords_int	998337322	mc_fe944d1c	22.489127665900007	25868	1007	468	17.46281228500003	-34.9432795501	-17.480467265099971	-0.777285252002255	0.048053691593803433
2026-07-26	mock_app_id	other		Unattributed	0.0	0	0	1499	15.847760591100014	0.0	15.847760591100014
2026-07-26	mock_app_id	unknown		Unattributed	0.0	0	0	10	0.036233537700000013	42.555035874100007	42.591269411800006